week_ending,age_band,observed_deaths,edition_year,is_final,source_filename
2010-01-08,1-14,24,2010,False,2010_publishedweek2010.xls
2010-01-15,1-14,29,2010,False,2010_publishedweek2010.xls
2010-01-22,1-14,18,2010,False,2010_publishedweek2010.xls
2010-01-29,1-14,21,2010,False,2010_publishedweek2010.xls
2010-02-05,1-14,18,2010,False,2010_publishedweek2010.xls
2010-02-12,1-14,28,2010,False,2010_publishedweek2010.xls
2010-02-19,1-14,17,2010,False,2010_publishedweek2010.xls
2010-02-26,1-14,27,2010,False,2010_publishedweek2010.xls
2010-03-05,1-14,31,2010,False,2010_publishedweek2010.xls
2010-03-12,1-14,28,2010,False,2010_publishedweek2010.xls
2010-03-19,1-14,24,2010,False,2010_publishedweek2010.xls
2010-03-26,1-14,32,2010,False,2010_publishedweek2010.xls
2010-04-02,1-14,16,2010,False,2010_publishedweek2010.xls
2010-04-09,1-14,19,2010,False,2010_publishedweek2010.xls
2010-04-16,1-14,21,2010,False,2010_publishedweek2010.xls
2010-04-23,1-14,31,2010,False,2010_publishedweek2010.xls
2010-04-30,1-14,19,2010,False,2010_publishedweek2010.xls
2010-05-07,1-14,13,2010,False,2010_publishedweek2010.xls
2010-05-14,1-14,25,2010,False,2010_publishedweek2010.xls
2010-05-21,1-14,22,2010,False,2010_publishedweek2010.xls
2010-05-28,1-14,26,2010,False,2010_publishedweek2010.xls
2010-06-04,1-14,20,2010,False,2010_publishedweek2010.xls
2010-06-11,1-14,14,2010,False,2010_publishedweek2010.xls
2010-06-18,1-14,18,2010,False,2010_publishedweek2010.xls
2010-06-25,1-14,15,2010,False,2010_publishedweek2010.xls
2010-07-02,1-14,22,2010,False,2010_publishedweek2010.xls
2010-07-09,1-14,20,2010,False,2010_publishedweek2010.xls
2010-07-16,1-14,26,2010,False,2010_publishedweek2010.xls
2010-07-23,1-14,19,2010,False,2010_publishedweek2010.xls
2010-07-30,1-14,15,2010,False,2010_publishedweek2010.xls
2010-08-06,1-14,17,2010,False,2010_publishedweek2010.xls
2010-08-13,1-14,20,2010,False,2010_publishedweek2010.xls
2010-08-20,1-14,20,2010,False,2010_publishedweek2010.xls
2010-08-27,1-14,13,2010,False,2010_publishedweek2010.xls
2010-09-03,1-14,13,2010,False,2010_publishedweek2010.xls
2010-09-10,1-14,22,2010,False,2010_publishedweek2010.xls
2010-09-17,1-14,21,2010,False,2010_publishedweek2010.xls
2010-09-24,1-14,19,2010,False,2010_publishedweek2010.xls
2010-10-01,1-14,23,2010,False,2010_publishedweek2010.xls
2010-10-08,1-14,24,2010,False,2010_publishedweek2010.xls
2010-10-15,1-14,28,2010,False,2010_publishedweek2010.xls
2010-10-22,1-14,22,2010,False,2010_publishedweek2010.xls
2010-10-29,1-14,23,2010,False,2010_publishedweek2010.xls
2010-11-05,1-14,21,2010,False,2010_publishedweek2010.xls
2010-11-12,1-14,16,2010,False,2010_publishedweek2010.xls
2010-11-19,1-14,11,2010,False,2010_publishedweek2010.xls
2010-11-26,1-14,23,2010,False,2010_publishedweek2010.xls
2010-12-03,1-14,19,2010,False,2010_publishedweek2010.xls
2010-12-10,1-14,29,2010,False,2010_publishedweek2010.xls
2010-12-17,1-14,23,2010,False,2010_publishedweek2010.xls
2010-12-24,1-14,35,2010,False,2010_publishedweek2010.xls
2010-12-31,1-14,21,2010,False,2010_publishedweek2010.xls
2011-01-07,1-14,30,2011,False,2011_publishedweek2011.xls
2011-01-14,1-14,32,2011,False,2011_publishedweek2011.xls
2011-01-21,1-14,18,2011,False,2011_publishedweek2011.xls
2011-01-28,1-14,29,2011,False,2011_publishedweek2011.xls
2011-02-04,1-14,19,2011,False,2011_publishedweek2011.xls
2011-02-11,1-14,18,2011,False,2011_publishedweek2011.xls
2011-02-18,1-14,16,2011,False,2011_publishedweek2011.xls
2011-02-25,1-14,17,2011,False,2011_publishedweek2011.xls
2011-03-04,1-14,27,2011,False,2011_publishedweek2011.xls
2011-03-11,1-14,21,2011,False,2011_publishedweek2011.xls
2011-03-18,1-14,29,2011,False,2011_publishedweek2011.xls
2011-03-25,1-14,24,2011,False,2011_publishedweek2011.xls
2011-04-01,1-14,35,2011,False,2011_publishedweek2011.xls
2011-04-08,1-14,25,2011,False,2011_publishedweek2011.xls
2011-04-15,1-14,27,2011,False,2011_publishedweek2011.xls
2011-04-22,1-14,19,2011,False,2011_publishedweek2011.xls
2011-04-29,1-14,20,2011,False,2011_publishedweek2011.xls
2011-05-06,1-14,19,2011,False,2011_publishedweek2011.xls
2011-05-13,1-14,19,2011,False,2011_publishedweek2011.xls
2011-05-20,1-14,20,2011,False,2011_publishedweek2011.xls
2011-05-27,1-14,21,2011,False,2011_publishedweek2011.xls
2011-06-03,1-14,17,2011,False,2011_publishedweek2011.xls
2011-06-10,1-14,23,2011,False,2011_publishedweek2011.xls
2011-06-17,1-14,18,2011,False,2011_publishedweek2011.xls
2011-06-24,1-14,19,2011,False,2011_publishedweek2011.xls
2011-07-01,1-14,10,2011,False,2011_publishedweek2011.xls
2011-07-08,1-14,21,2011,False,2011_publishedweek2011.xls
2011-07-15,1-14,13,2011,False,2011_publishedweek2011.xls
2011-07-22,1-14,21,2011,False,2011_publishedweek2011.xls
2011-07-29,1-14,25,2011,False,2011_publishedweek2011.xls
2011-08-05,1-14,19,2011,False,2011_publishedweek2011.xls
2011-08-12,1-14,12,2011,False,2011_publishedweek2011.xls
2011-08-19,1-14,10,2011,False,2011_publishedweek2011.xls
2011-08-26,1-14,12,2011,False,2011_publishedweek2011.xls
2011-09-02,1-14,17,2011,False,2011_publishedweek2011.xls
2011-09-09,1-14,17,2011,False,2011_publishedweek2011.xls
2011-09-16,1-14,27,2011,False,2011_publishedweek2011.xls
2011-09-23,1-14,20,2011,False,2011_publishedweek2011.xls
2011-09-30,1-14,22,2011,False,2011_publishedweek2011.xls
2011-10-07,1-14,16,2011,False,2011_publishedweek2011.xls
2011-10-14,1-14,18,2011,False,2011_publishedweek2011.xls
2011-10-21,1-14,16,2011,False,2011_publishedweek2011.xls
2011-10-28,1-14,17,2011,False,2011_publishedweek2011.xls
2011-11-04,1-14,20,2011,False,2011_publishedweek2011.xls
2011-11-11,1-14,30,2011,False,2011_publishedweek2011.xls
2011-11-18,1-14,15,2011,False,2011_publishedweek2011.xls
2011-11-25,1-14,16,2011,False,2011_publishedweek2011.xls
2011-12-02,1-14,22,2011,False,2011_publishedweek2011.xls
2011-12-09,1-14,21,2011,False,2011_publishedweek2011.xls
2011-12-16,1-14,12,2011,False,2011_publishedweek2011.xls
2011-12-23,1-14,25,2011,False,2011_publishedweek2011.xls
2011-12-30,1-14,22,2011,False,2011_publishedweek2011.xls
2012-01-06,1-14,19,2012,False,2012_publishedweek2012.xls
2012-01-13,1-14,17,2012,False,2012_publishedweek2012.xls
2012-01-20,1-14,17,2012,False,2012_publishedweek2012.xls
2012-01-27,1-14,28,2012,False,2012_publishedweek2012.xls
2012-02-03,1-14,26,2012,False,2012_publishedweek2012.xls
2012-02-10,1-14,18,2012,False,2012_publishedweek2012.xls
2012-02-17,1-14,16,2012,False,2012_publishedweek2012.xls
2012-02-24,1-14,14,2012,False,2012_publishedweek2012.xls
2012-03-02,1-14,22,2012,False,2012_publishedweek2012.xls
2012-03-09,1-14,16,2012,False,2012_publishedweek2012.xls
2012-03-16,1-14,18,2012,False,2012_publishedweek2012.xls
2012-03-23,1-14,34,2012,False,2012_publishedweek2012.xls
2012-03-30,1-14,21,2012,False,2012_publishedweek2012.xls
2012-04-06,1-14,23,2012,False,2012_publishedweek2012.xls
2012-04-13,1-14,26,2012,False,2012_publishedweek2012.xls
2012-04-20,1-14,18,2012,False,2012_publishedweek2012.xls
2012-04-27,1-14,21,2012,False,2012_publishedweek2012.xls
2012-05-04,1-14,25,2012,False,2012_publishedweek2012.xls
2012-05-11,1-14,16,2012,False,2012_publishedweek2012.xls
2012-05-18,1-14,23,2012,False,2012_publishedweek2012.xls
2012-05-25,1-14,26,2012,False,2012_publishedweek2012.xls
2012-06-01,1-14,23,2012,False,2012_publishedweek2012.xls
2012-06-08,1-14,9,2012,False,2012_publishedweek2012.xls
2012-06-15,1-14,16,2012,False,2012_publishedweek2012.xls
2012-06-22,1-14,17,2012,False,2012_publishedweek2012.xls
2012-06-29,1-14,16,2012,False,2012_publishedweek2012.xls
2012-07-06,1-14,17,2012,False,2012_publishedweek2012.xls
2012-07-13,1-14,16,2012,False,2012_publishedweek2012.xls
2012-07-20,1-14,26,2012,False,2012_publishedweek2012.xls
2012-07-27,1-14,15,2012,False,2012_publishedweek2012.xls
2012-08-03,1-14,13,2012,False,2012_publishedweek2012.xls
2012-08-10,1-14,38,2012,False,2012_publishedweek2012.xls
2012-08-17,1-14,14,2012,False,2012_publishedweek2012.xls
2012-08-24,1-14,19,2012,False,2012_publishedweek2012.xls
2012-08-31,1-14,13,2012,False,2012_publishedweek2012.xls
2012-09-07,1-14,20,2012,False,2012_publishedweek2012.xls
2012-09-14,1-14,19,2012,False,2012_publishedweek2012.xls
2012-09-21,1-14,15,2012,False,2012_publishedweek2012.xls
2012-09-28,1-14,16,2012,False,2012_publishedweek2012.xls
2012-10-05,1-14,16,2012,False,2012_publishedweek2012.xls
2012-10-12,1-14,11,2012,False,2012_publishedweek2012.xls
2012-10-19,1-14,24,2012,False,2012_publishedweek2012.xls
2012-10-26,1-14,31,2012,False,2012_publishedweek2012.xls
2012-11-02,1-14,21,2012,False,2012_publishedweek2012.xls
2012-11-09,1-14,25,2012,False,2012_publishedweek2012.xls
2012-11-16,1-14,19,2012,False,2012_publishedweek2012.xls
2012-11-23,1-14,18,2012,False,2012_publishedweek2012.xls
2012-11-30,1-14,19,2012,False,2012_publishedweek2012.xls
2012-12-07,1-14,32,2012,False,2012_publishedweek2012.xls
2012-12-14,1-14,23,2012,False,2012_publishedweek2012.xls
2012-12-21,1-14,23,2012,False,2012_publishedweek2012.xls
2012-12-28,1-14,15,2012,False,2012_publishedweek2012.xls
2013-01-04,1-14,24,2013,False,2013_publishedweek2013.xls
2013-01-11,1-14,27,2013,False,2013_publishedweek2013.xls
2013-01-18,1-14,11,2013,False,2013_publishedweek2013.xls
2013-01-25,1-14,20,2013,False,2013_publishedweek2013.xls
2013-02-01,1-14,24,2013,False,2013_publishedweek2013.xls
2013-02-08,1-14,21,2013,False,2013_publishedweek2013.xls
2013-02-15,1-14,31,2013,False,2013_publishedweek2013.xls
2013-02-22,1-14,22,2013,False,2013_publishedweek2013.xls
2013-03-01,1-14,25,2013,False,2013_publishedweek2013.xls
2013-03-08,1-14,24,2013,False,2013_publishedweek2013.xls
2013-03-15,1-14,27,2013,False,2013_publishedweek2013.xls
2013-03-22,1-14,15,2013,False,2013_publishedweek2013.xls
2013-03-29,1-14,22,2013,False,2013_publishedweek2013.xls
2013-04-05,1-14,21,2013,False,2013_publishedweek2013.xls
2013-04-12,1-14,20,2013,False,2013_publishedweek2013.xls
2013-04-19,1-14,24,2013,False,2013_publishedweek2013.xls
2013-04-26,1-14,17,2013,False,2013_publishedweek2013.xls
2013-05-03,1-14,23,2013,False,2013_publishedweek2013.xls
2013-05-10,1-14,17,2013,False,2013_publishedweek2013.xls
2013-05-17,1-14,20,2013,False,2013_publishedweek2013.xls
2013-05-24,1-14,24,2013,False,2013_publishedweek2013.xls
2013-05-31,1-14,17,2013,False,2013_publishedweek2013.xls
2013-06-07,1-14,19,2013,False,2013_publishedweek2013.xls
2013-06-14,1-14,20,2013,False,2013_publishedweek2013.xls
2013-06-21,1-14,24,2013,False,2013_publishedweek2013.xls
2013-06-28,1-14,20,2013,False,2013_publishedweek2013.xls
2013-07-05,1-14,16,2013,False,2013_publishedweek2013.xls
2013-07-12,1-14,26,2013,False,2013_publishedweek2013.xls
2013-07-19,1-14,17,2013,False,2013_publishedweek2013.xls
2013-07-26,1-14,14,2013,False,2013_publishedweek2013.xls
2013-08-02,1-14,20,2013,False,2013_publishedweek2013.xls
2013-08-09,1-14,11,2013,False,2013_publishedweek2013.xls
2013-08-16,1-14,22,2013,False,2013_publishedweek2013.xls
2013-08-23,1-14,20,2013,False,2013_publishedweek2013.xls
2013-08-30,1-14,15,2013,False,2013_publishedweek2013.xls
2013-09-06,1-14,23,2013,False,2013_publishedweek2013.xls
2013-09-13,1-14,19,2013,False,2013_publishedweek2013.xls
2013-09-20,1-14,18,2013,False,2013_publishedweek2013.xls
2013-09-27,1-14,18,2013,False,2013_publishedweek2013.xls
2013-10-04,1-14,16,2013,False,2013_publishedweek2013.xls
2013-10-11,1-14,18,2013,False,2013_publishedweek2013.xls
2013-10-18,1-14,18,2013,False,2013_publishedweek2013.xls
2013-10-25,1-14,25,2013,False,2013_publishedweek2013.xls
2013-11-01,1-14,15,2013,False,2013_publishedweek2013.xls
2013-11-08,1-14,16,2013,False,2013_publishedweek2013.xls
2013-11-15,1-14,29,2013,False,2013_publishedweek2013.xls
2013-11-22,1-14,18,2013,False,2013_publishedweek2013.xls
2013-11-29,1-14,23,2013,False,2013_publishedweek2013.xls
2013-12-06,1-14,23,2013,False,2013_publishedweek2013.xls
2013-12-13,1-14,19,2013,False,2013_publishedweek2013.xls
2013-12-20,1-14,27,2013,False,2013_publishedweek2013.xls
2013-12-27,1-14,13,2013,False,2013_publishedweek2013.xls
2014-01-03,1-14,16,2014,False,2014_publishedweek2014.xls
2014-01-10,1-14,25,2014,False,2014_publishedweek2014.xls
2014-01-17,1-14,15,2014,False,2014_publishedweek2014.xls
2014-01-24,1-14,18,2014,False,2014_publishedweek2014.xls
2014-01-31,1-14,21,2014,False,2014_publishedweek2014.xls
2014-02-07,1-14,24,2014,False,2014_publishedweek2014.xls
2014-02-14,1-14,27,2014,False,2014_publishedweek2014.xls
2014-02-21,1-14,28,2014,False,2014_publishedweek2014.xls
2014-02-28,1-14,22,2014,False,2014_publishedweek2014.xls
2014-03-07,1-14,20,2014,False,2014_publishedweek2014.xls
2014-03-14,1-14,26,2014,False,2014_publishedweek2014.xls
2014-03-21,1-14,15,2014,False,2014_publishedweek2014.xls
2014-03-28,1-14,19,2014,False,2014_publishedweek2014.xls
2014-04-04,1-14,18,2014,False,2014_publishedweek2014.xls
2014-04-11,1-14,23,2014,False,2014_publishedweek2014.xls
2014-04-18,1-14,18,2014,False,2014_publishedweek2014.xls
2014-04-25,1-14,20,2014,False,2014_publishedweek2014.xls
2014-05-02,1-14,23,2014,False,2014_publishedweek2014.xls
2014-05-09,1-14,17,2014,False,2014_publishedweek2014.xls
2014-05-16,1-14,20,2014,False,2014_publishedweek2014.xls
2014-05-23,1-14,17,2014,False,2014_publishedweek2014.xls
2014-05-30,1-14,21,2014,False,2014_publishedweek2014.xls
2014-06-06,1-14,32,2014,False,2014_publishedweek2014.xls
2014-06-13,1-14,22,2014,False,2014_publishedweek2014.xls
2014-06-20,1-14,15,2014,False,2014_publishedweek2014.xls
2014-06-27,1-14,17,2014,False,2014_publishedweek2014.xls
2014-07-04,1-14,26,2014,False,2014_publishedweek2014.xls
2014-07-11,1-14,32,2014,False,2014_publishedweek2014.xls
2014-07-18,1-14,24,2014,False,2014_publishedweek2014.xls
2014-07-25,1-14,19,2014,False,2014_publishedweek2014.xls
2014-08-01,1-14,20,2014,False,2014_publishedweek2014.xls
2014-08-08,1-14,22,2014,False,2014_publishedweek2014.xls
2014-08-15,1-14,18,2014,False,2014_publishedweek2014.xls
2014-08-22,1-14,15,2014,False,2014_publishedweek2014.xls
2014-08-29,1-14,15,2014,False,2014_publishedweek2014.xls
2014-09-05,1-14,13,2014,False,2014_publishedweek2014.xls
2014-09-12,1-14,23,2014,False,2014_publishedweek2014.xls
2014-09-19,1-14,13,2014,False,2014_publishedweek2014.xls
2014-09-26,1-14,17,2014,False,2014_publishedweek2014.xls
2014-10-03,1-14,22,2014,False,2014_publishedweek2014.xls
2014-10-10,1-14,21,2014,False,2014_publishedweek2014.xls
2014-10-17,1-14,19,2014,False,2014_publishedweek2014.xls
2014-10-24,1-14,19,2014,False,2014_publishedweek2014.xls
2014-10-31,1-14,25,2014,False,2014_publishedweek2014.xls
2014-11-07,1-14,16,2014,False,2014_publishedweek2014.xls
2014-11-14,1-14,12,2014,False,2014_publishedweek2014.xls
2014-11-21,1-14,16,2014,False,2014_publishedweek2014.xls
2014-11-28,1-14,18,2014,False,2014_publishedweek2014.xls
2014-12-05,1-14,26,2014,False,2014_publishedweek2014.xls
2014-12-12,1-14,24,2014,False,2014_publishedweek2014.xls
2014-12-19,1-14,24,2014,False,2014_publishedweek2014.xls
2014-12-26,1-14,16,2014,False,2014_publishedweek2014.xls
2015-01-02,1-14,16,2015,False,2015_publishedweek2015.xls
2015-01-09,1-14,28,2015,False,2015_publishedweek2015.xls
2015-01-16,1-14,28,2015,False,2015_publishedweek2015.xls
2015-01-23,1-14,20,2015,False,2015_publishedweek2015.xls
2015-01-30,1-14,20,2015,False,2015_publishedweek2015.xls
2015-02-06,1-14,30,2015,False,2015_publishedweek2015.xls
2015-02-13,1-14,18,2015,False,2015_publishedweek2015.xls
2015-02-20,1-14,18,2015,False,2015_publishedweek2015.xls
2015-02-27,1-14,25,2015,False,2015_publishedweek2015.xls
2015-03-06,1-14,19,2015,False,2015_publishedweek2015.xls
2015-03-13,1-14,17,2015,False,2015_publishedweek2015.xls
2015-03-20,1-14,20,2015,False,2015_publishedweek2015.xls
2015-03-27,1-14,21,2015,False,2015_publishedweek2015.xls
2015-04-03,1-14,17,2015,False,2015_publishedweek2015.xls
2015-04-10,1-14,18,2015,False,2015_publishedweek2015.xls
2015-04-17,1-14,22,2015,False,2015_publishedweek2015.xls
2015-04-24,1-14,20,2015,False,2015_publishedweek2015.xls
2015-05-01,1-14,21,2015,False,2015_publishedweek2015.xls
2015-05-08,1-14,19,2015,False,2015_publishedweek2015.xls
2015-05-15,1-14,20,2015,False,2015_publishedweek2015.xls
2015-05-22,1-14,14,2015,False,2015_publishedweek2015.xls
2015-05-29,1-14,22,2015,False,2015_publishedweek2015.xls
2015-06-05,1-14,23,2015,False,2015_publishedweek2015.xls
2015-06-12,1-14,10,2015,False,2015_publishedweek2015.xls
2015-06-19,1-14,22,2015,False,2015_publishedweek2015.xls
2015-06-26,1-14,19,2015,False,2015_publishedweek2015.xls
2015-07-03,1-14,19,2015,False,2015_publishedweek2015.xls
2015-07-10,1-14,18,2015,False,2015_publishedweek2015.xls
2015-07-17,1-14,14,2015,False,2015_publishedweek2015.xls
2015-07-24,1-14,14,2015,False,2015_publishedweek2015.xls
2015-07-31,1-14,20,2015,False,2015_publishedweek2015.xls
2015-08-07,1-14,21,2015,False,2015_publishedweek2015.xls
2015-08-14,1-14,15,2015,False,2015_publishedweek2015.xls
2015-08-21,1-14,21,2015,False,2015_publishedweek2015.xls
2015-08-28,1-14,11,2015,False,2015_publishedweek2015.xls
2015-09-04,1-14,12,2015,False,2015_publishedweek2015.xls
2015-09-11,1-14,14,2015,False,2015_publishedweek2015.xls
2015-09-18,1-14,18,2015,False,2015_publishedweek2015.xls
2015-09-25,1-14,15,2015,False,2015_publishedweek2015.xls
2015-10-02,1-14,18,2015,False,2015_publishedweek2015.xls
2015-10-09,1-14,13,2015,False,2015_publishedweek2015.xls
2015-10-16,1-14,26,2015,False,2015_publishedweek2015.xls
2015-10-23,1-14,22,2015,False,2015_publishedweek2015.xls
2015-10-30,1-14,14,2015,False,2015_publishedweek2015.xls
2015-11-06,1-14,24,2015,False,2015_publishedweek2015.xls
2015-11-13,1-14,26,2015,False,2015_publishedweek2015.xls
2015-11-20,1-14,21,2015,False,2015_publishedweek2015.xls
2015-11-27,1-14,21,2015,False,2015_publishedweek2015.xls
2015-12-04,1-14,25,2015,False,2015_publishedweek2015.xls
2015-12-11,1-14,25,2015,False,2015_publishedweek2015.xls
2015-12-18,1-14,28,2015,False,2015_publishedweek2015.xls
2015-12-25,1-14,26,2015,False,2015_publishedweek2015.xls
2016-01-01,1-14,12,2015,False,2015_publishedweek2015.xls
2016-01-08,1-14,17,2016,False,2016_publishedweek522016.xls
2016-01-15,1-14,24,2016,False,2016_publishedweek522016.xls
2016-01-22,1-14,18,2016,False,2016_publishedweek522016.xls
2016-01-29,1-14,14,2016,False,2016_publishedweek522016.xls
2016-02-05,1-14,22,2016,False,2016_publishedweek522016.xls
2016-02-12,1-14,21,2016,False,2016_publishedweek522016.xls
2016-02-19,1-14,22,2016,False,2016_publishedweek522016.xls
2016-02-26,1-14,20,2016,False,2016_publishedweek522016.xls
2016-03-04,1-14,21,2016,False,2016_publishedweek522016.xls
2016-03-11,1-14,22,2016,False,2016_publishedweek522016.xls
2016-03-18,1-14,22,2016,False,2016_publishedweek522016.xls
2016-03-25,1-14,18,2016,False,2016_publishedweek522016.xls
2016-04-01,1-14,15,2016,False,2016_publishedweek522016.xls
2016-04-08,1-14,15,2016,False,2016_publishedweek522016.xls
2016-04-15,1-14,18,2016,False,2016_publishedweek522016.xls
2016-04-22,1-14,24,2016,False,2016_publishedweek522016.xls
2016-04-29,1-14,22,2016,False,2016_publishedweek522016.xls
2016-05-06,1-14,23,2016,False,2016_publishedweek522016.xls
2016-05-13,1-14,19,2016,False,2016_publishedweek522016.xls
2016-05-20,1-14,21,2016,False,2016_publishedweek522016.xls
2016-05-27,1-14,19,2016,False,2016_publishedweek522016.xls
2016-06-03,1-14,19,2016,False,2016_publishedweek522016.xls
2016-06-10,1-14,21,2016,False,2016_publishedweek522016.xls
2016-06-17,1-14,22,2016,False,2016_publishedweek522016.xls
2016-06-24,1-14,15,2016,False,2016_publishedweek522016.xls
2016-07-01,1-14,13,2016,False,2016_publishedweek522016.xls
2016-07-08,1-14,18,2016,False,2016_publishedweek522016.xls
2016-07-15,1-14,15,2016,False,2016_publishedweek522016.xls
2016-07-22,1-14,18,2016,False,2016_publishedweek522016.xls
2016-07-29,1-14,15,2016,False,2016_publishedweek522016.xls
2016-08-05,1-14,19,2016,False,2016_publishedweek522016.xls
2016-08-12,1-14,15,2016,False,2016_publishedweek522016.xls
2016-08-19,1-14,17,2016,False,2016_publishedweek522016.xls
2016-08-26,1-14,16,2016,False,2016_publishedweek522016.xls
2016-09-02,1-14,14,2016,False,2016_publishedweek522016.xls
2016-09-09,1-14,23,2016,False,2016_publishedweek522016.xls
2016-09-16,1-14,15,2016,False,2016_publishedweek522016.xls
2016-09-23,1-14,15,2016,False,2016_publishedweek522016.xls
2016-09-30,1-14,15,2016,False,2016_publishedweek522016.xls
2016-10-07,1-14,21,2016,False,2016_publishedweek522016.xls
2016-10-14,1-14,14,2016,False,2016_publishedweek522016.xls
2016-10-21,1-14,21,2016,False,2016_publishedweek522016.xls
2016-10-28,1-14,16,2016,False,2016_publishedweek522016.xls
2016-11-04,1-14,21,2016,False,2016_publishedweek522016.xls
2016-11-11,1-14,15,2016,False,2016_publishedweek522016.xls
2016-11-18,1-14,26,2016,False,2016_publishedweek522016.xls
2016-11-25,1-14,26,2016,False,2016_publishedweek522016.xls
2016-12-02,1-14,15,2016,False,2016_publishedweek522016.xls
2016-12-09,1-14,28,2016,False,2016_publishedweek522016.xls
2016-12-16,1-14,22,2016,False,2016_publishedweek522016.xls
2016-12-23,1-14,16,2016,False,2016_publishedweek522016.xls
2016-12-30,1-14,7,2016,False,2016_publishedweek522016.xls
2017-01-06,1-14,18,2017,False,2017_publishedweek522017.xls
2017-01-13,1-14,18,2017,False,2017_publishedweek522017.xls
2017-01-20,1-14,19,2017,False,2017_publishedweek522017.xls
2017-01-27,1-14,16,2017,False,2017_publishedweek522017.xls
2017-02-03,1-14,14,2017,False,2017_publishedweek522017.xls
2017-02-10,1-14,17,2017,False,2017_publishedweek522017.xls
2017-02-17,1-14,18,2017,False,2017_publishedweek522017.xls
2017-02-24,1-14,20,2017,False,2017_publishedweek522017.xls
2017-03-03,1-14,22,2017,False,2017_publishedweek522017.xls
2017-03-10,1-14,17,2017,False,2017_publishedweek522017.xls
2017-03-17,1-14,7,2017,False,2017_publishedweek522017.xls
2017-03-24,1-14,13,2017,False,2017_publishedweek522017.xls
2017-03-31,1-14,20,2017,False,2017_publishedweek522017.xls
2017-04-07,1-14,21,2017,False,2017_publishedweek522017.xls
2017-04-14,1-14,20,2017,False,2017_publishedweek522017.xls
2017-04-21,1-14,19,2017,False,2017_publishedweek522017.xls
2017-04-28,1-14,20,2017,False,2017_publishedweek522017.xls
2017-05-05,1-14,18,2017,False,2017_publishedweek522017.xls
2017-05-12,1-14,23,2017,False,2017_publishedweek522017.xls
2017-05-19,1-14,18,2017,False,2017_publishedweek522017.xls
2017-05-26,1-14,21,2017,False,2017_publishedweek522017.xls
2017-06-02,1-14,12,2017,False,2017_publishedweek522017.xls
2017-06-09,1-14,27,2017,False,2017_publishedweek522017.xls
2017-06-16,1-14,20,2017,False,2017_publishedweek522017.xls
2017-06-23,1-14,17,2017,False,2017_publishedweek522017.xls
2017-06-30,1-14,13,2017,False,2017_publishedweek522017.xls
2017-07-07,1-14,23,2017,False,2017_publishedweek522017.xls
2017-07-14,1-14,23,2017,False,2017_publishedweek522017.xls
2017-07-21,1-14,19,2017,False,2017_publishedweek522017.xls
2017-07-28,1-14,15,2017,False,2017_publishedweek522017.xls
2017-08-04,1-14,12,2017,False,2017_publishedweek522017.xls
2017-08-11,1-14,17,2017,False,2017_publishedweek522017.xls
2017-08-18,1-14,20,2017,False,2017_publishedweek522017.xls
2017-08-25,1-14,11,2017,False,2017_publishedweek522017.xls
2017-09-01,1-14,18,2017,False,2017_publishedweek522017.xls
2017-09-08,1-14,17,2017,False,2017_publishedweek522017.xls
2017-09-15,1-14,18,2017,False,2017_publishedweek522017.xls
2017-09-22,1-14,21,2017,False,2017_publishedweek522017.xls
2017-09-29,1-14,27,2017,False,2017_publishedweek522017.xls
2017-10-06,1-14,20,2017,False,2017_publishedweek522017.xls
2017-10-13,1-14,11,2017,False,2017_publishedweek522017.xls
2017-10-20,1-14,13,2017,False,2017_publishedweek522017.xls
2017-10-27,1-14,25,2017,False,2017_publishedweek522017.xls
2017-11-03,1-14,18,2017,False,2017_publishedweek522017.xls
2017-11-10,1-14,20,2017,False,2017_publishedweek522017.xls
2017-11-17,1-14,9,2017,False,2017_publishedweek522017.xls
2017-11-24,1-14,20,2017,False,2017_publishedweek522017.xls
2017-12-01,1-14,21,2017,False,2017_publishedweek522017.xls
2017-12-08,1-14,20,2017,False,2017_publishedweek522017.xls
2017-12-15,1-14,19,2017,False,2017_publishedweek522017.xls
2017-12-22,1-14,20,2017,False,2017_publishedweek522017.xls
2017-12-29,1-14,18,2017,False,2017_publishedweek522017.xls
2018-01-05,1-14,18,2018,False,2018_publishedweek522018withupdatedrespiratoryrow.xls
2018-01-12,1-14,17,2018,False,2018_publishedweek522018withupdatedrespiratoryrow.xls
2018-01-19,1-14,22,2018,False,2018_publishedweek522018withupdatedrespiratoryrow.xls
2018-01-26,1-14,25,2018,False,2018_publishedweek522018withupdatedrespiratoryrow.xls
2018-02-02,1-14,14,2018,False,2018_publishedweek522018withupdatedrespiratoryrow.xls
2018-02-09,1-14,23,2018,False,2018_publishedweek522018withupdatedrespiratoryrow.xls
2018-02-16,1-14,17,2018,False,2018_publishedweek522018withupdatedrespiratoryrow.xls
2018-02-23,1-14,13,2018,False,2018_publishedweek522018withupdatedrespiratoryrow.xls
2018-03-02,1-14,11,2018,False,2018_publishedweek522018withupdatedrespiratoryrow.xls
2018-03-09,1-14,27,2018,False,2018_publishedweek522018withupdatedrespiratoryrow.xls
2018-03-16,1-14,17,2018,False,2018_publishedweek522018withupdatedrespiratoryrow.xls
2018-03-23,1-14,15,2018,False,2018_publishedweek522018withupdatedrespiratoryrow.xls
2018-03-30,1-14,20,2018,False,2018_publishedweek522018withupdatedrespiratoryrow.xls
2018-04-06,1-14,22,2018,False,2018_publishedweek522018withupdatedrespiratoryrow.xls
2018-04-13,1-14,25,2018,False,2018_publishedweek522018withupdatedrespiratoryrow.xls
2018-04-20,1-14,21,2018,False,2018_publishedweek522018withupdatedrespiratoryrow.xls
2018-04-27,1-14,12,2018,False,2018_publishedweek522018withupdatedrespiratoryrow.xls
2018-05-04,1-14,21,2018,False,2018_publishedweek522018withupdatedrespiratoryrow.xls
2018-05-11,1-14,21,2018,False,2018_publishedweek522018withupdatedrespiratoryrow.xls
2018-05-18,1-14,24,2018,False,2018_publishedweek522018withupdatedrespiratoryrow.xls
2018-05-25,1-14,13,2018,False,2018_publishedweek522018withupdatedrespiratoryrow.xls
2018-06-01,1-14,18,2018,False,2018_publishedweek522018withupdatedrespiratoryrow.xls
2018-06-08,1-14,19,2018,False,2018_publishedweek522018withupdatedrespiratoryrow.xls
2018-06-15,1-14,17,2018,False,2018_publishedweek522018withupdatedrespiratoryrow.xls
2018-06-22,1-14,21,2018,False,2018_publishedweek522018withupdatedrespiratoryrow.xls
2018-06-29,1-14,22,2018,False,2018_publishedweek522018withupdatedrespiratoryrow.xls
2018-07-06,1-14,23,2018,False,2018_publishedweek522018withupdatedrespiratoryrow.xls
2018-07-13,1-14,21,2018,False,2018_publishedweek522018withupdatedrespiratoryrow.xls
2018-07-20,1-14,15,2018,False,2018_publishedweek522018withupdatedrespiratoryrow.xls
2018-07-27,1-14,13,2018,False,2018_publishedweek522018withupdatedrespiratoryrow.xls
2018-08-03,1-14,18,2018,False,2018_publishedweek522018withupdatedrespiratoryrow.xls
2018-08-10,1-14,18,2018,False,2018_publishedweek522018withupdatedrespiratoryrow.xls
2018-08-17,1-14,11,2018,False,2018_publishedweek522018withupdatedrespiratoryrow.xls
2018-08-24,1-14,22,2018,False,2018_publishedweek522018withupdatedrespiratoryrow.xls
2018-08-31,1-14,11,2018,False,2018_publishedweek522018withupdatedrespiratoryrow.xls
2018-09-07,1-14,20,2018,False,2018_publishedweek522018withupdatedrespiratoryrow.xls
2018-09-14,1-14,18,2018,False,2018_publishedweek522018withupdatedrespiratoryrow.xls
2018-09-21,1-14,18,2018,False,2018_publishedweek522018withupdatedrespiratoryrow.xls
2018-09-28,1-14,10,2018,False,2018_publishedweek522018withupdatedrespiratoryrow.xls
2018-10-05,1-14,17,2018,False,2018_publishedweek522018withupdatedrespiratoryrow.xls
2018-10-12,1-14,20,2018,False,2018_publishedweek522018withupdatedrespiratoryrow.xls
2018-10-19,1-14,18,2018,False,2018_publishedweek522018withupdatedrespiratoryrow.xls
2018-10-26,1-14,24,2018,False,2018_publishedweek522018withupdatedrespiratoryrow.xls
2018-11-02,1-14,24,2018,False,2018_publishedweek522018withupdatedrespiratoryrow.xls
2018-11-09,1-14,12,2018,False,2018_publishedweek522018withupdatedrespiratoryrow.xls
2018-11-16,1-14,29,2018,False,2018_publishedweek522018withupdatedrespiratoryrow.xls
2018-11-23,1-14,22,2018,False,2018_publishedweek522018withupdatedrespiratoryrow.xls
2018-11-30,1-14,20,2018,False,2018_publishedweek522018withupdatedrespiratoryrow.xls
2018-12-07,1-14,15,2018,False,2018_publishedweek522018withupdatedrespiratoryrow.xls
2018-12-14,1-14,13,2018,False,2018_publishedweek522018withupdatedrespiratoryrow.xls
2018-12-21,1-14,23,2018,False,2018_publishedweek522018withupdatedrespiratoryrow.xls
2018-12-28,1-14,11,2018,False,2018_publishedweek522018withupdatedrespiratoryrow.xls
2019-01-04,1-14,15,2019,False,2019_publishedweek522019.xls
2019-01-11,1-14,20,2019,False,2019_publishedweek522019.xls
2019-01-18,1-14,29,2019,False,2019_publishedweek522019.xls
2019-01-25,1-14,22,2019,False,2019_publishedweek522019.xls
2019-02-01,1-14,15,2019,False,2019_publishedweek522019.xls
2019-02-08,1-14,25,2019,False,2019_publishedweek522019.xls
2019-02-15,1-14,17,2019,False,2019_publishedweek522019.xls
2019-02-22,1-14,30,2019,False,2019_publishedweek522019.xls
2019-03-01,1-14,20,2019,False,2019_publishedweek522019.xls
2019-03-08,1-14,16,2019,False,2019_publishedweek522019.xls
2019-03-15,1-14,24,2019,False,2019_publishedweek522019.xls
2019-03-22,1-14,24,2019,False,2019_publishedweek522019.xls
2019-03-29,1-14,17,2019,False,2019_publishedweek522019.xls
2019-04-05,1-14,13,2019,False,2019_publishedweek522019.xls
2019-04-12,1-14,23,2019,False,2019_publishedweek522019.xls
2019-04-19,1-14,21,2019,False,2019_publishedweek522019.xls
2019-04-26,1-14,18,2019,False,2019_publishedweek522019.xls
2019-05-03,1-14,18,2019,False,2019_publishedweek522019.xls
2019-05-10,1-14,17,2019,False,2019_publishedweek522019.xls
2019-05-17,1-14,14,2019,False,2019_publishedweek522019.xls
2019-05-24,1-14,21,2019,False,2019_publishedweek522019.xls
2019-05-31,1-14,16,2019,False,2019_publishedweek522019.xls
2019-06-07,1-14,18,2019,False,2019_publishedweek522019.xls
2019-06-14,1-14,18,2019,False,2019_publishedweek522019.xls
2019-06-21,1-14,20,2019,False,2019_publishedweek522019.xls
2019-06-28,1-14,21,2019,False,2019_publishedweek522019.xls
2019-07-05,1-14,26,2019,False,2019_publishedweek522019.xls
2019-07-12,1-14,16,2019,False,2019_publishedweek522019.xls
2019-07-19,1-14,14,2019,False,2019_publishedweek522019.xls
2019-07-26,1-14,14,2019,False,2019_publishedweek522019.xls
2019-08-02,1-14,11,2019,False,2019_publishedweek522019.xls
2019-08-09,1-14,12,2019,False,2019_publishedweek522019.xls
2019-08-16,1-14,24,2019,False,2019_publishedweek522019.xls
2019-08-23,1-14,8,2019,False,2019_publishedweek522019.xls
2019-08-30,1-14,16,2019,False,2019_publishedweek522019.xls
2019-09-06,1-14,19,2019,False,2019_publishedweek522019.xls
2019-09-13,1-14,12,2019,False,2019_publishedweek522019.xls
2019-09-20,1-14,18,2019,False,2019_publishedweek522019.xls
2019-09-27,1-14,14,2019,False,2019_publishedweek522019.xls
2019-10-04,1-14,15,2019,False,2019_publishedweek522019.xls
2019-10-11,1-14,16,2019,False,2019_publishedweek522019.xls
2019-10-18,1-14,14,2019,False,2019_publishedweek522019.xls
2019-10-25,1-14,14,2019,False,2019_publishedweek522019.xls
2019-11-01,1-14,19,2019,False,2019_publishedweek522019.xls
2019-11-08,1-14,7,2019,False,2019_publishedweek522019.xls
2019-11-15,1-14,19,2019,False,2019_publishedweek522019.xls
2019-11-22,1-14,19,2019,False,2019_publishedweek522019.xls
2019-11-29,1-14,14,2019,False,2019_publishedweek522019.xls
2019-12-06,1-14,17,2019,False,2019_publishedweek522019.xls
2019-12-13,1-14,32,2019,False,2019_publishedweek522019.xls
2019-12-20,1-14,19,2019,False,2019_publishedweek522019.xls
2019-12-27,1-14,13,2019,False,2019_publishedweek522019.xls
2020-01-03,1-14,16,2020,False,2020_publishedweek532020.xlsx
2020-01-10,1-14,26,2020,False,2020_publishedweek532020.xlsx
2020-01-17,1-14,16,2020,False,2020_publishedweek532020.xlsx
2020-01-24,1-14,21,2020,False,2020_publishedweek532020.xlsx
2020-01-31,1-14,15,2020,False,2020_publishedweek532020.xlsx
2020-02-07,1-14,16,2020,False,2020_publishedweek532020.xlsx
2020-02-14,1-14,12,2020,False,2020_publishedweek532020.xlsx
2020-02-21,1-14,18,2020,False,2020_publishedweek532020.xlsx
2020-02-28,1-14,20,2020,False,2020_publishedweek532020.xlsx
2020-03-06,1-14,20,2020,False,2020_publishedweek532020.xlsx
2020-03-13,1-14,22,2020,False,2020_publishedweek532020.xlsx
2020-03-20,1-14,12,2020,False,2020_publishedweek532020.xlsx
2020-03-27,1-14,13,2020,False,2020_publishedweek532020.xlsx
2020-04-03,1-14,21,2020,False,2020_publishedweek532020.xlsx
2020-04-10,1-14,14,2020,False,2020_publishedweek532020.xlsx
2020-04-17,1-14,15,2020,False,2020_publishedweek532020.xlsx
2020-04-24,1-14,12,2020,False,2020_publishedweek532020.xlsx
2020-05-01,1-14,11,2020,False,2020_publishedweek532020.xlsx
2020-05-08,1-14,20,2020,False,2020_publishedweek532020.xlsx
2020-05-15,1-14,19,2020,False,2020_publishedweek532020.xlsx
2020-05-22,1-14,16,2020,False,2020_publishedweek532020.xlsx
2020-05-29,1-14,14,2020,False,2020_publishedweek532020.xlsx
2020-06-05,1-14,16,2020,False,2020_publishedweek532020.xlsx
2020-06-12,1-14,11,2020,False,2020_publishedweek532020.xlsx
2020-06-19,1-14,19,2020,False,2020_publishedweek532020.xlsx
2020-06-26,1-14,11,2020,False,2020_publishedweek532020.xlsx
2020-07-03,1-14,13,2020,False,2020_publishedweek532020.xlsx
2020-07-10,1-14,10,2020,False,2020_publishedweek532020.xlsx
2020-07-17,1-14,10,2020,False,2020_publishedweek532020.xlsx
2020-07-24,1-14,12,2020,False,2020_publishedweek532020.xlsx
2020-07-31,1-14,19,2020,False,2020_publishedweek532020.xlsx
2020-08-07,1-14,15,2020,False,2020_publishedweek532020.xlsx
2020-08-14,1-14,15,2020,False,2020_publishedweek532020.xlsx
2020-08-21,1-14,16,2020,False,2020_publishedweek532020.xlsx
2020-08-28,1-14,18,2020,False,2020_publishedweek532020.xlsx
2020-09-04,1-14,10,2020,False,2020_publishedweek532020.xlsx
2020-09-11,1-14,14,2020,False,2020_publishedweek532020.xlsx
2020-09-18,1-14,15,2020,False,2020_publishedweek532020.xlsx
2020-09-25,1-14,17,2020,False,2020_publishedweek532020.xlsx
2020-10-02,1-14,16,2020,False,2020_publishedweek532020.xlsx
2020-10-09,1-14,17,2020,False,2020_publishedweek532020.xlsx
2020-10-16,1-14,13,2020,False,2020_publishedweek532020.xlsx
2020-10-23,1-14,14,2020,False,2020_publishedweek532020.xlsx
2020-10-30,1-14,13,2020,False,2020_publishedweek532020.xlsx
2020-11-06,1-14,12,2020,False,2020_publishedweek532020.xlsx
2020-11-13,1-14,18,2020,False,2020_publishedweek532020.xlsx
2020-11-20,1-14,21,2020,False,2020_publishedweek532020.xlsx
2020-11-27,1-14,17,2020,False,2020_publishedweek532020.xlsx
2020-12-04,1-14,15,2020,False,2020_publishedweek532020.xlsx
2020-12-11,1-14,20,2020,False,2020_publishedweek532020.xlsx
2020-12-18,1-14,14,2020,False,2020_publishedweek532020.xlsx
2020-12-25,1-14,18,2020,False,2020_publishedweek532020.xlsx
2021-01-01,1-14,14,2020,False,2020_publishedweek532020.xlsx
2021-01-08,1-14,12,2021,False,2021_publishedweek522021.xlsx
2021-01-15,1-14,9,2021,False,2021_publishedweek522021.xlsx
2021-01-22,1-14,17,2021,False,2021_publishedweek522021.xlsx
2021-01-29,1-14,19,2021,False,2021_publishedweek522021.xlsx
2021-02-05,1-14,17,2021,False,2021_publishedweek522021.xlsx
2021-02-12,1-14,15,2021,False,2021_publishedweek522021.xlsx
2021-02-19,1-14,20,2021,False,2021_publishedweek522021.xlsx
2021-02-26,1-14,15,2021,False,2021_publishedweek522021.xlsx
2021-03-05,1-14,11,2021,False,2021_publishedweek522021.xlsx
2021-03-12,1-14,17,2021,False,2021_publishedweek522021.xlsx
2021-03-19,1-14,19,2021,False,2021_publishedweek522021.xlsx
2021-03-26,1-14,17,2021,False,2021_publishedweek522021.xlsx
2021-04-02,1-14,12,2021,False,2021_publishedweek522021.xlsx
2021-04-09,1-14,11,2021,False,2021_publishedweek522021.xlsx
2021-04-16,1-14,14,2021,False,2021_publishedweek522021.xlsx
2021-04-23,1-14,6,2021,False,2021_publishedweek522021.xlsx
2021-04-30,1-14,11,2021,False,2021_publishedweek522021.xlsx
2021-05-07,1-14,15,2021,False,2021_publishedweek522021.xlsx
2021-05-14,1-14,12,2021,False,2021_publishedweek522021.xlsx
2021-05-21,1-14,18,2021,False,2021_publishedweek522021.xlsx
2021-05-28,1-14,19,2021,False,2021_publishedweek522021.xlsx
2021-06-04,1-14,11,2021,False,2021_publishedweek522021.xlsx
2021-06-11,1-14,18,2021,False,2021_publishedweek522021.xlsx
2021-06-18,1-14,17,2021,False,2021_publishedweek522021.xlsx
2021-06-25,1-14,12,2021,False,2021_publishedweek522021.xlsx
2021-07-02,1-14,11,2021,False,2021_publishedweek522021.xlsx
2021-07-09,1-14,17,2021,False,2021_publishedweek522021.xlsx
2021-07-16,1-14,13,2021,False,2021_publishedweek522021.xlsx
2021-07-23,1-14,15,2021,False,2021_publishedweek522021.xlsx
2021-07-30,1-14,15,2021,False,2021_publishedweek522021.xlsx
2021-08-06,1-14,10,2021,False,2021_publishedweek522021.xlsx
2021-08-13,1-14,19,2021,False,2021_publishedweek522021.xlsx
2021-08-20,1-14,11,2021,False,2021_publishedweek522021.xlsx
2021-08-27,1-14,20,2021,False,2021_publishedweek522021.xlsx
2021-09-03,1-14,14,2021,False,2021_publishedweek522021.xlsx
2021-09-10,1-14,17,2021,False,2021_publishedweek522021.xlsx
2021-09-17,1-14,6,2021,False,2021_publishedweek522021.xlsx
2021-09-24,1-14,17,2021,False,2021_publishedweek522021.xlsx
2021-10-01,1-14,20,2021,False,2021_publishedweek522021.xlsx
2021-10-08,1-14,23,2021,False,2021_publishedweek522021.xlsx
2021-10-15,1-14,22,2021,False,2021_publishedweek522021.xlsx
2021-10-22,1-14,21,2021,False,2021_publishedweek522021.xlsx
2021-10-29,1-14,21,2021,False,2021_publishedweek522021.xlsx
2021-11-05,1-14,18,2021,False,2021_publishedweek522021.xlsx
2021-11-12,1-14,21,2021,False,2021_publishedweek522021.xlsx
2021-11-19,1-14,14,2021,False,2021_publishedweek522021.xlsx
2021-11-26,1-14,20,2021,False,2021_publishedweek522021.xlsx
2021-12-03,1-14,13,2021,False,2021_publishedweek522021.xlsx
2021-12-10,1-14,23,2021,False,2021_publishedweek522021.xlsx
2021-12-17,1-14,18,2021,False,2021_publishedweek522021.xlsx
2021-12-24,1-14,17,2021,False,2021_publishedweek522021.xlsx
2021-12-31,1-14,12,2021,False,2021_publishedweek522021.xlsx
2022-01-07,1-14,14,2022,False,2022_publicationfileweek522022.xlsx
2022-01-14,1-14,18,2022,False,2022_publicationfileweek522022.xlsx
2022-01-21,1-14,15,2022,False,2022_publicationfileweek522022.xlsx
2022-01-28,1-14,22,2022,False,2022_publicationfileweek522022.xlsx
2022-02-04,1-14,16,2022,False,2022_publicationfileweek522022.xlsx
2022-02-11,1-14,29,2022,False,2022_publicationfileweek522022.xlsx
2022-02-18,1-14,20,2022,False,2022_publicationfileweek522022.xlsx
2022-02-25,1-14,15,2022,False,2022_publicationfileweek522022.xlsx
2022-03-04,1-14,15,2022,False,2022_publicationfileweek522022.xlsx
2022-03-11,1-14,28,2022,False,2022_publicationfileweek522022.xlsx
2022-03-18,1-14,22,2022,False,2022_publicationfileweek522022.xlsx
2022-03-25,1-14,18,2022,False,2022_publicationfileweek522022.xlsx
2022-04-01,1-14,20,2022,False,2022_publicationfileweek522022.xlsx
2022-04-08,1-14,18,2022,False,2022_publicationfileweek522022.xlsx
2022-04-15,1-14,16,2022,False,2022_publicationfileweek522022.xlsx
2022-04-22,1-14,16,2022,False,2022_publicationfileweek522022.xlsx
2022-04-29,1-14,19,2022,False,2022_publicationfileweek522022.xlsx
2022-05-06,1-14,14,2022,False,2022_publicationfileweek522022.xlsx
2022-05-13,1-14,19,2022,False,2022_publicationfileweek522022.xlsx
2022-05-20,1-14,14,2022,False,2022_publicationfileweek522022.xlsx
2022-05-27,1-14,20,2022,False,2022_publicationfileweek522022.xlsx
2022-06-03,1-14,17,2022,False,2022_publicationfileweek522022.xlsx
2022-06-10,1-14,11,2022,False,2022_publicationfileweek522022.xlsx
2022-06-17,1-14,31,2022,False,2022_publicationfileweek522022.xlsx
2022-06-24,1-14,22,2022,False,2022_publicationfileweek522022.xlsx
2022-07-01,1-14,17,2022,False,2022_publicationfileweek522022.xlsx
2022-07-08,1-14,20,2022,False,2022_publicationfileweek522022.xlsx
2022-07-15,1-14,13,2022,False,2022_publicationfileweek522022.xlsx
2022-07-22,1-14,17,2022,False,2022_publicationfileweek522022.xlsx
2022-07-29,1-14,26,2022,False,2022_publicationfileweek522022.xlsx
2022-08-05,1-14,14,2022,False,2022_publicationfileweek522022.xlsx
2022-08-12,1-14,8,2022,False,2022_publicationfileweek522022.xlsx
2022-08-19,1-14,22,2022,False,2022_publicationfileweek522022.xlsx
2022-08-26,1-14,22,2022,False,2022_publicationfileweek522022.xlsx
2022-09-02,1-14,13,2022,False,2022_publicationfileweek522022.xlsx
2022-09-09,1-14,19,2022,False,2022_publicationfileweek522022.xlsx
2022-09-16,1-14,26,2022,False,2022_publicationfileweek522022.xlsx
2022-09-23,1-14,13,2022,False,2022_publicationfileweek522022.xlsx
2022-09-30,1-14,19,2022,False,2022_publicationfileweek522022.xlsx
2022-10-07,1-14,10,2022,False,2022_publicationfileweek522022.xlsx
2022-10-14,1-14,26,2022,False,2022_publicationfileweek522022.xlsx
2022-10-21,1-14,21,2022,False,2022_publicationfileweek522022.xlsx
2022-10-28,1-14,16,2022,False,2022_publicationfileweek522022.xlsx
2022-11-04,1-14,16,2022,False,2022_publicationfileweek522022.xlsx
2022-11-11,1-14,21,2022,False,2022_publicationfileweek522022.xlsx
2022-11-18,1-14,18,2022,False,2022_publicationfileweek522022.xlsx
2022-11-25,1-14,19,2022,False,2022_publicationfileweek522022.xlsx
2022-12-02,1-14,23,2022,False,2022_publicationfileweek522022.xlsx
2022-12-09,1-14,23,2022,False,2022_publicationfileweek522022.xlsx
2022-12-16,1-14,27,2022,False,2022_publicationfileweek522022.xlsx
2022-12-23,1-14,31,2022,False,2022_publicationfileweek522022.xlsx
2022-12-30,1-14,13,2022,False,2022_publicationfileweek522022.xlsx
2023-01-06,1-14,14,2023,False,2023_publicationfileweek522023rerun.xlsx
2023-01-13,1-14,24,2023,False,2023_publicationfileweek522023rerun.xlsx
2023-01-20,1-14,21,2023,False,2023_publicationfileweek522023rerun.xlsx
2023-01-27,1-14,18,2023,False,2023_publicationfileweek522023rerun.xlsx
2023-02-03,1-14,22,2023,False,2023_publicationfileweek522023rerun.xlsx
2023-02-10,1-14,22,2023,False,2023_publicationfileweek522023rerun.xlsx
2023-02-17,1-14,17,2023,False,2023_publicationfileweek522023rerun.xlsx
2023-02-24,1-14,23,2023,False,2023_publicationfileweek522023rerun.xlsx
2023-03-03,1-14,15,2023,False,2023_publicationfileweek522023rerun.xlsx
2023-03-10,1-14,25,2023,False,2023_publicationfileweek522023rerun.xlsx
2023-03-17,1-14,23,2023,False,2023_publicationfileweek522023rerun.xlsx
2023-03-24,1-14,24,2023,False,2023_publicationfileweek522023rerun.xlsx
2023-03-31,1-14,23,2023,False,2023_publicationfileweek522023rerun.xlsx
2023-04-07,1-14,18,2023,False,2023_publicationfileweek522023rerun.xlsx
2023-04-14,1-14,20,2023,False,2023_publicationfileweek522023rerun.xlsx
2023-04-21,1-14,16,2023,False,2023_publicationfileweek522023rerun.xlsx
2023-04-28,1-14,19,2023,False,2023_publicationfileweek522023rerun.xlsx
2023-05-05,1-14,18,2023,False,2023_publicationfileweek522023rerun.xlsx
2023-05-12,1-14,14,2023,False,2023_publicationfileweek522023rerun.xlsx
2023-05-19,1-14,23,2023,False,2023_publicationfileweek522023rerun.xlsx
2023-05-26,1-14,15,2023,False,2023_publicationfileweek522023rerun.xlsx
2023-06-02,1-14,17,2023,False,2023_publicationfileweek522023rerun.xlsx
2023-06-09,1-14,16,2023,False,2023_publicationfileweek522023rerun.xlsx
2023-06-16,1-14,20,2023,False,2023_publicationfileweek522023rerun.xlsx
2023-06-23,1-14,15,2023,False,2023_publicationfileweek522023rerun.xlsx
2023-06-30,1-14,23,2023,False,2023_publicationfileweek522023rerun.xlsx
2023-07-07,1-14,19,2023,False,2023_publicationfileweek522023rerun.xlsx
2023-07-14,1-14,24,2023,False,2023_publicationfileweek522023rerun.xlsx
2023-07-21,1-14,16,2023,False,2023_publicationfileweek522023rerun.xlsx
2023-07-28,1-14,16,2023,False,2023_publicationfileweek522023rerun.xlsx
2023-08-04,1-14,18,2023,False,2023_publicationfileweek522023rerun.xlsx
2023-08-11,1-14,17,2023,False,2023_publicationfileweek522023rerun.xlsx
2023-08-18,1-14,18,2023,False,2023_publicationfileweek522023rerun.xlsx
2023-08-25,1-14,27,2023,False,2023_publicationfileweek522023rerun.xlsx
2023-09-01,1-14,12,2023,False,2023_publicationfileweek522023rerun.xlsx
2023-09-08,1-14,13,2023,False,2023_publicationfileweek522023rerun.xlsx
2023-09-15,1-14,22,2023,False,2023_publicationfileweek522023rerun.xlsx
2023-09-22,1-14,24,2023,False,2023_publicationfileweek522023rerun.xlsx
2023-09-29,1-14,25,2023,False,2023_publicationfileweek522023rerun.xlsx
2023-10-06,1-14,17,2023,False,2023_publicationfileweek522023rerun.xlsx
2023-10-13,1-14,17,2023,False,2023_publicationfileweek522023rerun.xlsx
2023-10-20,1-14,28,2023,False,2023_publicationfileweek522023rerun.xlsx
2023-10-27,1-14,31,2023,False,2023_publicationfileweek522023rerun.xlsx
2023-11-03,1-14,19,2023,False,2023_publicationfileweek522023rerun.xlsx
2023-11-10,1-14,13,2023,False,2023_publicationfileweek522023rerun.xlsx
2023-11-17,1-14,19,2023,False,2023_publicationfileweek522023rerun.xlsx
2023-11-24,1-14,21,2023,False,2023_publicationfileweek522023rerun.xlsx
2023-12-01,1-14,23,2023,False,2023_publicationfileweek522023rerun.xlsx
2023-12-08,1-14,18,2023,False,2023_publicationfileweek522023rerun.xlsx
2023-12-15,1-14,31,2023,False,2023_publicationfileweek522023rerun.xlsx
2023-12-22,1-14,26,2023,False,2023_publicationfileweek522023rerun.xlsx
2023-12-29,1-14,11,2023,False,2023_publicationfileweek522023rerun.xlsx
2024-01-05,1-14,21,2024,False,2024_weeklydeathsweek522024.xlsx
2024-01-12,1-14,29,2024,False,2024_weeklydeathsweek522024.xlsx
2024-01-19,1-14,21,2024,False,2024_weeklydeathsweek522024.xlsx
2024-01-26,1-14,22,2024,False,2024_weeklydeathsweek522024.xlsx
2024-02-02,1-14,34,2024,False,2024_weeklydeathsweek522024.xlsx
2024-02-09,1-14,21,2024,False,2024_weeklydeathsweek522024.xlsx
2024-02-16,1-14,22,2024,False,2024_weeklydeathsweek522024.xlsx
2024-02-23,1-14,11,2024,False,2024_weeklydeathsweek522024.xlsx
2024-03-01,1-14,17,2024,False,2024_weeklydeathsweek522024.xlsx
2024-03-08,1-14,17,2024,False,2024_weeklydeathsweek522024.xlsx
2024-03-15,1-14,27,2024,False,2024_weeklydeathsweek522024.xlsx
2024-03-22,1-14,20,2024,False,2024_weeklydeathsweek522024.xlsx
2024-03-29,1-14,15,2024,False,2024_weeklydeathsweek522024.xlsx
2024-04-05,1-14,10,2024,False,2024_weeklydeathsweek522024.xlsx
2024-04-12,1-14,13,2024,False,2024_weeklydeathsweek522024.xlsx
2024-04-19,1-14,26,2024,False,2024_weeklydeathsweek522024.xlsx
2024-04-26,1-14,13,2024,False,2024_weeklydeathsweek522024.xlsx
2024-05-03,1-14,24,2024,False,2024_weeklydeathsweek522024.xlsx
2024-05-10,1-14,22,2024,False,2024_weeklydeathsweek522024.xlsx
2024-05-17,1-14,21,2024,False,2024_weeklydeathsweek522024.xlsx
2024-05-24,1-14,14,2024,False,2024_weeklydeathsweek522024.xlsx
2024-05-31,1-14,20,2024,False,2024_weeklydeathsweek522024.xlsx
2024-06-07,1-14,13,2024,False,2024_weeklydeathsweek522024.xlsx
2024-06-14,1-14,18,2024,False,2024_weeklydeathsweek522024.xlsx
2024-06-21,1-14,28,2024,False,2024_weeklydeathsweek522024.xlsx
2024-06-28,1-14,16,2024,False,2024_weeklydeathsweek522024.xlsx
2024-07-05,1-14,17,2024,False,2024_weeklydeathsweek522024.xlsx
2024-07-12,1-14,15,2024,False,2024_weeklydeathsweek522024.xlsx
2024-07-19,1-14,16,2024,False,2024_weeklydeathsweek522024.xlsx
2024-07-26,1-14,20,2024,False,2024_weeklydeathsweek522024.xlsx
2024-08-02,1-14,15,2024,False,2024_weeklydeathsweek522024.xlsx
2024-08-09,1-14,18,2024,False,2024_weeklydeathsweek522024.xlsx
2024-08-16,1-14,12,2024,False,2024_weeklydeathsweek522024.xlsx
2024-08-23,1-14,15,2024,False,2024_weeklydeathsweek522024.xlsx
2024-08-30,1-14,12,2024,False,2024_weeklydeathsweek522024.xlsx
2024-09-06,1-14,8,2024,False,2024_weeklydeathsweek522024.xlsx
2024-09-13,1-14,25,2024,False,2024_weeklydeathsweek522024.xlsx
2024-09-20,1-14,25,2024,False,2024_weeklydeathsweek522024.xlsx
2024-09-27,1-14,15,2024,False,2024_weeklydeathsweek522024.xlsx
2024-10-04,1-14,27,2024,False,2024_weeklydeathsweek522024.xlsx
2024-10-11,1-14,24,2024,False,2024_weeklydeathsweek522024.xlsx
2024-10-18,1-14,16,2024,False,2024_weeklydeathsweek522024.xlsx
2024-10-25,1-14,7,2024,False,2024_weeklydeathsweek522024.xlsx
2024-11-01,1-14,24,2024,False,2024_weeklydeathsweek522024.xlsx
2024-11-08,1-14,18,2024,False,2024_weeklydeathsweek522024.xlsx
2024-11-15,1-14,16,2024,False,2024_weeklydeathsweek522024.xlsx
2024-11-22,1-14,23,2024,False,2024_weeklydeathsweek522024.xlsx
2024-11-29,1-14,17,2024,False,2024_weeklydeathsweek522024.xlsx
2024-12-06,1-14,21,2024,False,2024_weeklydeathsweek522024.xlsx
2024-12-13,1-14,25,2024,False,2024_weeklydeathsweek522024.xlsx
2024-12-20,1-14,22,2024,False,2024_weeklydeathsweek522024.xlsx
2024-12-27,1-14,15,2024,False,2024_weeklydeathsweek522024.xlsx
2025-01-03,1-14,12,2025,False,2025_weeklydeathsweek522025.xlsx
2025-01-10,1-14,20,2025,False,2025_weeklydeathsweek522025.xlsx
2025-01-17,1-14,22,2025,False,2025_weeklydeathsweek522025.xlsx
2025-01-24,1-14,22,2025,False,2025_weeklydeathsweek522025.xlsx
2025-01-31,1-14,18,2025,False,2025_weeklydeathsweek522025.xlsx
2025-02-07,1-14,21,2025,False,2025_weeklydeathsweek522025.xlsx
2025-02-14,1-14,25,2025,False,2025_weeklydeathsweek522025.xlsx
2025-02-21,1-14,12,2025,False,2025_weeklydeathsweek522025.xlsx
2025-02-28,1-14,20,2025,False,2025_weeklydeathsweek522025.xlsx
2025-03-07,1-14,25,2025,False,2025_weeklydeathsweek522025.xlsx
2025-03-14,1-14,15,2025,False,2025_weeklydeathsweek522025.xlsx
2025-03-21,1-14,20,2025,False,2025_weeklydeathsweek522025.xlsx
2025-03-28,1-14,15,2025,False,2025_weeklydeathsweek522025.xlsx
2025-04-04,1-14,16,2025,False,2025_weeklydeathsweek522025.xlsx
2025-04-11,1-14,16,2025,False,2025_weeklydeathsweek522025.xlsx
2025-04-18,1-14,15,2025,False,2025_weeklydeathsweek522025.xlsx
2025-04-25,1-14,16,2025,False,2025_weeklydeathsweek522025.xlsx
2025-05-02,1-14,19,2025,False,2025_weeklydeathsweek522025.xlsx
2025-05-09,1-14,22,2025,False,2025_weeklydeathsweek522025.xlsx
2025-05-16,1-14,21,2025,False,2025_weeklydeathsweek522025.xlsx
2025-05-23,1-14,15,2025,False,2025_weeklydeathsweek522025.xlsx
2025-05-30,1-14,19,2025,False,2025_weeklydeathsweek522025.xlsx
2025-06-06,1-14,21,2025,False,2025_weeklydeathsweek522025.xlsx
2025-06-13,1-14,17,2025,False,2025_weeklydeathsweek522025.xlsx
2025-06-20,1-14,20,2025,False,2025_weeklydeathsweek522025.xlsx
2025-06-27,1-14,18,2025,False,2025_weeklydeathsweek522025.xlsx
2025-07-04,1-14,19,2025,False,2025_weeklydeathsweek522025.xlsx
2025-07-11,1-14,22,2025,False,2025_weeklydeathsweek522025.xlsx
2025-07-18,1-14,17,2025,False,2025_weeklydeathsweek522025.xlsx
2025-07-25,1-14,15,2025,False,2025_weeklydeathsweek522025.xlsx
2025-08-01,1-14,18,2025,False,2025_weeklydeathsweek522025.xlsx
2025-08-08,1-14,14,2025,False,2025_weeklydeathsweek522025.xlsx
2025-08-15,1-14,5,2025,False,2025_weeklydeathsweek522025.xlsx
2025-08-22,1-14,16,2025,False,2025_weeklydeathsweek522025.xlsx
2025-08-29,1-14,11,2025,False,2025_weeklydeathsweek522025.xlsx
2025-09-05,1-14,14,2025,False,2025_weeklydeathsweek522025.xlsx
2025-09-12,1-14,18,2025,False,2025_weeklydeathsweek522025.xlsx
2025-09-19,1-14,10,2025,False,2025_weeklydeathsweek522025.xlsx
2025-09-26,1-14,23,2025,False,2025_weeklydeathsweek522025.xlsx
2025-10-03,1-14,20,2025,False,2025_weeklydeathsweek522025.xlsx
2025-10-10,1-14,14,2025,False,2025_weeklydeathsweek522025.xlsx
2025-10-17,1-14,19,2025,False,2025_weeklydeathsweek522025.xlsx
2025-10-24,1-14,16,2025,False,2025_weeklydeathsweek522025.xlsx
2025-10-31,1-14,14,2025,False,2025_weeklydeathsweek522025.xlsx
2025-11-07,1-14,19,2025,False,2025_weeklydeathsweek522025.xlsx
2025-11-14,1-14,16,2025,False,2025_weeklydeathsweek522025.xlsx
2025-11-21,1-14,14,2025,False,2025_weeklydeathsweek522025.xlsx
2025-11-28,1-14,22,2025,False,2025_weeklydeathsweek522025.xlsx
2025-12-05,1-14,19,2025,False,2025_weeklydeathsweek522025.xlsx
2025-12-12,1-14,21,2025,False,2025_weeklydeathsweek522025.xlsx
2025-12-19,1-14,16,2025,False,2025_weeklydeathsweek522025.xlsx
2025-12-26,1-14,11,2025,False,2025_weeklydeathsweek522025.xlsx
2026-01-02,1-14,13,2026,False,2026_weeklydeathsweek192026.xlsx
2026-01-09,1-14,20,2026,False,2026_weeklydeathsweek192026.xlsx
2026-01-16,1-14,14,2026,False,2026_weeklydeathsweek192026.xlsx
2026-01-23,1-14,26,2026,False,2026_weeklydeathsweek192026.xlsx
2026-01-30,1-14,17,2026,False,2026_weeklydeathsweek192026.xlsx
2026-02-06,1-14,14,2026,False,2026_weeklydeathsweek192026.xlsx
2026-02-13,1-14,20,2026,False,2026_weeklydeathsweek192026.xlsx
2026-02-20,1-14,17,2026,False,2026_weeklydeathsweek192026.xlsx
2026-02-27,1-14,21,2026,False,2026_weeklydeathsweek192026.xlsx
2026-03-06,1-14,20,2026,False,2026_weeklydeathsweek192026.xlsx
2026-03-13,1-14,19,2026,False,2026_weeklydeathsweek192026.xlsx
2026-03-20,1-14,12,2026,False,2026_weeklydeathsweek192026.xlsx
2026-03-27,1-14,18,2026,False,2026_weeklydeathsweek192026.xlsx
2026-04-03,1-14,14,2026,False,2026_weeklydeathsweek192026.xlsx
2026-04-10,1-14,17,2026,False,2026_weeklydeathsweek192026.xlsx
2026-04-17,1-14,11,2026,False,2026_weeklydeathsweek192026.xlsx
2026-04-24,1-14,20,2026,False,2026_weeklydeathsweek192026.xlsx
2026-05-01,1-14,24,2026,False,2026_weeklydeathsweek192026.xlsx
2026-05-08,1-14,18,2026,False,2026_weeklydeathsweek192026.xlsx
2010-01-08,15-44,299,2010,False,2010_publishedweek2010.xls
2010-01-15,15-44,331,2010,False,2010_publishedweek2010.xls
2010-01-22,15-44,347,2010,False,2010_publishedweek2010.xls
2010-01-29,15-44,336,2010,False,2010_publishedweek2010.xls
2010-02-05,15-44,317,2010,False,2010_publishedweek2010.xls
2010-02-12,15-44,308,2010,False,2010_publishedweek2010.xls
2010-02-19,15-44,329,2010,False,2010_publishedweek2010.xls
2010-02-26,15-44,340,2010,False,2010_publishedweek2010.xls
2010-03-05,15-44,348,2010,False,2010_publishedweek2010.xls
2010-03-12,15-44,334,2010,False,2010_publishedweek2010.xls
2010-03-19,15-44,294,2010,False,2010_publishedweek2010.xls
2010-03-26,15-44,303,2010,False,2010_publishedweek2010.xls
2010-04-02,15-44,230,2010,False,2010_publishedweek2010.xls
2010-04-09,15-44,288,2010,False,2010_publishedweek2010.xls
2010-04-16,15-44,321,2010,False,2010_publishedweek2010.xls
2010-04-23,15-44,333,2010,False,2010_publishedweek2010.xls
2010-04-30,15-44,325,2010,False,2010_publishedweek2010.xls
2010-05-07,15-44,240,2010,False,2010_publishedweek2010.xls
2010-05-14,15-44,335,2010,False,2010_publishedweek2010.xls
2010-05-21,15-44,356,2010,False,2010_publishedweek2010.xls
2010-05-28,15-44,352,2010,False,2010_publishedweek2010.xls
2010-06-04,15-44,244,2010,False,2010_publishedweek2010.xls
2010-06-11,15-44,303,2010,False,2010_publishedweek2010.xls
2010-06-18,15-44,291,2010,False,2010_publishedweek2010.xls
2010-06-25,15-44,311,2010,False,2010_publishedweek2010.xls
2010-07-02,15-44,279,2010,False,2010_publishedweek2010.xls
2010-07-09,15-44,313,2010,False,2010_publishedweek2010.xls
2010-07-16,15-44,291,2010,False,2010_publishedweek2010.xls
2010-07-23,15-44,302,2010,False,2010_publishedweek2010.xls
2010-07-30,15-44,289,2010,False,2010_publishedweek2010.xls
2010-08-06,15-44,355,2010,False,2010_publishedweek2010.xls
2010-08-13,15-44,327,2010,False,2010_publishedweek2010.xls
2010-08-20,15-44,280,2010,False,2010_publishedweek2010.xls
2010-08-27,15-44,278,2010,False,2010_publishedweek2010.xls
2010-09-03,15-44,249,2010,False,2010_publishedweek2010.xls
2010-09-10,15-44,322,2010,False,2010_publishedweek2010.xls
2010-09-17,15-44,320,2010,False,2010_publishedweek2010.xls
2010-09-24,15-44,317,2010,False,2010_publishedweek2010.xls
2010-10-01,15-44,282,2010,False,2010_publishedweek2010.xls
2010-10-08,15-44,315,2010,False,2010_publishedweek2010.xls
2010-10-15,15-44,307,2010,False,2010_publishedweek2010.xls
2010-10-22,15-44,318,2010,False,2010_publishedweek2010.xls
2010-10-29,15-44,323,2010,False,2010_publishedweek2010.xls
2010-11-05,15-44,318,2010,False,2010_publishedweek2010.xls
2010-11-12,15-44,307,2010,False,2010_publishedweek2010.xls
2010-11-19,15-44,319,2010,False,2010_publishedweek2010.xls
2010-11-26,15-44,307,2010,False,2010_publishedweek2010.xls
2010-12-03,15-44,280,2010,False,2010_publishedweek2010.xls
2010-12-10,15-44,338,2010,False,2010_publishedweek2010.xls
2010-12-17,15-44,349,2010,False,2010_publishedweek2010.xls
2010-12-24,15-44,405,2010,False,2010_publishedweek2010.xls
2010-12-31,15-44,218,2010,False,2010_publishedweek2010.xls
2011-01-07,15-44,306,2011,False,2011_publishedweek2011.xls
2011-01-14,15-44,378,2011,False,2011_publishedweek2011.xls
2011-01-21,15-44,388,2011,False,2011_publishedweek2011.xls
2011-01-28,15-44,331,2011,False,2011_publishedweek2011.xls
2011-02-04,15-44,327,2011,False,2011_publishedweek2011.xls
2011-02-11,15-44,302,2011,False,2011_publishedweek2011.xls
2011-02-18,15-44,340,2011,False,2011_publishedweek2011.xls
2011-02-25,15-44,287,2011,False,2011_publishedweek2011.xls
2011-03-04,15-44,286,2011,False,2011_publishedweek2011.xls
2011-03-11,15-44,299,2011,False,2011_publishedweek2011.xls
2011-03-18,15-44,304,2011,False,2011_publishedweek2011.xls
2011-03-25,15-44,312,2011,False,2011_publishedweek2011.xls
2011-04-01,15-44,264,2011,False,2011_publishedweek2011.xls
2011-04-08,15-44,289,2011,False,2011_publishedweek2011.xls
2011-04-15,15-44,312,2011,False,2011_publishedweek2011.xls
2011-04-22,15-44,239,2011,False,2011_publishedweek2011.xls
2011-04-29,15-44,257,2011,False,2011_publishedweek2011.xls
2011-05-06,15-44,315,2011,False,2011_publishedweek2011.xls
2011-05-13,15-44,352,2011,False,2011_publishedweek2011.xls
2011-05-20,15-44,291,2011,False,2011_publishedweek2011.xls
2011-05-27,15-44,302,2011,False,2011_publishedweek2011.xls
2011-06-03,15-44,255,2011,False,2011_publishedweek2011.xls
2011-06-10,15-44,325,2011,False,2011_publishedweek2011.xls
2011-06-17,15-44,296,2011,False,2011_publishedweek2011.xls
2011-06-24,15-44,290,2011,False,2011_publishedweek2011.xls
2011-07-01,15-44,323,2011,False,2011_publishedweek2011.xls
2011-07-08,15-44,301,2011,False,2011_publishedweek2011.xls
2011-07-15,15-44,258,2011,False,2011_publishedweek2011.xls
2011-07-22,15-44,305,2011,False,2011_publishedweek2011.xls
2011-07-29,15-44,260,2011,False,2011_publishedweek2011.xls
2011-08-05,15-44,297,2011,False,2011_publishedweek2011.xls
2011-08-12,15-44,272,2011,False,2011_publishedweek2011.xls
2011-08-19,15-44,291,2011,False,2011_publishedweek2011.xls
2011-08-26,15-44,287,2011,False,2011_publishedweek2011.xls
2011-09-02,15-44,254,2011,False,2011_publishedweek2011.xls
2011-09-09,15-44,249,2011,False,2011_publishedweek2011.xls
2011-09-16,15-44,279,2011,False,2011_publishedweek2011.xls
2011-09-23,15-44,309,2011,False,2011_publishedweek2011.xls
2011-09-30,15-44,302,2011,False,2011_publishedweek2011.xls
2011-10-07,15-44,268,2011,False,2011_publishedweek2011.xls
2011-10-14,15-44,288,2011,False,2011_publishedweek2011.xls
2011-10-21,15-44,264,2011,False,2011_publishedweek2011.xls
2011-10-28,15-44,306,2011,False,2011_publishedweek2011.xls
2011-11-04,15-44,285,2011,False,2011_publishedweek2011.xls
2011-11-11,15-44,288,2011,False,2011_publishedweek2011.xls
2011-11-18,15-44,312,2011,False,2011_publishedweek2011.xls
2011-11-25,15-44,274,2011,False,2011_publishedweek2011.xls
2011-12-02,15-44,287,2011,False,2011_publishedweek2011.xls
2011-12-09,15-44,308,2011,False,2011_publishedweek2011.xls
2011-12-16,15-44,314,2011,False,2011_publishedweek2011.xls
2011-12-23,15-44,327,2011,False,2011_publishedweek2011.xls
2011-12-30,15-44,176,2011,False,2011_publishedweek2011.xls
2012-01-06,15-44,181,2012,False,2012_publishedweek2012.xls
2012-01-13,15-44,282,2012,False,2012_publishedweek2012.xls
2012-01-20,15-44,279,2012,False,2012_publishedweek2012.xls
2012-01-27,15-44,285,2012,False,2012_publishedweek2012.xls
2012-02-03,15-44,280,2012,False,2012_publishedweek2012.xls
2012-02-10,15-44,312,2012,False,2012_publishedweek2012.xls
2012-02-17,15-44,290,2012,False,2012_publishedweek2012.xls
2012-02-24,15-44,320,2012,False,2012_publishedweek2012.xls
2012-03-02,15-44,278,2012,False,2012_publishedweek2012.xls
2012-03-09,15-44,318,2012,False,2012_publishedweek2012.xls
2012-03-16,15-44,270,2012,False,2012_publishedweek2012.xls
2012-03-23,15-44,296,2012,False,2012_publishedweek2012.xls
2012-03-30,15-44,290,2012,False,2012_publishedweek2012.xls
2012-04-06,15-44,301,2012,False,2012_publishedweek2012.xls
2012-04-13,15-44,278,2012,False,2012_publishedweek2012.xls
2012-04-20,15-44,306,2012,False,2012_publishedweek2012.xls
2012-04-27,15-44,288,2012,False,2012_publishedweek2012.xls
2012-05-04,15-44,301,2012,False,2012_publishedweek2012.xls
2012-05-11,15-44,241,2012,False,2012_publishedweek2012.xls
2012-05-18,15-44,306,2012,False,2012_publishedweek2012.xls
2012-05-25,15-44,273,2012,False,2012_publishedweek2012.xls
2012-06-01,15-44,303,2012,False,2012_publishedweek2012.xls
2012-06-08,15-44,185,2012,False,2012_publishedweek2012.xls
2012-06-15,15-44,300,2012,False,2012_publishedweek2012.xls
2012-06-22,15-44,289,2012,False,2012_publishedweek2012.xls
2012-06-29,15-44,256,2012,False,2012_publishedweek2012.xls
2012-07-06,15-44,266,2012,False,2012_publishedweek2012.xls
2012-07-13,15-44,260,2012,False,2012_publishedweek2012.xls
2012-07-20,15-44,292,2012,False,2012_publishedweek2012.xls
2012-07-27,15-44,283,2012,False,2012_publishedweek2012.xls
2012-08-03,15-44,271,2012,False,2012_publishedweek2012.xls
2012-08-10,15-44,249,2012,False,2012_publishedweek2012.xls
2012-08-17,15-44,268,2012,False,2012_publishedweek2012.xls
2012-08-24,15-44,283,2012,False,2012_publishedweek2012.xls
2012-08-31,15-44,243,2012,False,2012_publishedweek2012.xls
2012-09-07,15-44,243,2012,False,2012_publishedweek2012.xls
2012-09-14,15-44,259,2012,False,2012_publishedweek2012.xls
2012-09-21,15-44,319,2012,False,2012_publishedweek2012.xls
2012-09-28,15-44,246,2012,False,2012_publishedweek2012.xls
2012-10-05,15-44,234,2012,False,2012_publishedweek2012.xls
2012-10-12,15-44,270,2012,False,2012_publishedweek2012.xls
2012-10-19,15-44,245,2012,False,2012_publishedweek2012.xls
2012-10-26,15-44,280,2012,False,2012_publishedweek2012.xls
2012-11-02,15-44,284,2012,False,2012_publishedweek2012.xls
2012-11-09,15-44,304,2012,False,2012_publishedweek2012.xls
2012-11-16,15-44,288,2012,False,2012_publishedweek2012.xls
2012-11-23,15-44,307,2012,False,2012_publishedweek2012.xls
2012-11-30,15-44,268,2012,False,2012_publishedweek2012.xls
2012-12-07,15-44,283,2012,False,2012_publishedweek2012.xls
2012-12-14,15-44,334,2012,False,2012_publishedweek2012.xls
2012-12-21,15-44,306,2012,False,2012_publishedweek2012.xls
2012-12-28,15-44,200,2012,False,2012_publishedweek2012.xls
2013-01-04,15-44,220,2013,False,2013_publishedweek2013.xls
2013-01-11,15-44,315,2013,False,2013_publishedweek2013.xls
2013-01-18,15-44,324,2013,False,2013_publishedweek2013.xls
2013-01-25,15-44,285,2013,False,2013_publishedweek2013.xls
2013-02-01,15-44,253,2013,False,2013_publishedweek2013.xls
2013-02-08,15-44,295,2013,False,2013_publishedweek2013.xls
2013-02-15,15-44,357,2013,False,2013_publishedweek2013.xls
2013-02-22,15-44,292,2013,False,2013_publishedweek2013.xls
2013-03-01,15-44,318,2013,False,2013_publishedweek2013.xls
2013-03-08,15-44,279,2013,False,2013_publishedweek2013.xls
2013-03-15,15-44,313,2013,False,2013_publishedweek2013.xls
2013-03-22,15-44,297,2013,False,2013_publishedweek2013.xls
2013-03-29,15-44,238,2013,False,2013_publishedweek2013.xls
2013-04-05,15-44,276,2013,False,2013_publishedweek2013.xls
2013-04-12,15-44,308,2013,False,2013_publishedweek2013.xls
2013-04-19,15-44,285,2013,False,2013_publishedweek2013.xls
2013-04-26,15-44,328,2013,False,2013_publishedweek2013.xls
2013-05-03,15-44,330,2013,False,2013_publishedweek2013.xls
2013-05-10,15-44,269,2013,False,2013_publishedweek2013.xls
2013-05-17,15-44,278,2013,False,2013_publishedweek2013.xls
2013-05-24,15-44,255,2013,False,2013_publishedweek2013.xls
2013-05-31,15-44,223,2013,False,2013_publishedweek2013.xls
2013-06-07,15-44,298,2013,False,2013_publishedweek2013.xls
2013-06-14,15-44,249,2013,False,2013_publishedweek2013.xls
2013-06-21,15-44,287,2013,False,2013_publishedweek2013.xls
2013-06-28,15-44,295,2013,False,2013_publishedweek2013.xls
2013-07-05,15-44,262,2013,False,2013_publishedweek2013.xls
2013-07-12,15-44,274,2013,False,2013_publishedweek2013.xls
2013-07-19,15-44,290,2013,False,2013_publishedweek2013.xls
2013-07-26,15-44,269,2013,False,2013_publishedweek2013.xls
2013-08-02,15-44,256,2013,False,2013_publishedweek2013.xls
2013-08-09,15-44,274,2013,False,2013_publishedweek2013.xls
2013-08-16,15-44,271,2013,False,2013_publishedweek2013.xls
2013-08-23,15-44,251,2013,False,2013_publishedweek2013.xls
2013-08-30,15-44,223,2013,False,2013_publishedweek2013.xls
2013-09-06,15-44,290,2013,False,2013_publishedweek2013.xls
2013-09-13,15-44,247,2013,False,2013_publishedweek2013.xls
2013-09-20,15-44,263,2013,False,2013_publishedweek2013.xls
2013-09-27,15-44,282,2013,False,2013_publishedweek2013.xls
2013-10-04,15-44,302,2013,False,2013_publishedweek2013.xls
2013-10-11,15-44,316,2013,False,2013_publishedweek2013.xls
2013-10-18,15-44,288,2013,False,2013_publishedweek2013.xls
2013-10-25,15-44,274,2013,False,2013_publishedweek2013.xls
2013-11-01,15-44,293,2013,False,2013_publishedweek2013.xls
2013-11-08,15-44,276,2013,False,2013_publishedweek2013.xls
2013-11-15,15-44,316,2013,False,2013_publishedweek2013.xls
2013-11-22,15-44,310,2013,False,2013_publishedweek2013.xls
2013-11-29,15-44,324,2013,False,2013_publishedweek2013.xls
2013-12-06,15-44,295,2013,False,2013_publishedweek2013.xls
2013-12-13,15-44,318,2013,False,2013_publishedweek2013.xls
2013-12-20,15-44,375,2013,False,2013_publishedweek2013.xls
2013-12-27,15-44,189,2013,False,2013_publishedweek2013.xls
2014-01-03,15-44,213,2014,False,2014_publishedweek2014.xls
2014-01-10,15-44,276,2014,False,2014_publishedweek2014.xls
2014-01-17,15-44,278,2014,False,2014_publishedweek2014.xls
2014-01-24,15-44,301,2014,False,2014_publishedweek2014.xls
2014-01-31,15-44,313,2014,False,2014_publishedweek2014.xls
2014-02-07,15-44,303,2014,False,2014_publishedweek2014.xls
2014-02-14,15-44,328,2014,False,2014_publishedweek2014.xls
2014-02-21,15-44,310,2014,False,2014_publishedweek2014.xls
2014-02-28,15-44,312,2014,False,2014_publishedweek2014.xls
2014-03-07,15-44,329,2014,False,2014_publishedweek2014.xls
2014-03-14,15-44,332,2014,False,2014_publishedweek2014.xls
2014-03-21,15-44,330,2014,False,2014_publishedweek2014.xls
2014-03-28,15-44,270,2014,False,2014_publishedweek2014.xls
2014-04-04,15-44,310,2014,False,2014_publishedweek2014.xls
2014-04-11,15-44,299,2014,False,2014_publishedweek2014.xls
2014-04-18,15-44,243,2014,False,2014_publishedweek2014.xls
2014-04-25,15-44,277,2014,False,2014_publishedweek2014.xls
2014-05-02,15-44,356,2014,False,2014_publishedweek2014.xls
2014-05-09,15-44,226,2014,False,2014_publishedweek2014.xls
2014-05-16,15-44,291,2014,False,2014_publishedweek2014.xls
2014-05-23,15-44,319,2014,False,2014_publishedweek2014.xls
2014-05-30,15-44,210,2014,False,2014_publishedweek2014.xls
2014-06-06,15-44,301,2014,False,2014_publishedweek2014.xls
2014-06-13,15-44,292,2014,False,2014_publishedweek2014.xls
2014-06-20,15-44,313,2014,False,2014_publishedweek2014.xls
2014-06-27,15-44,285,2014,False,2014_publishedweek2014.xls
2014-07-04,15-44,251,2014,False,2014_publishedweek2014.xls
2014-07-11,15-44,296,2014,False,2014_publishedweek2014.xls
2014-07-18,15-44,276,2014,False,2014_publishedweek2014.xls
2014-07-25,15-44,234,2014,False,2014_publishedweek2014.xls
2014-08-01,15-44,312,2014,False,2014_publishedweek2014.xls
2014-08-08,15-44,248,2014,False,2014_publishedweek2014.xls
2014-08-15,15-44,293,2014,False,2014_publishedweek2014.xls
2014-08-22,15-44,268,2014,False,2014_publishedweek2014.xls
2014-08-29,15-44,246,2014,False,2014_publishedweek2014.xls
2014-09-05,15-44,247,2014,False,2014_publishedweek2014.xls
2014-09-12,15-44,300,2014,False,2014_publishedweek2014.xls
2014-09-19,15-44,262,2014,False,2014_publishedweek2014.xls
2014-09-26,15-44,292,2014,False,2014_publishedweek2014.xls
2014-10-03,15-44,288,2014,False,2014_publishedweek2014.xls
2014-10-10,15-44,270,2014,False,2014_publishedweek2014.xls
2014-10-17,15-44,273,2014,False,2014_publishedweek2014.xls
2014-10-24,15-44,285,2014,False,2014_publishedweek2014.xls
2014-10-31,15-44,312,2014,False,2014_publishedweek2014.xls
2014-11-07,15-44,289,2014,False,2014_publishedweek2014.xls
2014-11-14,15-44,300,2014,False,2014_publishedweek2014.xls
2014-11-21,15-44,288,2014,False,2014_publishedweek2014.xls
2014-11-28,15-44,321,2014,False,2014_publishedweek2014.xls
2014-12-05,15-44,339,2014,False,2014_publishedweek2014.xls
2014-12-12,15-44,300,2014,False,2014_publishedweek2014.xls
2014-12-19,15-44,285,2014,False,2014_publishedweek2014.xls
2014-12-26,15-44,189,2014,False,2014_publishedweek2014.xls
2015-01-02,15-44,198,2015,False,2015_publishedweek2015.xls
2015-01-09,15-44,298,2015,False,2015_publishedweek2015.xls
2015-01-16,15-44,316,2015,False,2015_publishedweek2015.xls
2015-01-23,15-44,318,2015,False,2015_publishedweek2015.xls
2015-01-30,15-44,329,2015,False,2015_publishedweek2015.xls
2015-02-06,15-44,286,2015,False,2015_publishedweek2015.xls
2015-02-13,15-44,312,2015,False,2015_publishedweek2015.xls
2015-02-20,15-44,303,2015,False,2015_publishedweek2015.xls
2015-02-27,15-44,296,2015,False,2015_publishedweek2015.xls
2015-03-06,15-44,291,2015,False,2015_publishedweek2015.xls
2015-03-13,15-44,272,2015,False,2015_publishedweek2015.xls
2015-03-20,15-44,302,2015,False,2015_publishedweek2015.xls
2015-03-27,15-44,286,2015,False,2015_publishedweek2015.xls
2015-04-03,15-44,214,2015,False,2015_publishedweek2015.xls
2015-04-10,15-44,271,2015,False,2015_publishedweek2015.xls
2015-04-17,15-44,321,2015,False,2015_publishedweek2015.xls
2015-04-24,15-44,298,2015,False,2015_publishedweek2015.xls
2015-05-01,15-44,277,2015,False,2015_publishedweek2015.xls
2015-05-08,15-44,224,2015,False,2015_publishedweek2015.xls
2015-05-15,15-44,309,2015,False,2015_publishedweek2015.xls
2015-05-22,15-44,304,2015,False,2015_publishedweek2015.xls
2015-05-29,15-44,213,2015,False,2015_publishedweek2015.xls
2015-06-05,15-44,295,2015,False,2015_publishedweek2015.xls
2015-06-12,15-44,270,2015,False,2015_publishedweek2015.xls
2015-06-19,15-44,279,2015,False,2015_publishedweek2015.xls
2015-06-26,15-44,298,2015,False,2015_publishedweek2015.xls
2015-07-03,15-44,288,2015,False,2015_publishedweek2015.xls
2015-07-10,15-44,272,2015,False,2015_publishedweek2015.xls
2015-07-17,15-44,268,2015,False,2015_publishedweek2015.xls
2015-07-24,15-44,288,2015,False,2015_publishedweek2015.xls
2015-07-31,15-44,299,2015,False,2015_publishedweek2015.xls
2015-08-07,15-44,264,2015,False,2015_publishedweek2015.xls
2015-08-14,15-44,286,2015,False,2015_publishedweek2015.xls
2015-08-21,15-44,298,2015,False,2015_publishedweek2015.xls
2015-08-28,15-44,314,2015,False,2015_publishedweek2015.xls
2015-09-04,15-44,224,2015,False,2015_publishedweek2015.xls
2015-09-11,15-44,278,2015,False,2015_publishedweek2015.xls
2015-09-18,15-44,287,2015,False,2015_publishedweek2015.xls
2015-09-25,15-44,295,2015,False,2015_publishedweek2015.xls
2015-10-02,15-44,299,2015,False,2015_publishedweek2015.xls
2015-10-09,15-44,297,2015,False,2015_publishedweek2015.xls
2015-10-16,15-44,256,2015,False,2015_publishedweek2015.xls
2015-10-23,15-44,292,2015,False,2015_publishedweek2015.xls
2015-10-30,15-44,277,2015,False,2015_publishedweek2015.xls
2015-11-06,15-44,304,2015,False,2015_publishedweek2015.xls
2015-11-13,15-44,261,2015,False,2015_publishedweek2015.xls
2015-11-20,15-44,295,2015,False,2015_publishedweek2015.xls
2015-11-27,15-44,317,2015,False,2015_publishedweek2015.xls
2015-12-04,15-44,295,2015,False,2015_publishedweek2015.xls
2015-12-11,15-44,286,2015,False,2015_publishedweek2015.xls
2015-12-18,15-44,365,2015,False,2015_publishedweek2015.xls
2015-12-25,15-44,246,2015,False,2015_publishedweek2015.xls
2016-01-01,15-44,146,2015,False,2015_publishedweek2015.xls
2016-01-08,15-44,299,2016,False,2016_publishedweek522016.xls
2016-01-15,15-44,326,2016,False,2016_publishedweek522016.xls
2016-01-22,15-44,345,2016,False,2016_publishedweek522016.xls
2016-01-29,15-44,324,2016,False,2016_publishedweek522016.xls
2016-02-05,15-44,314,2016,False,2016_publishedweek522016.xls
2016-02-12,15-44,331,2016,False,2016_publishedweek522016.xls
2016-02-19,15-44,305,2016,False,2016_publishedweek522016.xls
2016-02-26,15-44,267,2016,False,2016_publishedweek522016.xls
2016-03-04,15-44,318,2016,False,2016_publishedweek522016.xls
2016-03-11,15-44,273,2016,False,2016_publishedweek522016.xls
2016-03-18,15-44,295,2016,False,2016_publishedweek522016.xls
2016-03-25,15-44,247,2016,False,2016_publishedweek522016.xls
2016-04-01,15-44,264,2016,False,2016_publishedweek522016.xls
2016-04-08,15-44,306,2016,False,2016_publishedweek522016.xls
2016-04-15,15-44,311,2016,False,2016_publishedweek522016.xls
2016-04-22,15-44,319,2016,False,2016_publishedweek522016.xls
2016-04-29,15-44,327,2016,False,2016_publishedweek522016.xls
2016-05-06,15-44,348,2016,False,2016_publishedweek522016.xls
2016-05-13,15-44,308,2016,False,2016_publishedweek522016.xls
2016-05-20,15-44,328,2016,False,2016_publishedweek522016.xls
2016-05-27,15-44,326,2016,False,2016_publishedweek522016.xls
2016-06-03,15-44,214,2016,False,2016_publishedweek522016.xls
2016-06-10,15-44,268,2016,False,2016_publishedweek522016.xls
2016-06-17,15-44,255,2016,False,2016_publishedweek522016.xls
2016-06-24,15-44,295,2016,False,2016_publishedweek522016.xls
2016-07-01,15-44,303,2016,False,2016_publishedweek522016.xls
2016-07-08,15-44,287,2016,False,2016_publishedweek522016.xls
2016-07-15,15-44,279,2016,False,2016_publishedweek522016.xls
2016-07-22,15-44,282,2016,False,2016_publishedweek522016.xls
2016-07-29,15-44,312,2016,False,2016_publishedweek522016.xls
2016-08-05,15-44,276,2016,False,2016_publishedweek522016.xls
2016-08-12,15-44,277,2016,False,2016_publishedweek522016.xls
2016-08-19,15-44,276,2016,False,2016_publishedweek522016.xls
2016-08-26,15-44,241,2016,False,2016_publishedweek522016.xls
2016-09-02,15-44,228,2016,False,2016_publishedweek522016.xls
2016-09-09,15-44,283,2016,False,2016_publishedweek522016.xls
2016-09-16,15-44,265,2016,False,2016_publishedweek522016.xls
2016-09-23,15-44,264,2016,False,2016_publishedweek522016.xls
2016-09-30,15-44,297,2016,False,2016_publishedweek522016.xls
2016-10-07,15-44,275,2016,False,2016_publishedweek522016.xls
2016-10-14,15-44,272,2016,False,2016_publishedweek522016.xls
2016-10-21,15-44,276,2016,False,2016_publishedweek522016.xls
2016-10-28,15-44,271,2016,False,2016_publishedweek522016.xls
2016-11-04,15-44,281,2016,False,2016_publishedweek522016.xls
2016-11-11,15-44,278,2016,False,2016_publishedweek522016.xls
2016-11-18,15-44,355,2016,False,2016_publishedweek522016.xls
2016-11-25,15-44,284,2016,False,2016_publishedweek522016.xls
2016-12-02,15-44,345,2016,False,2016_publishedweek522016.xls
2016-12-09,15-44,310,2016,False,2016_publishedweek522016.xls
2016-12-16,15-44,281,2016,False,2016_publishedweek522016.xls
2016-12-23,15-44,339,2016,False,2016_publishedweek522016.xls
2016-12-30,15-44,178,2016,False,2016_publishedweek522016.xls
2017-01-06,15-44,215,2017,False,2017_publishedweek522017.xls
2017-01-13,15-44,287,2017,False,2017_publishedweek522017.xls
2017-01-20,15-44,301,2017,False,2017_publishedweek522017.xls
2017-01-27,15-44,286,2017,False,2017_publishedweek522017.xls
2017-02-03,15-44,308,2017,False,2017_publishedweek522017.xls
2017-02-10,15-44,293,2017,False,2017_publishedweek522017.xls
2017-02-17,15-44,295,2017,False,2017_publishedweek522017.xls
2017-02-24,15-44,286,2017,False,2017_publishedweek522017.xls
2017-03-03,15-44,254,2017,False,2017_publishedweek522017.xls
2017-03-10,15-44,316,2017,False,2017_publishedweek522017.xls
2017-03-17,15-44,274,2017,False,2017_publishedweek522017.xls
2017-03-24,15-44,268,2017,False,2017_publishedweek522017.xls
2017-03-31,15-44,307,2017,False,2017_publishedweek522017.xls
2017-04-07,15-44,277,2017,False,2017_publishedweek522017.xls
2017-04-14,15-44,235,2017,False,2017_publishedweek522017.xls
2017-04-21,15-44,280,2017,False,2017_publishedweek522017.xls
2017-04-28,15-44,273,2017,False,2017_publishedweek522017.xls
2017-05-05,15-44,268,2017,False,2017_publishedweek522017.xls
2017-05-12,15-44,323,2017,False,2017_publishedweek522017.xls
2017-05-19,15-44,291,2017,False,2017_publishedweek522017.xls
2017-05-26,15-44,307,2017,False,2017_publishedweek522017.xls
2017-06-02,15-44,223,2017,False,2017_publishedweek522017.xls
2017-06-09,15-44,308,2017,False,2017_publishedweek522017.xls
2017-06-16,15-44,259,2017,False,2017_publishedweek522017.xls
2017-06-23,15-44,300,2017,False,2017_publishedweek522017.xls
2017-06-30,15-44,275,2017,False,2017_publishedweek522017.xls
2017-07-07,15-44,293,2017,False,2017_publishedweek522017.xls
2017-07-14,15-44,270,2017,False,2017_publishedweek522017.xls
2017-07-21,15-44,331,2017,False,2017_publishedweek522017.xls
2017-07-28,15-44,280,2017,False,2017_publishedweek522017.xls
2017-08-04,15-44,269,2017,False,2017_publishedweek522017.xls
2017-08-11,15-44,257,2017,False,2017_publishedweek522017.xls
2017-08-18,15-44,293,2017,False,2017_publishedweek522017.xls
2017-08-25,15-44,286,2017,False,2017_publishedweek522017.xls
2017-09-01,15-44,211,2017,False,2017_publishedweek522017.xls
2017-09-08,15-44,273,2017,False,2017_publishedweek522017.xls
2017-09-15,15-44,277,2017,False,2017_publishedweek522017.xls
2017-09-22,15-44,294,2017,False,2017_publishedweek522017.xls
2017-09-29,15-44,243,2017,False,2017_publishedweek522017.xls
2017-10-06,15-44,284,2017,False,2017_publishedweek522017.xls
2017-10-13,15-44,245,2017,False,2017_publishedweek522017.xls
2017-10-20,15-44,293,2017,False,2017_publishedweek522017.xls
2017-10-27,15-44,269,2017,False,2017_publishedweek522017.xls
2017-11-03,15-44,288,2017,False,2017_publishedweek522017.xls
2017-11-10,15-44,322,2017,False,2017_publishedweek522017.xls
2017-11-17,15-44,308,2017,False,2017_publishedweek522017.xls
2017-11-24,15-44,310,2017,False,2017_publishedweek522017.xls
2017-12-01,15-44,295,2017,False,2017_publishedweek522017.xls
2017-12-08,15-44,268,2017,False,2017_publishedweek522017.xls
2017-12-15,15-44,267,2017,False,2017_publishedweek522017.xls
2017-12-22,15-44,307,2017,False,2017_publishedweek522017.xls
2017-12-29,15-44,172,2017,False,2017_publishedweek522017.xls
2018-01-05,15-44,208,2018,False,2018_publishedweek522018withupdatedrespiratoryrow.xls
2018-01-12,15-44,302,2018,False,2018_publishedweek522018withupdatedrespiratoryrow.xls
2018-01-19,15-44,286,2018,False,2018_publishedweek522018withupdatedrespiratoryrow.xls
2018-01-26,15-44,298,2018,False,2018_publishedweek522018withupdatedrespiratoryrow.xls
2018-02-02,15-44,339,2018,False,2018_publishedweek522018withupdatedrespiratoryrow.xls
2018-02-09,15-44,293,2018,False,2018_publishedweek522018withupdatedrespiratoryrow.xls
2018-02-16,15-44,318,2018,False,2018_publishedweek522018withupdatedrespiratoryrow.xls
2018-02-23,15-44,294,2018,False,2018_publishedweek522018withupdatedrespiratoryrow.xls
2018-03-02,15-44,254,2018,False,2018_publishedweek522018withupdatedrespiratoryrow.xls
2018-03-09,15-44,287,2018,False,2018_publishedweek522018withupdatedrespiratoryrow.xls
2018-03-16,15-44,329,2018,False,2018_publishedweek522018withupdatedrespiratoryrow.xls
2018-03-23,15-44,278,2018,False,2018_publishedweek522018withupdatedrespiratoryrow.xls
2018-03-30,15-44,261,2018,False,2018_publishedweek522018withupdatedrespiratoryrow.xls
2018-04-06,15-44,260,2018,False,2018_publishedweek522018withupdatedrespiratoryrow.xls
2018-04-13,15-44,337,2018,False,2018_publishedweek522018withupdatedrespiratoryrow.xls
2018-04-20,15-44,301,2018,False,2018_publishedweek522018withupdatedrespiratoryrow.xls
2018-04-27,15-44,340,2018,False,2018_publishedweek522018withupdatedrespiratoryrow.xls
2018-05-04,15-44,308,2018,False,2018_publishedweek522018withupdatedrespiratoryrow.xls
2018-05-11,15-44,247,2018,False,2018_publishedweek522018withupdatedrespiratoryrow.xls
2018-05-18,15-44,300,2018,False,2018_publishedweek522018withupdatedrespiratoryrow.xls
2018-05-25,15-44,294,2018,False,2018_publishedweek522018withupdatedrespiratoryrow.xls
2018-06-01,15-44,250,2018,False,2018_publishedweek522018withupdatedrespiratoryrow.xls
2018-06-08,15-44,298,2018,False,2018_publishedweek522018withupdatedrespiratoryrow.xls
2018-06-15,15-44,286,2018,False,2018_publishedweek522018withupdatedrespiratoryrow.xls
2018-06-22,15-44,308,2018,False,2018_publishedweek522018withupdatedrespiratoryrow.xls
2018-06-29,15-44,306,2018,False,2018_publishedweek522018withupdatedrespiratoryrow.xls
2018-07-06,15-44,286,2018,False,2018_publishedweek522018withupdatedrespiratoryrow.xls
2018-07-13,15-44,304,2018,False,2018_publishedweek522018withupdatedrespiratoryrow.xls
2018-07-20,15-44,304,2018,False,2018_publishedweek522018withupdatedrespiratoryrow.xls
2018-07-27,15-44,291,2018,False,2018_publishedweek522018withupdatedrespiratoryrow.xls
2018-08-03,15-44,286,2018,False,2018_publishedweek522018withupdatedrespiratoryrow.xls
2018-08-10,15-44,328,2018,False,2018_publishedweek522018withupdatedrespiratoryrow.xls
2018-08-17,15-44,253,2018,False,2018_publishedweek522018withupdatedrespiratoryrow.xls
2018-08-24,15-44,250,2018,False,2018_publishedweek522018withupdatedrespiratoryrow.xls
2018-08-31,15-44,233,2018,False,2018_publishedweek522018withupdatedrespiratoryrow.xls
2018-09-07,15-44,323,2018,False,2018_publishedweek522018withupdatedrespiratoryrow.xls
2018-09-14,15-44,275,2018,False,2018_publishedweek522018withupdatedrespiratoryrow.xls
2018-09-21,15-44,292,2018,False,2018_publishedweek522018withupdatedrespiratoryrow.xls
2018-09-28,15-44,270,2018,False,2018_publishedweek522018withupdatedrespiratoryrow.xls
2018-10-05,15-44,287,2018,False,2018_publishedweek522018withupdatedrespiratoryrow.xls
2018-10-12,15-44,328,2018,False,2018_publishedweek522018withupdatedrespiratoryrow.xls
2018-10-19,15-44,301,2018,False,2018_publishedweek522018withupdatedrespiratoryrow.xls
2018-10-26,15-44,309,2018,False,2018_publishedweek522018withupdatedrespiratoryrow.xls
2018-11-02,15-44,289,2018,False,2018_publishedweek522018withupdatedrespiratoryrow.xls
2018-11-09,15-44,308,2018,False,2018_publishedweek522018withupdatedrespiratoryrow.xls
2018-11-16,15-44,292,2018,False,2018_publishedweek522018withupdatedrespiratoryrow.xls
2018-11-23,15-44,312,2018,False,2018_publishedweek522018withupdatedrespiratoryrow.xls
2018-11-30,15-44,317,2018,False,2018_publishedweek522018withupdatedrespiratoryrow.xls
2018-12-07,15-44,326,2018,False,2018_publishedweek522018withupdatedrespiratoryrow.xls
2018-12-14,15-44,295,2018,False,2018_publishedweek522018withupdatedrespiratoryrow.xls
2018-12-21,15-44,333,2018,False,2018_publishedweek522018withupdatedrespiratoryrow.xls
2018-12-28,15-44,166,2018,False,2018_publishedweek522018withupdatedrespiratoryrow.xls
2019-01-04,15-44,215,2019,False,2019_publishedweek522019.xls
2019-01-11,15-44,280,2019,False,2019_publishedweek522019.xls
2019-01-18,15-44,319,2019,False,2019_publishedweek522019.xls
2019-01-25,15-44,339,2019,False,2019_publishedweek522019.xls
2019-02-01,15-44,307,2019,False,2019_publishedweek522019.xls
2019-02-08,15-44,267,2019,False,2019_publishedweek522019.xls
2019-02-15,15-44,305,2019,False,2019_publishedweek522019.xls
2019-02-22,15-44,276,2019,False,2019_publishedweek522019.xls
2019-03-01,15-44,288,2019,False,2019_publishedweek522019.xls
2019-03-08,15-44,303,2019,False,2019_publishedweek522019.xls
2019-03-15,15-44,299,2019,False,2019_publishedweek522019.xls
2019-03-22,15-44,293,2019,False,2019_publishedweek522019.xls
2019-03-29,15-44,289,2019,False,2019_publishedweek522019.xls
2019-04-05,15-44,296,2019,False,2019_publishedweek522019.xls
2019-04-12,15-44,288,2019,False,2019_publishedweek522019.xls
2019-04-19,15-44,251,2019,False,2019_publishedweek522019.xls
2019-04-26,15-44,273,2019,False,2019_publishedweek522019.xls
2019-05-03,15-44,297,2019,False,2019_publishedweek522019.xls
2019-05-10,15-44,262,2019,False,2019_publishedweek522019.xls
2019-05-17,15-44,304,2019,False,2019_publishedweek522019.xls
2019-05-24,15-44,309,2019,False,2019_publishedweek522019.xls
2019-05-31,15-44,239,2019,False,2019_publishedweek522019.xls
2019-06-07,15-44,306,2019,False,2019_publishedweek522019.xls
2019-06-14,15-44,298,2019,False,2019_publishedweek522019.xls
2019-06-21,15-44,279,2019,False,2019_publishedweek522019.xls
2019-06-28,15-44,273,2019,False,2019_publishedweek522019.xls
2019-07-05,15-44,255,2019,False,2019_publishedweek522019.xls
2019-07-12,15-44,259,2019,False,2019_publishedweek522019.xls
2019-07-19,15-44,279,2019,False,2019_publishedweek522019.xls
2019-07-26,15-44,267,2019,False,2019_publishedweek522019.xls
2019-08-02,15-44,265,2019,False,2019_publishedweek522019.xls
2019-08-09,15-44,245,2019,False,2019_publishedweek522019.xls
2019-08-16,15-44,277,2019,False,2019_publishedweek522019.xls
2019-08-23,15-44,264,2019,False,2019_publishedweek522019.xls
2019-08-30,15-44,224,2019,False,2019_publishedweek522019.xls
2019-09-06,15-44,268,2019,False,2019_publishedweek522019.xls
2019-09-13,15-44,297,2019,False,2019_publishedweek522019.xls
2019-09-20,15-44,264,2019,False,2019_publishedweek522019.xls
2019-09-27,15-44,269,2019,False,2019_publishedweek522019.xls
2019-10-04,15-44,325,2019,False,2019_publishedweek522019.xls
2019-10-11,15-44,302,2019,False,2019_publishedweek522019.xls
2019-10-18,15-44,303,2019,False,2019_publishedweek522019.xls
2019-10-25,15-44,281,2019,False,2019_publishedweek522019.xls
2019-11-01,15-44,289,2019,False,2019_publishedweek522019.xls
2019-11-08,15-44,314,2019,False,2019_publishedweek522019.xls
2019-11-15,15-44,271,2019,False,2019_publishedweek522019.xls
2019-11-22,15-44,283,2019,False,2019_publishedweek522019.xls
2019-11-29,15-44,312,2019,False,2019_publishedweek522019.xls
2019-12-06,15-44,315,2019,False,2019_publishedweek522019.xls
2019-12-13,15-44,315,2019,False,2019_publishedweek522019.xls
2019-12-20,15-44,368,2019,False,2019_publishedweek522019.xls
2019-12-27,15-44,148,2019,False,2019_publishedweek522019.xls
2020-01-03,15-44,189,2020,False,2020_publishedweek532020.xlsx
2020-01-10,15-44,275,2020,False,2020_publishedweek532020.xlsx
2020-01-17,15-44,314,2020,False,2020_publishedweek532020.xlsx
2020-01-24,15-44,314,2020,False,2020_publishedweek532020.xlsx
2020-01-31,15-44,308,2020,False,2020_publishedweek532020.xlsx
2020-02-07,15-44,271,2020,False,2020_publishedweek532020.xlsx
2020-02-14,15-44,286,2020,False,2020_publishedweek532020.xlsx
2020-02-21,15-44,321,2020,False,2020_publishedweek532020.xlsx
2020-02-28,15-44,315,2020,False,2020_publishedweek532020.xlsx
2020-03-06,15-44,312,2020,False,2020_publishedweek532020.xlsx
2020-03-13,15-44,311,2020,False,2020_publishedweek532020.xlsx
2020-03-20,15-44,275,2020,False,2020_publishedweek532020.xlsx
2020-03-27,15-44,283,2020,False,2020_publishedweek532020.xlsx
2020-04-03,15-44,288,2020,False,2020_publishedweek532020.xlsx
2020-04-10,15-44,332,2020,False,2020_publishedweek532020.xlsx
2020-04-17,15-44,353,2020,False,2020_publishedweek532020.xlsx
2020-04-24,15-44,404,2020,False,2020_publishedweek532020.xlsx
2020-05-01,15-44,345,2020,False,2020_publishedweek532020.xlsx
2020-05-08,15-44,233,2020,False,2020_publishedweek532020.xlsx
2020-05-15,15-44,287,2020,False,2020_publishedweek532020.xlsx
2020-05-22,15-44,339,2020,False,2020_publishedweek532020.xlsx
2020-05-29,15-44,232,2020,False,2020_publishedweek532020.xlsx
2020-06-05,15-44,267,2020,False,2020_publishedweek532020.xlsx
2020-06-12,15-44,287,2020,False,2020_publishedweek532020.xlsx
2020-06-19,15-44,263,2020,False,2020_publishedweek532020.xlsx
2020-06-26,15-44,219,2020,False,2020_publishedweek532020.xlsx
2020-07-03,15-44,272,2020,False,2020_publishedweek532020.xlsx
2020-07-10,15-44,264,2020,False,2020_publishedweek532020.xlsx
2020-07-17,15-44,277,2020,False,2020_publishedweek532020.xlsx
2020-07-24,15-44,275,2020,False,2020_publishedweek532020.xlsx
2020-07-31,15-44,288,2020,False,2020_publishedweek532020.xlsx
2020-08-07,15-44,329,2020,False,2020_publishedweek532020.xlsx
2020-08-14,15-44,289,2020,False,2020_publishedweek532020.xlsx
2020-08-21,15-44,295,2020,False,2020_publishedweek532020.xlsx
2020-08-28,15-44,271,2020,False,2020_publishedweek532020.xlsx
2020-09-04,15-44,242,2020,False,2020_publishedweek532020.xlsx
2020-09-11,15-44,303,2020,False,2020_publishedweek532020.xlsx
2020-09-18,15-44,317,2020,False,2020_publishedweek532020.xlsx
2020-09-25,15-44,314,2020,False,2020_publishedweek532020.xlsx
2020-10-02,15-44,279,2020,False,2020_publishedweek532020.xlsx
2020-10-09,15-44,292,2020,False,2020_publishedweek532020.xlsx
2020-10-16,15-44,296,2020,False,2020_publishedweek532020.xlsx
2020-10-23,15-44,327,2020,False,2020_publishedweek532020.xlsx
2020-10-30,15-44,323,2020,False,2020_publishedweek532020.xlsx
2020-11-06,15-44,326,2020,False,2020_publishedweek532020.xlsx
2020-11-13,15-44,319,2020,False,2020_publishedweek532020.xlsx
2020-11-20,15-44,324,2020,False,2020_publishedweek532020.xlsx
2020-11-27,15-44,350,2020,False,2020_publishedweek532020.xlsx
2020-12-04,15-44,339,2020,False,2020_publishedweek532020.xlsx
2020-12-11,15-44,310,2020,False,2020_publishedweek532020.xlsx
2020-12-18,15-44,318,2020,False,2020_publishedweek532020.xlsx
2020-12-25,15-44,281,2020,False,2020_publishedweek532020.xlsx
2021-01-01,15-44,180,2020,False,2020_publishedweek532020.xlsx
2021-01-08,15-44,303,2021,False,2021_publishedweek522021.xlsx
2021-01-15,15-44,387,2021,False,2021_publishedweek522021.xlsx
2021-01-22,15-44,416,2021,False,2021_publishedweek522021.xlsx
2021-01-29,15-44,400,2021,False,2021_publishedweek522021.xlsx
2021-02-05,15-44,376,2021,False,2021_publishedweek522021.xlsx
2021-02-12,15-44,412,2021,False,2021_publishedweek522021.xlsx
2021-02-19,15-44,347,2021,False,2021_publishedweek522021.xlsx
2021-02-26,15-44,311,2021,False,2021_publishedweek522021.xlsx
2021-03-05,15-44,356,2021,False,2021_publishedweek522021.xlsx
2021-03-12,15-44,334,2021,False,2021_publishedweek522021.xlsx
2021-03-19,15-44,305,2021,False,2021_publishedweek522021.xlsx
2021-03-26,15-44,320,2021,False,2021_publishedweek522021.xlsx
2021-04-02,15-44,288,2021,False,2021_publishedweek522021.xlsx
2021-04-09,15-44,292,2021,False,2021_publishedweek522021.xlsx
2021-04-16,15-44,336,2021,False,2021_publishedweek522021.xlsx
2021-04-23,15-44,331,2021,False,2021_publishedweek522021.xlsx
2021-04-30,15-44,290,2021,False,2021_publishedweek522021.xlsx
2021-05-07,15-44,261,2021,False,2021_publishedweek522021.xlsx
2021-05-14,15-44,280,2021,False,2021_publishedweek522021.xlsx
2021-05-21,15-44,346,2021,False,2021_publishedweek522021.xlsx
2021-05-28,15-44,343,2021,False,2021_publishedweek522021.xlsx
2021-06-04,15-44,224,2021,False,2021_publishedweek522021.xlsx
2021-06-11,15-44,322,2021,False,2021_publishedweek522021.xlsx
2021-06-18,15-44,310,2021,False,2021_publishedweek522021.xlsx
2021-06-25,15-44,273,2021,False,2021_publishedweek522021.xlsx
2021-07-02,15-44,292,2021,False,2021_publishedweek522021.xlsx
2021-07-09,15-44,321,2021,False,2021_publishedweek522021.xlsx
2021-07-16,15-44,315,2021,False,2021_publishedweek522021.xlsx
2021-07-23,15-44,313,2021,False,2021_publishedweek522021.xlsx
2021-07-30,15-44,314,2021,False,2021_publishedweek522021.xlsx
2021-08-06,15-44,319,2021,False,2021_publishedweek522021.xlsx
2021-08-13,15-44,331,2021,False,2021_publishedweek522021.xlsx
2021-08-20,15-44,320,2021,False,2021_publishedweek522021.xlsx
2021-08-27,15-44,317,2021,False,2021_publishedweek522021.xlsx
2021-09-03,15-44,262,2021,False,2021_publishedweek522021.xlsx
2021-09-10,15-44,341,2021,False,2021_publishedweek522021.xlsx
2021-09-17,15-44,282,2021,False,2021_publishedweek522021.xlsx
2021-09-24,15-44,345,2021,False,2021_publishedweek522021.xlsx
2021-10-01,15-44,339,2021,False,2021_publishedweek522021.xlsx
2021-10-08,15-44,335,2021,False,2021_publishedweek522021.xlsx
2021-10-15,15-44,323,2021,False,2021_publishedweek522021.xlsx
2021-10-22,15-44,337,2021,False,2021_publishedweek522021.xlsx
2021-10-29,15-44,294,2021,False,2021_publishedweek522021.xlsx
2021-11-05,15-44,320,2021,False,2021_publishedweek522021.xlsx
2021-11-12,15-44,355,2021,False,2021_publishedweek522021.xlsx
2021-11-19,15-44,333,2021,False,2021_publishedweek522021.xlsx
2021-11-26,15-44,358,2021,False,2021_publishedweek522021.xlsx
2021-12-03,15-44,380,2021,False,2021_publishedweek522021.xlsx
2021-12-10,15-44,315,2021,False,2021_publishedweek522021.xlsx
2021-12-17,15-44,367,2021,False,2021_publishedweek522021.xlsx
2021-12-24,15-44,381,2021,False,2021_publishedweek522021.xlsx
2021-12-31,15-44,168,2021,False,2021_publishedweek522021.xlsx
2022-01-07,15-44,284,2022,False,2022_publicationfileweek522022.xlsx
2022-01-14,15-44,330,2022,False,2022_publicationfileweek522022.xlsx
2022-01-21,15-44,361,2022,False,2022_publicationfileweek522022.xlsx
2022-01-28,15-44,320,2022,False,2022_publicationfileweek522022.xlsx
2022-02-04,15-44,296,2022,False,2022_publicationfileweek522022.xlsx
2022-02-11,15-44,306,2022,False,2022_publicationfileweek522022.xlsx
2022-02-18,15-44,363,2022,False,2022_publicationfileweek522022.xlsx
2022-02-25,15-44,310,2022,False,2022_publicationfileweek522022.xlsx
2022-03-04,15-44,314,2022,False,2022_publicationfileweek522022.xlsx
2022-03-11,15-44,324,2022,False,2022_publicationfileweek522022.xlsx
2022-03-18,15-44,317,2022,False,2022_publicationfileweek522022.xlsx
2022-03-25,15-44,309,2022,False,2022_publicationfileweek522022.xlsx
2022-04-01,15-44,308,2022,False,2022_publicationfileweek522022.xlsx
2022-04-08,15-44,292,2022,False,2022_publicationfileweek522022.xlsx
2022-04-15,15-44,266,2022,False,2022_publicationfileweek522022.xlsx
2022-04-22,15-44,266,2022,False,2022_publicationfileweek522022.xlsx
2022-04-29,15-44,332,2022,False,2022_publicationfileweek522022.xlsx
2022-05-06,15-44,230,2022,False,2022_publicationfileweek522022.xlsx
2022-05-13,15-44,311,2022,False,2022_publicationfileweek522022.xlsx
2022-05-20,15-44,304,2022,False,2022_publicationfileweek522022.xlsx
2022-05-27,15-44,306,2022,False,2022_publicationfileweek522022.xlsx
2022-06-03,15-44,183,2022,False,2022_publicationfileweek522022.xlsx
2022-06-10,15-44,345,2022,False,2022_publicationfileweek522022.xlsx
2022-06-17,15-44,336,2022,False,2022_publicationfileweek522022.xlsx
2022-06-24,15-44,348,2022,False,2022_publicationfileweek522022.xlsx
2022-07-01,15-44,331,2022,False,2022_publicationfileweek522022.xlsx
2022-07-08,15-44,302,2022,False,2022_publicationfileweek522022.xlsx
2022-07-15,15-44,331,2022,False,2022_publicationfileweek522022.xlsx
2022-07-22,15-44,301,2022,False,2022_publicationfileweek522022.xlsx
2022-07-29,15-44,296,2022,False,2022_publicationfileweek522022.xlsx
2022-08-05,15-44,309,2022,False,2022_publicationfileweek522022.xlsx
2022-08-12,15-44,315,2022,False,2022_publicationfileweek522022.xlsx
2022-08-19,15-44,321,2022,False,2022_publicationfileweek522022.xlsx
2022-08-26,15-44,315,2022,False,2022_publicationfileweek522022.xlsx
2022-09-02,15-44,265,2022,False,2022_publicationfileweek522022.xlsx
2022-09-09,15-44,309,2022,False,2022_publicationfileweek522022.xlsx
2022-09-16,15-44,328,2022,False,2022_publicationfileweek522022.xlsx
2022-09-23,15-44,253,2022,False,2022_publicationfileweek522022.xlsx
2022-09-30,15-44,337,2022,False,2022_publicationfileweek522022.xlsx
2022-10-07,15-44,320,2022,False,2022_publicationfileweek522022.xlsx
2022-10-14,15-44,338,2022,False,2022_publicationfileweek522022.xlsx
2022-10-21,15-44,343,2022,False,2022_publicationfileweek522022.xlsx
2022-10-28,15-44,299,2022,False,2022_publicationfileweek522022.xlsx
2022-11-04,15-44,333,2022,False,2022_publicationfileweek522022.xlsx
2022-11-11,15-44,329,2022,False,2022_publicationfileweek522022.xlsx
2022-11-18,15-44,354,2022,False,2022_publicationfileweek522022.xlsx
2022-11-25,15-44,359,2022,False,2022_publicationfileweek522022.xlsx
2022-12-02,15-44,317,2022,False,2022_publicationfileweek522022.xlsx
2022-12-09,15-44,345,2022,False,2022_publicationfileweek522022.xlsx
2022-12-16,15-44,381,2022,False,2022_publicationfileweek522022.xlsx
2022-12-23,15-44,336,2022,False,2022_publicationfileweek522022.xlsx
2022-12-30,15-44,161,2022,False,2022_publicationfileweek522022.xlsx
2023-01-06,15-44,282,2023,False,2023_publicationfileweek522023rerun.xlsx
2023-01-13,15-44,365,2023,False,2023_publicationfileweek522023rerun.xlsx
2023-01-20,15-44,404,2023,False,2023_publicationfileweek522023rerun.xlsx
2023-01-27,15-44,353,2023,False,2023_publicationfileweek522023rerun.xlsx
2023-02-03,15-44,356,2023,False,2023_publicationfileweek522023rerun.xlsx
2023-02-10,15-44,340,2023,False,2023_publicationfileweek522023rerun.xlsx
2023-02-17,15-44,332,2023,False,2023_publicationfileweek522023rerun.xlsx
2023-02-24,15-44,376,2023,False,2023_publicationfileweek522023rerun.xlsx
2023-03-03,15-44,340,2023,False,2023_publicationfileweek522023rerun.xlsx
2023-03-10,15-44,358,2023,False,2023_publicationfileweek522023rerun.xlsx
2023-03-17,15-44,360,2023,False,2023_publicationfileweek522023rerun.xlsx
2023-03-24,15-44,350,2023,False,2023_publicationfileweek522023rerun.xlsx
2023-03-31,15-44,328,2023,False,2023_publicationfileweek522023rerun.xlsx
2023-04-07,15-44,292,2023,False,2023_publicationfileweek522023rerun.xlsx
2023-04-14,15-44,276,2023,False,2023_publicationfileweek522023rerun.xlsx
2023-04-21,15-44,321,2023,False,2023_publicationfileweek522023rerun.xlsx
2023-04-28,15-44,375,2023,False,2023_publicationfileweek522023rerun.xlsx
2023-05-05,15-44,300,2023,False,2023_publicationfileweek522023rerun.xlsx
2023-05-12,15-44,317,2023,False,2023_publicationfileweek522023rerun.xlsx
2023-05-19,15-44,338,2023,False,2023_publicationfileweek522023rerun.xlsx
2023-05-26,15-44,367,2023,False,2023_publicationfileweek522023rerun.xlsx
2023-06-02,15-44,277,2023,False,2023_publicationfileweek522023rerun.xlsx
2023-06-09,15-44,338,2023,False,2023_publicationfileweek522023rerun.xlsx
2023-06-16,15-44,298,2023,False,2023_publicationfileweek522023rerun.xlsx
2023-06-23,15-44,341,2023,False,2023_publicationfileweek522023rerun.xlsx
2023-06-30,15-44,325,2023,False,2023_publicationfileweek522023rerun.xlsx
2023-07-07,15-44,338,2023,False,2023_publicationfileweek522023rerun.xlsx
2023-07-14,15-44,359,2023,False,2023_publicationfileweek522023rerun.xlsx
2023-07-21,15-44,298,2023,False,2023_publicationfileweek522023rerun.xlsx
2023-07-28,15-44,330,2023,False,2023_publicationfileweek522023rerun.xlsx
2023-08-04,15-44,327,2023,False,2023_publicationfileweek522023rerun.xlsx
2023-08-11,15-44,345,2023,False,2023_publicationfileweek522023rerun.xlsx
2023-08-18,15-44,299,2023,False,2023_publicationfileweek522023rerun.xlsx
2023-08-25,15-44,318,2023,False,2023_publicationfileweek522023rerun.xlsx
2023-09-01,15-44,275,2023,False,2023_publicationfileweek522023rerun.xlsx
2023-09-08,15-44,275,2023,False,2023_publicationfileweek522023rerun.xlsx
2023-09-15,15-44,297,2023,False,2023_publicationfileweek522023rerun.xlsx
2023-09-22,15-44,340,2023,False,2023_publicationfileweek522023rerun.xlsx
2023-09-29,15-44,320,2023,False,2023_publicationfileweek522023rerun.xlsx
2023-10-06,15-44,307,2023,False,2023_publicationfileweek522023rerun.xlsx
2023-10-13,15-44,358,2023,False,2023_publicationfileweek522023rerun.xlsx
2023-10-20,15-44,303,2023,False,2023_publicationfileweek522023rerun.xlsx
2023-10-27,15-44,305,2023,False,2023_publicationfileweek522023rerun.xlsx
2023-11-03,15-44,299,2023,False,2023_publicationfileweek522023rerun.xlsx
2023-11-10,15-44,354,2023,False,2023_publicationfileweek522023rerun.xlsx
2023-11-17,15-44,336,2023,False,2023_publicationfileweek522023rerun.xlsx
2023-11-24,15-44,329,2023,False,2023_publicationfileweek522023rerun.xlsx
2023-12-01,15-44,317,2023,False,2023_publicationfileweek522023rerun.xlsx
2023-12-08,15-44,337,2023,False,2023_publicationfileweek522023rerun.xlsx
2023-12-15,15-44,323,2023,False,2023_publicationfileweek522023rerun.xlsx
2023-12-22,15-44,351,2023,False,2023_publicationfileweek522023rerun.xlsx
2023-12-29,15-44,142,2023,False,2023_publicationfileweek522023rerun.xlsx
2024-01-05,15-44,254,2024,False,2024_weeklydeathsweek522024.xlsx
2024-01-12,15-44,288,2024,False,2024_weeklydeathsweek522024.xlsx
2024-01-19,15-44,339,2024,False,2024_weeklydeathsweek522024.xlsx
2024-01-26,15-44,329,2024,False,2024_weeklydeathsweek522024.xlsx
2024-02-02,15-44,330,2024,False,2024_weeklydeathsweek522024.xlsx
2024-02-09,15-44,352,2024,False,2024_weeklydeathsweek522024.xlsx
2024-02-16,15-44,324,2024,False,2024_weeklydeathsweek522024.xlsx
2024-02-23,15-44,331,2024,False,2024_weeklydeathsweek522024.xlsx
2024-03-01,15-44,361,2024,False,2024_weeklydeathsweek522024.xlsx
2024-03-08,15-44,327,2024,False,2024_weeklydeathsweek522024.xlsx
2024-03-15,15-44,319,2024,False,2024_weeklydeathsweek522024.xlsx
2024-03-22,15-44,327,2024,False,2024_weeklydeathsweek522024.xlsx
2024-03-29,15-44,255,2024,False,2024_weeklydeathsweek522024.xlsx
2024-04-05,15-44,247,2024,False,2024_weeklydeathsweek522024.xlsx
2024-04-12,15-44,332,2024,False,2024_weeklydeathsweek522024.xlsx
2024-04-19,15-44,304,2024,False,2024_weeklydeathsweek522024.xlsx
2024-04-26,15-44,327,2024,False,2024_weeklydeathsweek522024.xlsx
2024-05-03,15-44,351,2024,False,2024_weeklydeathsweek522024.xlsx
2024-05-10,15-44,262,2024,False,2024_weeklydeathsweek522024.xlsx
2024-05-17,15-44,323,2024,False,2024_weeklydeathsweek522024.xlsx
2024-05-24,15-44,327,2024,False,2024_weeklydeathsweek522024.xlsx
2024-05-31,15-44,258,2024,False,2024_weeklydeathsweek522024.xlsx
2024-06-07,15-44,335,2024,False,2024_weeklydeathsweek522024.xlsx
2024-06-14,15-44,341,2024,False,2024_weeklydeathsweek522024.xlsx
2024-06-21,15-44,289,2024,False,2024_weeklydeathsweek522024.xlsx
2024-06-28,15-44,366,2024,False,2024_weeklydeathsweek522024.xlsx
2024-07-05,15-44,307,2024,False,2024_weeklydeathsweek522024.xlsx
2024-07-12,15-44,296,2024,False,2024_weeklydeathsweek522024.xlsx
2024-07-19,15-44,335,2024,False,2024_weeklydeathsweek522024.xlsx
2024-07-26,15-44,342,2024,False,2024_weeklydeathsweek522024.xlsx
2024-08-02,15-44,336,2024,False,2024_weeklydeathsweek522024.xlsx
2024-08-09,15-44,336,2024,False,2024_weeklydeathsweek522024.xlsx
2024-08-16,15-44,313,2024,False,2024_weeklydeathsweek522024.xlsx
2024-08-23,15-44,309,2024,False,2024_weeklydeathsweek522024.xlsx
2024-08-30,15-44,241,2024,False,2024_weeklydeathsweek522024.xlsx
2024-09-06,15-44,271,2024,False,2024_weeklydeathsweek522024.xlsx
2024-09-13,15-44,391,2024,False,2024_weeklydeathsweek522024.xlsx
2024-09-20,15-44,311,2024,False,2024_weeklydeathsweek522024.xlsx
2024-09-27,15-44,322,2024,False,2024_weeklydeathsweek522024.xlsx
2024-10-04,15-44,352,2024,False,2024_weeklydeathsweek522024.xlsx
2024-10-11,15-44,332,2024,False,2024_weeklydeathsweek522024.xlsx
2024-10-18,15-44,356,2024,False,2024_weeklydeathsweek522024.xlsx
2024-10-25,15-44,319,2024,False,2024_weeklydeathsweek522024.xlsx
2024-11-01,15-44,309,2024,False,2024_weeklydeathsweek522024.xlsx
2024-11-08,15-44,319,2024,False,2024_weeklydeathsweek522024.xlsx
2024-11-15,15-44,338,2024,False,2024_weeklydeathsweek522024.xlsx
2024-11-22,15-44,304,2024,False,2024_weeklydeathsweek522024.xlsx
2024-11-29,15-44,309,2024,False,2024_weeklydeathsweek522024.xlsx
2024-12-06,15-44,361,2024,False,2024_weeklydeathsweek522024.xlsx
2024-12-13,15-44,312,2024,False,2024_weeklydeathsweek522024.xlsx
2024-12-20,15-44,360,2024,False,2024_weeklydeathsweek522024.xlsx
2024-12-27,15-44,172,2024,False,2024_weeklydeathsweek522024.xlsx
2025-01-03,15-44,190,2025,False,2025_weeklydeathsweek522025.xlsx
2025-01-10,15-44,281,2025,False,2025_weeklydeathsweek522025.xlsx
2025-01-17,15-44,365,2025,False,2025_weeklydeathsweek522025.xlsx
2025-01-24,15-44,337,2025,False,2025_weeklydeathsweek522025.xlsx
2025-01-31,15-44,353,2025,False,2025_weeklydeathsweek522025.xlsx
2025-02-07,15-44,307,2025,False,2025_weeklydeathsweek522025.xlsx
2025-02-14,15-44,337,2025,False,2025_weeklydeathsweek522025.xlsx
2025-02-21,15-44,323,2025,False,2025_weeklydeathsweek522025.xlsx
2025-02-28,15-44,336,2025,False,2025_weeklydeathsweek522025.xlsx
2025-03-07,15-44,301,2025,False,2025_weeklydeathsweek522025.xlsx
2025-03-14,15-44,302,2025,False,2025_weeklydeathsweek522025.xlsx
2025-03-21,15-44,306,2025,False,2025_weeklydeathsweek522025.xlsx
2025-03-28,15-44,313,2025,False,2025_weeklydeathsweek522025.xlsx
2025-04-04,15-44,327,2025,False,2025_weeklydeathsweek522025.xlsx
2025-04-11,15-44,325,2025,False,2025_weeklydeathsweek522025.xlsx
2025-04-18,15-44,285,2025,False,2025_weeklydeathsweek522025.xlsx
2025-04-25,15-44,245,2025,False,2025_weeklydeathsweek522025.xlsx
2025-05-02,15-44,332,2025,False,2025_weeklydeathsweek522025.xlsx
2025-05-09,15-44,265,2025,False,2025_weeklydeathsweek522025.xlsx
2025-05-16,15-44,319,2025,False,2025_weeklydeathsweek522025.xlsx
2025-05-23,15-44,334,2025,False,2025_weeklydeathsweek522025.xlsx
2025-05-30,15-44,254,2025,False,2025_weeklydeathsweek522025.xlsx
2025-06-06,15-44,323,2025,False,2025_weeklydeathsweek522025.xlsx
2025-06-13,15-44,297,2025,False,2025_weeklydeathsweek522025.xlsx
2025-06-20,15-44,306,2025,False,2025_weeklydeathsweek522025.xlsx
2025-06-27,15-44,321,2025,False,2025_weeklydeathsweek522025.xlsx
2025-07-04,15-44,305,2025,False,2025_weeklydeathsweek522025.xlsx
2025-07-11,15-44,319,2025,False,2025_weeklydeathsweek522025.xlsx
2025-07-18,15-44,311,2025,False,2025_weeklydeathsweek522025.xlsx
2025-07-25,15-44,311,2025,False,2025_weeklydeathsweek522025.xlsx
2025-08-01,15-44,319,2025,False,2025_weeklydeathsweek522025.xlsx
2025-08-08,15-44,283,2025,False,2025_weeklydeathsweek522025.xlsx
2025-08-15,15-44,251,2025,False,2025_weeklydeathsweek522025.xlsx
2025-08-22,15-44,289,2025,False,2025_weeklydeathsweek522025.xlsx
2025-08-29,15-44,247,2025,False,2025_weeklydeathsweek522025.xlsx
2025-09-05,15-44,289,2025,False,2025_weeklydeathsweek522025.xlsx
2025-09-12,15-44,292,2025,False,2025_weeklydeathsweek522025.xlsx
2025-09-19,15-44,294,2025,False,2025_weeklydeathsweek522025.xlsx
2025-09-26,15-44,310,2025,False,2025_weeklydeathsweek522025.xlsx
2025-10-03,15-44,324,2025,False,2025_weeklydeathsweek522025.xlsx
2025-10-10,15-44,327,2025,False,2025_weeklydeathsweek522025.xlsx
2025-10-17,15-44,312,2025,False,2025_weeklydeathsweek522025.xlsx
2025-10-24,15-44,349,2025,False,2025_weeklydeathsweek522025.xlsx
2025-10-31,15-44,284,2025,False,2025_weeklydeathsweek522025.xlsx
2025-11-07,15-44,316,2025,False,2025_weeklydeathsweek522025.xlsx
2025-11-14,15-44,318,2025,False,2025_weeklydeathsweek522025.xlsx
2025-11-21,15-44,315,2025,False,2025_weeklydeathsweek522025.xlsx
2025-11-28,15-44,305,2025,False,2025_weeklydeathsweek522025.xlsx
2025-12-05,15-44,353,2025,False,2025_weeklydeathsweek522025.xlsx
2025-12-12,15-44,342,2025,False,2025_weeklydeathsweek522025.xlsx
2025-12-19,15-44,332,2025,False,2025_weeklydeathsweek522025.xlsx
2025-12-26,15-44,159,2025,False,2025_weeklydeathsweek522025.xlsx
2026-01-02,15-44,177,2026,False,2026_weeklydeathsweek192026.xlsx
2026-01-09,15-44,299,2026,False,2026_weeklydeathsweek192026.xlsx
2026-01-16,15-44,295,2026,False,2026_weeklydeathsweek192026.xlsx
2026-01-23,15-44,334,2026,False,2026_weeklydeathsweek192026.xlsx
2026-01-30,15-44,315,2026,False,2026_weeklydeathsweek192026.xlsx
2026-02-06,15-44,330,2026,False,2026_weeklydeathsweek192026.xlsx
2026-02-13,15-44,311,2026,False,2026_weeklydeathsweek192026.xlsx
2026-02-20,15-44,325,2026,False,2026_weeklydeathsweek192026.xlsx
2026-02-27,15-44,295,2026,False,2026_weeklydeathsweek192026.xlsx
2026-03-06,15-44,319,2026,False,2026_weeklydeathsweek192026.xlsx
2026-03-13,15-44,311,2026,False,2026_weeklydeathsweek192026.xlsx
2026-03-20,15-44,306,2026,False,2026_weeklydeathsweek192026.xlsx
2026-03-27,15-44,345,2026,False,2026_weeklydeathsweek192026.xlsx
2026-04-03,15-44,264,2026,False,2026_weeklydeathsweek192026.xlsx
2026-04-10,15-44,251,2026,False,2026_weeklydeathsweek192026.xlsx
2026-04-17,15-44,318,2026,False,2026_weeklydeathsweek192026.xlsx
2026-04-24,15-44,334,2026,False,2026_weeklydeathsweek192026.xlsx
2026-05-01,15-44,334,2026,False,2026_weeklydeathsweek192026.xlsx
2026-05-08,15-44,276,2026,False,2026_weeklydeathsweek192026.xlsx
2010-01-08,45-64,1570,2010,False,2010_publishedweek2010.xls
2010-01-15,45-64,1465,2010,False,2010_publishedweek2010.xls
2010-01-22,45-64,1392,2010,False,2010_publishedweek2010.xls
2010-01-29,45-64,1300,2010,False,2010_publishedweek2010.xls
2010-02-05,45-64,1308,2010,False,2010_publishedweek2010.xls
2010-02-12,45-64,1239,2010,False,2010_publishedweek2010.xls
2010-02-19,45-64,1276,2010,False,2010_publishedweek2010.xls
2010-02-26,45-64,1315,2010,False,2010_publishedweek2010.xls
2010-03-05,45-64,1230,2010,False,2010_publishedweek2010.xls
2010-03-12,45-64,1259,2010,False,2010_publishedweek2010.xls
2010-03-19,45-64,1307,2010,False,2010_publishedweek2010.xls
2010-03-26,45-64,1227,2010,False,2010_publishedweek2010.xls
2010-04-02,45-64,1035,2010,False,2010_publishedweek2010.xls
2010-04-09,45-64,1242,2010,False,2010_publishedweek2010.xls
2010-04-16,45-64,1276,2010,False,2010_publishedweek2010.xls
2010-04-23,45-64,1243,2010,False,2010_publishedweek2010.xls
2010-04-30,45-64,1220,2010,False,2010_publishedweek2010.xls
2010-05-07,45-64,1119,2010,False,2010_publishedweek2010.xls
2010-05-14,45-64,1262,2010,False,2010_publishedweek2010.xls
2010-05-21,45-64,1165,2010,False,2010_publishedweek2010.xls
2010-05-28,45-64,1205,2010,False,2010_publishedweek2010.xls
2010-06-04,45-64,1080,2010,False,2010_publishedweek2010.xls
2010-06-11,45-64,1292,2010,False,2010_publishedweek2010.xls
2010-06-18,45-64,1182,2010,False,2010_publishedweek2010.xls
2010-06-25,45-64,1145,2010,False,2010_publishedweek2010.xls
2010-07-02,45-64,1161,2010,False,2010_publishedweek2010.xls
2010-07-09,45-64,1203,2010,False,2010_publishedweek2010.xls
2010-07-16,45-64,1174,2010,False,2010_publishedweek2010.xls
2010-07-23,45-64,1200,2010,False,2010_publishedweek2010.xls
2010-07-30,45-64,1075,2010,False,2010_publishedweek2010.xls
2010-08-06,45-64,1211,2010,False,2010_publishedweek2010.xls
2010-08-13,45-64,1086,2010,False,2010_publishedweek2010.xls
2010-08-20,45-64,1144,2010,False,2010_publishedweek2010.xls
2010-08-27,45-64,1160,2010,False,2010_publishedweek2010.xls
2010-09-03,45-64,1045,2010,False,2010_publishedweek2010.xls
2010-09-10,45-64,1176,2010,False,2010_publishedweek2010.xls
2010-09-17,45-64,1206,2010,False,2010_publishedweek2010.xls
2010-09-24,45-64,1131,2010,False,2010_publishedweek2010.xls
2010-10-01,45-64,1160,2010,False,2010_publishedweek2010.xls
2010-10-08,45-64,1214,2010,False,2010_publishedweek2010.xls
2010-10-15,45-64,1315,2010,False,2010_publishedweek2010.xls
2010-10-22,45-64,1205,2010,False,2010_publishedweek2010.xls
2010-10-29,45-64,1198,2010,False,2010_publishedweek2010.xls
2010-11-05,45-64,1215,2010,False,2010_publishedweek2010.xls
2010-11-12,45-64,1221,2010,False,2010_publishedweek2010.xls
2010-11-19,45-64,1185,2010,False,2010_publishedweek2010.xls
2010-11-26,45-64,1198,2010,False,2010_publishedweek2010.xls
2010-12-03,45-64,1199,2010,False,2010_publishedweek2010.xls
2010-12-10,45-64,1396,2010,False,2010_publishedweek2010.xls
2010-12-17,45-64,1466,2010,False,2010_publishedweek2010.xls
2010-12-24,45-64,1463,2010,False,2010_publishedweek2010.xls
2010-12-31,45-64,1254,2010,False,2010_publishedweek2010.xls
2011-01-07,45-64,1548,2011,False,2011_publishedweek2011.xls
2011-01-14,45-64,1701,2011,False,2011_publishedweek2011.xls
2011-01-21,45-64,1403,2011,False,2011_publishedweek2011.xls
2011-01-28,45-64,1363,2011,False,2011_publishedweek2011.xls
2011-02-04,45-64,1337,2011,False,2011_publishedweek2011.xls
2011-02-11,45-64,1279,2011,False,2011_publishedweek2011.xls
2011-02-18,45-64,1283,2011,False,2011_publishedweek2011.xls
2011-02-25,45-64,1213,2011,False,2011_publishedweek2011.xls
2011-03-04,45-64,1274,2011,False,2011_publishedweek2011.xls
2011-03-11,45-64,1213,2011,False,2011_publishedweek2011.xls
2011-03-18,45-64,1260,2011,False,2011_publishedweek2011.xls
2011-03-25,45-64,1179,2011,False,2011_publishedweek2011.xls
2011-04-01,45-64,1226,2011,False,2011_publishedweek2011.xls
2011-04-08,45-64,1245,2011,False,2011_publishedweek2011.xls
2011-04-15,45-64,1205,2011,False,2011_publishedweek2011.xls
2011-04-22,45-64,1057,2011,False,2011_publishedweek2011.xls
2011-04-29,45-64,997,2011,False,2011_publishedweek2011.xls
2011-05-06,45-64,1302,2011,False,2011_publishedweek2011.xls
2011-05-13,45-64,1358,2011,False,2011_publishedweek2011.xls
2011-05-20,45-64,1191,2011,False,2011_publishedweek2011.xls
2011-05-27,45-64,1233,2011,False,2011_publishedweek2011.xls
2011-06-03,45-64,1050,2011,False,2011_publishedweek2011.xls
2011-06-10,45-64,1197,2011,False,2011_publishedweek2011.xls
2011-06-17,45-64,1227,2011,False,2011_publishedweek2011.xls
2011-06-24,45-64,1126,2011,False,2011_publishedweek2011.xls
2011-07-01,45-64,1131,2011,False,2011_publishedweek2011.xls
2011-07-08,45-64,1155,2011,False,2011_publishedweek2011.xls
2011-07-15,45-64,1163,2011,False,2011_publishedweek2011.xls
2011-07-22,45-64,1168,2011,False,2011_publishedweek2011.xls
2011-07-29,45-64,1118,2011,False,2011_publishedweek2011.xls
2011-08-05,45-64,1182,2011,False,2011_publishedweek2011.xls
2011-08-12,45-64,1174,2011,False,2011_publishedweek2011.xls
2011-08-19,45-64,1119,2011,False,2011_publishedweek2011.xls
2011-08-26,45-64,1133,2011,False,2011_publishedweek2011.xls
2011-09-02,45-64,1018,2011,False,2011_publishedweek2011.xls
2011-09-09,45-64,1149,2011,False,2011_publishedweek2011.xls
2011-09-16,45-64,1159,2011,False,2011_publishedweek2011.xls
2011-09-23,45-64,1107,2011,False,2011_publishedweek2011.xls
2011-09-30,45-64,1172,2011,False,2011_publishedweek2011.xls
2011-10-07,45-64,1065,2011,False,2011_publishedweek2011.xls
2011-10-14,45-64,1202,2011,False,2011_publishedweek2011.xls
2011-10-21,45-64,1130,2011,False,2011_publishedweek2011.xls
2011-10-28,45-64,1195,2011,False,2011_publishedweek2011.xls
2011-11-04,45-64,1262,2011,False,2011_publishedweek2011.xls
2011-11-11,45-64,1149,2011,False,2011_publishedweek2011.xls
2011-11-18,45-64,1208,2011,False,2011_publishedweek2011.xls
2011-11-25,45-64,1158,2011,False,2011_publishedweek2011.xls
2011-12-02,45-64,1209,2011,False,2011_publishedweek2011.xls
2011-12-09,45-64,1268,2011,False,2011_publishedweek2011.xls
2011-12-16,45-64,1243,2011,False,2011_publishedweek2011.xls
2011-12-23,45-64,1268,2011,False,2011_publishedweek2011.xls
2011-12-30,45-64,915,2011,False,2011_publishedweek2011.xls
2012-01-06,45-64,1255,2012,False,2012_publishedweek2012.xls
2012-01-13,45-64,1370,2012,False,2012_publishedweek2012.xls
2012-01-20,45-64,1204,2012,False,2012_publishedweek2012.xls
2012-01-27,45-64,1240,2012,False,2012_publishedweek2012.xls
2012-02-03,45-64,1245,2012,False,2012_publishedweek2012.xls
2012-02-10,45-64,1237,2012,False,2012_publishedweek2012.xls
2012-02-17,45-64,1164,2012,False,2012_publishedweek2012.xls
2012-02-24,45-64,1220,2012,False,2012_publishedweek2012.xls
2012-03-02,45-64,1310,2012,False,2012_publishedweek2012.xls
2012-03-09,45-64,1185,2012,False,2012_publishedweek2012.xls
2012-03-16,45-64,1238,2012,False,2012_publishedweek2012.xls
2012-03-23,45-64,1256,2012,False,2012_publishedweek2012.xls
2012-03-30,45-64,1170,2012,False,2012_publishedweek2012.xls
2012-04-06,45-64,1072,2012,False,2012_publishedweek2012.xls
2012-04-13,45-64,1155,2012,False,2012_publishedweek2012.xls
2012-04-20,45-64,1313,2012,False,2012_publishedweek2012.xls
2012-04-27,45-64,1227,2012,False,2012_publishedweek2012.xls
2012-05-04,45-64,1171,2012,False,2012_publishedweek2012.xls
2012-05-11,45-64,1063,2012,False,2012_publishedweek2012.xls
2012-05-18,45-64,1212,2012,False,2012_publishedweek2012.xls
2012-05-25,45-64,1177,2012,False,2012_publishedweek2012.xls
2012-06-01,45-64,1190,2012,False,2012_publishedweek2012.xls
2012-06-08,45-64,846,2012,False,2012_publishedweek2012.xls
2012-06-15,45-64,1217,2012,False,2012_publishedweek2012.xls
2012-06-22,45-64,1147,2012,False,2012_publishedweek2012.xls
2012-06-29,45-64,1130,2012,False,2012_publishedweek2012.xls
2012-07-06,45-64,1098,2012,False,2012_publishedweek2012.xls
2012-07-13,45-64,1123,2012,False,2012_publishedweek2012.xls
2012-07-20,45-64,1124,2012,False,2012_publishedweek2012.xls
2012-07-27,45-64,1157,2012,False,2012_publishedweek2012.xls
2012-08-03,45-64,1153,2012,False,2012_publishedweek2012.xls
2012-08-10,45-64,1124,2012,False,2012_publishedweek2012.xls
2012-08-17,45-64,1108,2012,False,2012_publishedweek2012.xls
2012-08-24,45-64,1144,2012,False,2012_publishedweek2012.xls
2012-08-31,45-64,952,2012,False,2012_publishedweek2012.xls
2012-09-07,45-64,1164,2012,False,2012_publishedweek2012.xls
2012-09-14,45-64,1106,2012,False,2012_publishedweek2012.xls
2012-09-21,45-64,1173,2012,False,2012_publishedweek2012.xls
2012-09-28,45-64,1094,2012,False,2012_publishedweek2012.xls
2012-10-05,45-64,1122,2012,False,2012_publishedweek2012.xls
2012-10-12,45-64,1162,2012,False,2012_publishedweek2012.xls
2012-10-19,45-64,1120,2012,False,2012_publishedweek2012.xls
2012-10-26,45-64,1149,2012,False,2012_publishedweek2012.xls
2012-11-02,45-64,1158,2012,False,2012_publishedweek2012.xls
2012-11-09,45-64,1172,2012,False,2012_publishedweek2012.xls
2012-11-16,45-64,1197,2012,False,2012_publishedweek2012.xls
2012-11-23,45-64,1203,2012,False,2012_publishedweek2012.xls
2012-11-30,45-64,1136,2012,False,2012_publishedweek2012.xls
2012-12-07,45-64,1219,2012,False,2012_publishedweek2012.xls
2012-12-14,45-64,1213,2012,False,2012_publishedweek2012.xls
2012-12-21,45-64,1315,2012,False,2012_publishedweek2012.xls
2012-12-28,45-64,817,2012,False,2012_publishedweek2012.xls
2013-01-04,45-64,1179,2013,False,2013_publishedweek2013.xls
2013-01-11,45-64,1481,2013,False,2013_publishedweek2013.xls
2013-01-18,45-64,1305,2013,False,2013_publishedweek2013.xls
2013-01-25,45-64,1216,2013,False,2013_publishedweek2013.xls
2013-02-01,45-64,1288,2013,False,2013_publishedweek2013.xls
2013-02-08,45-64,1235,2013,False,2013_publishedweek2013.xls
2013-02-15,45-64,1307,2013,False,2013_publishedweek2013.xls
2013-02-22,45-64,1170,2013,False,2013_publishedweek2013.xls
2013-03-01,45-64,1242,2013,False,2013_publishedweek2013.xls
2013-03-08,45-64,1287,2013,False,2013_publishedweek2013.xls
2013-03-15,45-64,1261,2013,False,2013_publishedweek2013.xls
2013-03-22,45-64,1245,2013,False,2013_publishedweek2013.xls
2013-03-29,45-64,1031,2013,False,2013_publishedweek2013.xls
2013-04-05,45-64,1245,2013,False,2013_publishedweek2013.xls
2013-04-12,45-64,1351,2013,False,2013_publishedweek2013.xls
2013-04-19,45-64,1352,2013,False,2013_publishedweek2013.xls
2013-04-26,45-64,1226,2013,False,2013_publishedweek2013.xls
2013-05-03,45-64,1225,2013,False,2013_publishedweek2013.xls
2013-05-10,45-64,1046,2013,False,2013_publishedweek2013.xls
2013-05-17,45-64,1199,2013,False,2013_publishedweek2013.xls
2013-05-24,45-64,1133,2013,False,2013_publishedweek2013.xls
2013-05-31,45-64,1036,2013,False,2013_publishedweek2013.xls
2013-06-07,45-64,1164,2013,False,2013_publishedweek2013.xls
2013-06-14,45-64,1158,2013,False,2013_publishedweek2013.xls
2013-06-21,45-64,1137,2013,False,2013_publishedweek2013.xls
2013-06-28,45-64,1104,2013,False,2013_publishedweek2013.xls
2013-07-05,45-64,1173,2013,False,2013_publishedweek2013.xls
2013-07-12,45-64,1092,2013,False,2013_publishedweek2013.xls
2013-07-19,45-64,1153,2013,False,2013_publishedweek2013.xls
2013-07-26,45-64,1069,2013,False,2013_publishedweek2013.xls
2013-08-02,45-64,1091,2013,False,2013_publishedweek2013.xls
2013-08-09,45-64,1056,2013,False,2013_publishedweek2013.xls
2013-08-16,45-64,1134,2013,False,2013_publishedweek2013.xls
2013-08-23,45-64,1042,2013,False,2013_publishedweek2013.xls
2013-08-30,45-64,964,2013,False,2013_publishedweek2013.xls
2013-09-06,45-64,1098,2013,False,2013_publishedweek2013.xls
2013-09-13,45-64,1099,2013,False,2013_publishedweek2013.xls
2013-09-20,45-64,1094,2013,False,2013_publishedweek2013.xls
2013-09-27,45-64,1180,2013,False,2013_publishedweek2013.xls
2013-10-04,45-64,1134,2013,False,2013_publishedweek2013.xls
2013-10-11,45-64,1102,2013,False,2013_publishedweek2013.xls
2013-10-18,45-64,1166,2013,False,2013_publishedweek2013.xls
2013-10-25,45-64,1131,2013,False,2013_publishedweek2013.xls
2013-11-01,45-64,1103,2013,False,2013_publishedweek2013.xls
2013-11-08,45-64,1133,2013,False,2013_publishedweek2013.xls
2013-11-15,45-64,1222,2013,False,2013_publishedweek2013.xls
2013-11-22,45-64,1183,2013,False,2013_publishedweek2013.xls
2013-11-29,45-64,1127,2013,False,2013_publishedweek2013.xls
2013-12-06,45-64,1192,2013,False,2013_publishedweek2013.xls
2013-12-13,45-64,1141,2013,False,2013_publishedweek2013.xls
2013-12-20,45-64,1280,2013,False,2013_publishedweek2013.xls
2013-12-27,45-64,796,2013,False,2013_publishedweek2013.xls
2014-01-03,45-64,1269,2014,False,2014_publishedweek2014.xls
2014-01-10,45-64,1391,2014,False,2014_publishedweek2014.xls
2014-01-17,45-64,1326,2014,False,2014_publishedweek2014.xls
2014-01-24,45-64,1228,2014,False,2014_publishedweek2014.xls
2014-01-31,45-64,1249,2014,False,2014_publishedweek2014.xls
2014-02-07,45-64,1246,2014,False,2014_publishedweek2014.xls
2014-02-14,45-64,1196,2014,False,2014_publishedweek2014.xls
2014-02-21,45-64,1191,2014,False,2014_publishedweek2014.xls
2014-02-28,45-64,1240,2014,False,2014_publishedweek2014.xls
2014-03-07,45-64,1170,2014,False,2014_publishedweek2014.xls
2014-03-14,45-64,1276,2014,False,2014_publishedweek2014.xls
2014-03-21,45-64,1225,2014,False,2014_publishedweek2014.xls
2014-03-28,45-64,1206,2014,False,2014_publishedweek2014.xls
2014-04-04,45-64,1174,2014,False,2014_publishedweek2014.xls
2014-04-11,45-64,1160,2014,False,2014_publishedweek2014.xls
2014-04-18,45-64,951,2014,False,2014_publishedweek2014.xls
2014-04-25,45-64,1087,2014,False,2014_publishedweek2014.xls
2014-05-02,45-64,1283,2014,False,2014_publishedweek2014.xls
2014-05-09,45-64,1015,2014,False,2014_publishedweek2014.xls
2014-05-16,45-64,1162,2014,False,2014_publishedweek2014.xls
2014-05-23,45-64,1144,2014,False,2014_publishedweek2014.xls
2014-05-30,45-64,986,2014,False,2014_publishedweek2014.xls
2014-06-06,45-64,1170,2014,False,2014_publishedweek2014.xls
2014-06-13,45-64,1136,2014,False,2014_publishedweek2014.xls
2014-06-20,45-64,1144,2014,False,2014_publishedweek2014.xls
2014-06-27,45-64,1173,2014,False,2014_publishedweek2014.xls
2014-07-04,45-64,1143,2014,False,2014_publishedweek2014.xls
2014-07-11,45-64,1098,2014,False,2014_publishedweek2014.xls
2014-07-18,45-64,1180,2014,False,2014_publishedweek2014.xls
2014-07-25,45-64,1109,2014,False,2014_publishedweek2014.xls
2014-08-01,45-64,1114,2014,False,2014_publishedweek2014.xls
2014-08-08,45-64,1155,2014,False,2014_publishedweek2014.xls
2014-08-15,45-64,1151,2014,False,2014_publishedweek2014.xls
2014-08-22,45-64,1128,2014,False,2014_publishedweek2014.xls
2014-08-29,45-64,988,2014,False,2014_publishedweek2014.xls
2014-09-05,45-64,1167,2014,False,2014_publishedweek2014.xls
2014-09-12,45-64,1146,2014,False,2014_publishedweek2014.xls
2014-09-19,45-64,1137,2014,False,2014_publishedweek2014.xls
2014-09-26,45-64,1097,2014,False,2014_publishedweek2014.xls
2014-10-03,45-64,1113,2014,False,2014_publishedweek2014.xls
2014-10-10,45-64,1158,2014,False,2014_publishedweek2014.xls
2014-10-17,45-64,1158,2014,False,2014_publishedweek2014.xls
2014-10-24,45-64,1122,2014,False,2014_publishedweek2014.xls
2014-10-31,45-64,1119,2014,False,2014_publishedweek2014.xls
2014-11-07,45-64,1153,2014,False,2014_publishedweek2014.xls
2014-11-14,45-64,1156,2014,False,2014_publishedweek2014.xls
2014-11-21,45-64,1092,2014,False,2014_publishedweek2014.xls
2014-11-28,45-64,1224,2014,False,2014_publishedweek2014.xls
2014-12-05,45-64,1194,2014,False,2014_publishedweek2014.xls
2014-12-12,45-64,1202,2014,False,2014_publishedweek2014.xls
2014-12-19,45-64,1258,2014,False,2014_publishedweek2014.xls
2014-12-26,45-64,782,2014,False,2014_publishedweek2014.xls
2015-01-02,45-64,1229,2015,False,2015_publishedweek2015.xls
2015-01-09,45-64,1552,2015,False,2015_publishedweek2015.xls
2015-01-16,45-64,1393,2015,False,2015_publishedweek2015.xls
2015-01-23,45-64,1387,2015,False,2015_publishedweek2015.xls
2015-01-30,45-64,1368,2015,False,2015_publishedweek2015.xls
2015-02-06,45-64,1280,2015,False,2015_publishedweek2015.xls
2015-02-13,45-64,1281,2015,False,2015_publishedweek2015.xls
2015-02-20,45-64,1225,2015,False,2015_publishedweek2015.xls
2015-02-27,45-64,1267,2015,False,2015_publishedweek2015.xls
2015-03-06,45-64,1225,2015,False,2015_publishedweek2015.xls
2015-03-13,45-64,1228,2015,False,2015_publishedweek2015.xls
2015-03-20,45-64,1254,2015,False,2015_publishedweek2015.xls
2015-03-27,45-64,1181,2015,False,2015_publishedweek2015.xls
2015-04-03,45-64,976,2015,False,2015_publishedweek2015.xls
2015-04-10,45-64,1133,2015,False,2015_publishedweek2015.xls
2015-04-17,45-64,1342,2015,False,2015_publishedweek2015.xls
2015-04-24,45-64,1274,2015,False,2015_publishedweek2015.xls
2015-05-01,45-64,1162,2015,False,2015_publishedweek2015.xls
2015-05-08,45-64,954,2015,False,2015_publishedweek2015.xls
2015-05-15,45-64,1227,2015,False,2015_publishedweek2015.xls
2015-05-22,45-64,1176,2015,False,2015_publishedweek2015.xls
2015-05-29,45-64,1014,2015,False,2015_publishedweek2015.xls
2015-06-05,45-64,1224,2015,False,2015_publishedweek2015.xls
2015-06-12,45-64,1188,2015,False,2015_publishedweek2015.xls
2015-06-19,45-64,1163,2015,False,2015_publishedweek2015.xls
2015-06-26,45-64,1135,2015,False,2015_publishedweek2015.xls
2015-07-03,45-64,1065,2015,False,2015_publishedweek2015.xls
2015-07-10,45-64,1151,2015,False,2015_publishedweek2015.xls
2015-07-17,45-64,1128,2015,False,2015_publishedweek2015.xls
2015-07-24,45-64,1096,2015,False,2015_publishedweek2015.xls
2015-07-31,45-64,1084,2015,False,2015_publishedweek2015.xls
2015-08-07,45-64,1095,2015,False,2015_publishedweek2015.xls
2015-08-14,45-64,1169,2015,False,2015_publishedweek2015.xls
2015-08-21,45-64,1159,2015,False,2015_publishedweek2015.xls
2015-08-28,45-64,1100,2015,False,2015_publishedweek2015.xls
2015-09-04,45-64,981,2015,False,2015_publishedweek2015.xls
2015-09-11,45-64,1177,2015,False,2015_publishedweek2015.xls
2015-09-18,45-64,1098,2015,False,2015_publishedweek2015.xls
2015-09-25,45-64,1156,2015,False,2015_publishedweek2015.xls
2015-10-02,45-64,1133,2015,False,2015_publishedweek2015.xls
2015-10-09,45-64,1196,2015,False,2015_publishedweek2015.xls
2015-10-16,45-64,1133,2015,False,2015_publishedweek2015.xls
2015-10-23,45-64,1158,2015,False,2015_publishedweek2015.xls
2015-10-30,45-64,1137,2015,False,2015_publishedweek2015.xls
2015-11-06,45-64,1275,2015,False,2015_publishedweek2015.xls
2015-11-13,45-64,1258,2015,False,2015_publishedweek2015.xls
2015-11-20,45-64,1172,2015,False,2015_publishedweek2015.xls
2015-11-27,45-64,1219,2015,False,2015_publishedweek2015.xls
2015-12-04,45-64,1216,2015,False,2015_publishedweek2015.xls
2015-12-11,45-64,1196,2015,False,2015_publishedweek2015.xls
2015-12-18,45-64,1255,2015,False,2015_publishedweek2015.xls
2015-12-25,45-64,1010,2015,False,2015_publishedweek2015.xls
2016-01-01,45-64,882,2015,False,2015_publishedweek2015.xls
2016-01-08,45-64,1482,2016,False,2016_publishedweek522016.xls
2016-01-15,45-64,1363,2016,False,2016_publishedweek522016.xls
2016-01-22,45-64,1293,2016,False,2016_publishedweek522016.xls
2016-01-29,45-64,1322,2016,False,2016_publishedweek522016.xls
2016-02-05,45-64,1281,2016,False,2016_publishedweek522016.xls
2016-02-12,45-64,1356,2016,False,2016_publishedweek522016.xls
2016-02-19,45-64,1333,2016,False,2016_publishedweek522016.xls
2016-02-26,45-64,1294,2016,False,2016_publishedweek522016.xls
2016-03-04,45-64,1328,2016,False,2016_publishedweek522016.xls
2016-03-11,45-64,1340,2016,False,2016_publishedweek522016.xls
2016-03-18,45-64,1358,2016,False,2016_publishedweek522016.xls
2016-03-25,45-64,1148,2016,False,2016_publishedweek522016.xls
2016-04-01,45-64,1184,2016,False,2016_publishedweek522016.xls
2016-04-08,45-64,1327,2016,False,2016_publishedweek522016.xls
2016-04-15,45-64,1312,2016,False,2016_publishedweek522016.xls
2016-04-22,45-64,1292,2016,False,2016_publishedweek522016.xls
2016-04-29,45-64,1301,2016,False,2016_publishedweek522016.xls
2016-05-06,45-64,1075,2016,False,2016_publishedweek522016.xls
2016-05-13,45-64,1277,2016,False,2016_publishedweek522016.xls
2016-05-20,45-64,1149,2016,False,2016_publishedweek522016.xls
2016-05-27,45-64,1185,2016,False,2016_publishedweek522016.xls
2016-06-03,45-64,963,2016,False,2016_publishedweek522016.xls
2016-06-10,45-64,1181,2016,False,2016_publishedweek522016.xls
2016-06-17,45-64,1195,2016,False,2016_publishedweek522016.xls
2016-06-24,45-64,1161,2016,False,2016_publishedweek522016.xls
2016-07-01,45-64,1192,2016,False,2016_publishedweek522016.xls
2016-07-08,45-64,1176,2016,False,2016_publishedweek522016.xls
2016-07-15,45-64,1153,2016,False,2016_publishedweek522016.xls
2016-07-22,45-64,1115,2016,False,2016_publishedweek522016.xls
2016-07-29,45-64,1074,2016,False,2016_publishedweek522016.xls
2016-08-05,45-64,1171,2016,False,2016_publishedweek522016.xls
2016-08-12,45-64,1183,2016,False,2016_publishedweek522016.xls
2016-08-19,45-64,1078,2016,False,2016_publishedweek522016.xls
2016-08-26,45-64,1104,2016,False,2016_publishedweek522016.xls
2016-09-02,45-64,968,2016,False,2016_publishedweek522016.xls
2016-09-09,45-64,1161,2016,False,2016_publishedweek522016.xls
2016-09-16,45-64,1170,2016,False,2016_publishedweek522016.xls
2016-09-23,45-64,1132,2016,False,2016_publishedweek522016.xls
2016-09-30,45-64,1151,2016,False,2016_publishedweek522016.xls
2016-10-07,45-64,1115,2016,False,2016_publishedweek522016.xls
2016-10-14,45-64,1145,2016,False,2016_publishedweek522016.xls
2016-10-21,45-64,1158,2016,False,2016_publishedweek522016.xls
2016-10-28,45-64,1239,2016,False,2016_publishedweek522016.xls
2016-11-04,45-64,1186,2016,False,2016_publishedweek522016.xls
2016-11-11,45-64,1279,2016,False,2016_publishedweek522016.xls
2016-11-18,45-64,1225,2016,False,2016_publishedweek522016.xls
2016-11-25,45-64,1226,2016,False,2016_publishedweek522016.xls
2016-12-02,45-64,1191,2016,False,2016_publishedweek522016.xls
2016-12-09,45-64,1266,2016,False,2016_publishedweek522016.xls
2016-12-16,45-64,1219,2016,False,2016_publishedweek522016.xls
2016-12-23,45-64,1253,2016,False,2016_publishedweek522016.xls
2016-12-30,45-64,849,2016,False,2016_publishedweek522016.xls
2017-01-06,45-64,1232,2017,False,2017_publishedweek522017.xls
2017-01-13,45-64,1372,2017,False,2017_publishedweek522017.xls
2017-01-20,45-64,1374,2017,False,2017_publishedweek522017.xls
2017-01-27,45-64,1273,2017,False,2017_publishedweek522017.xls
2017-02-03,45-64,1239,2017,False,2017_publishedweek522017.xls
2017-02-10,45-64,1342,2017,False,2017_publishedweek522017.xls
2017-02-17,45-64,1316,2017,False,2017_publishedweek522017.xls
2017-02-24,45-64,1298,2017,False,2017_publishedweek522017.xls
2017-03-03,45-64,1252,2017,False,2017_publishedweek522017.xls
2017-03-10,45-64,1240,2017,False,2017_publishedweek522017.xls
2017-03-17,45-64,1260,2017,False,2017_publishedweek522017.xls
2017-03-24,45-64,1256,2017,False,2017_publishedweek522017.xls
2017-03-31,45-64,1202,2017,False,2017_publishedweek522017.xls
2017-04-07,45-64,1181,2017,False,2017_publishedweek522017.xls
2017-04-14,45-64,1003,2017,False,2017_publishedweek522017.xls
2017-04-21,45-64,1130,2017,False,2017_publishedweek522017.xls
2017-04-28,45-64,1315,2017,False,2017_publishedweek522017.xls
2017-05-05,45-64,1035,2017,False,2017_publishedweek522017.xls
2017-05-12,45-64,1275,2017,False,2017_publishedweek522017.xls
2017-05-19,45-64,1320,2017,False,2017_publishedweek522017.xls
2017-05-26,45-64,1187,2017,False,2017_publishedweek522017.xls
2017-06-02,45-64,995,2017,False,2017_publishedweek522017.xls
2017-06-09,45-64,1227,2017,False,2017_publishedweek522017.xls
2017-06-16,45-64,1188,2017,False,2017_publishedweek522017.xls
2017-06-23,45-64,1175,2017,False,2017_publishedweek522017.xls
2017-06-30,45-64,1121,2017,False,2017_publishedweek522017.xls
2017-07-07,45-64,1202,2017,False,2017_publishedweek522017.xls
2017-07-14,45-64,1144,2017,False,2017_publishedweek522017.xls
2017-07-21,45-64,1210,2017,False,2017_publishedweek522017.xls
2017-07-28,45-64,1184,2017,False,2017_publishedweek522017.xls
2017-08-04,45-64,1131,2017,False,2017_publishedweek522017.xls
2017-08-11,45-64,1141,2017,False,2017_publishedweek522017.xls
2017-08-18,45-64,1146,2017,False,2017_publishedweek522017.xls
2017-08-25,45-64,1095,2017,False,2017_publishedweek522017.xls
2017-09-01,45-64,997,2017,False,2017_publishedweek522017.xls
2017-09-08,45-64,1190,2017,False,2017_publishedweek522017.xls
2017-09-15,45-64,1207,2017,False,2017_publishedweek522017.xls
2017-09-22,45-64,1157,2017,False,2017_publishedweek522017.xls
2017-09-29,45-64,1160,2017,False,2017_publishedweek522017.xls
2017-10-06,45-64,1171,2017,False,2017_publishedweek522017.xls
2017-10-13,45-64,1185,2017,False,2017_publishedweek522017.xls
2017-10-20,45-64,1165,2017,False,2017_publishedweek522017.xls
2017-10-27,45-64,1166,2017,False,2017_publishedweek522017.xls
2017-11-03,45-64,1243,2017,False,2017_publishedweek522017.xls
2017-11-10,45-64,1251,2017,False,2017_publishedweek522017.xls
2017-11-17,45-64,1242,2017,False,2017_publishedweek522017.xls
2017-11-24,45-64,1308,2017,False,2017_publishedweek522017.xls
2017-12-01,45-64,1216,2017,False,2017_publishedweek522017.xls
2017-12-08,45-64,1224,2017,False,2017_publishedweek522017.xls
2017-12-15,45-64,1282,2017,False,2017_publishedweek522017.xls
2017-12-22,45-64,1397,2017,False,2017_publishedweek522017.xls
2017-12-29,45-64,895,2017,False,2017_publishedweek522017.xls
2018-01-05,45-64,1290,2018,False,2018_publishedweek522018withupdatedrespiratoryrow.xls
2018-01-12,45-64,1561,2018,False,2018_publishedweek522018withupdatedrespiratoryrow.xls
2018-01-19,45-64,1507,2018,False,2018_publishedweek522018withupdatedrespiratoryrow.xls
2018-01-26,45-64,1459,2018,False,2018_publishedweek522018withupdatedrespiratoryrow.xls
2018-02-02,45-64,1404,2018,False,2018_publishedweek522018withupdatedrespiratoryrow.xls
2018-02-09,45-64,1347,2018,False,2018_publishedweek522018withupdatedrespiratoryrow.xls
2018-02-16,45-64,1377,2018,False,2018_publishedweek522018withupdatedrespiratoryrow.xls
2018-02-23,45-64,1378,2018,False,2018_publishedweek522018withupdatedrespiratoryrow.xls
2018-03-02,45-64,1229,2018,False,2018_publishedweek522018withupdatedrespiratoryrow.xls
2018-03-09,45-64,1362,2018,False,2018_publishedweek522018withupdatedrespiratoryrow.xls
2018-03-16,45-64,1316,2018,False,2018_publishedweek522018withupdatedrespiratoryrow.xls
2018-03-23,45-64,1349,2018,False,2018_publishedweek522018withupdatedrespiratoryrow.xls
2018-03-30,45-64,1065,2018,False,2018_publishedweek522018withupdatedrespiratoryrow.xls
2018-04-06,45-64,1229,2018,False,2018_publishedweek522018withupdatedrespiratoryrow.xls
2018-04-13,45-64,1382,2018,False,2018_publishedweek522018withupdatedrespiratoryrow.xls
2018-04-20,45-64,1386,2018,False,2018_publishedweek522018withupdatedrespiratoryrow.xls
2018-04-27,45-64,1213,2018,False,2018_publishedweek522018withupdatedrespiratoryrow.xls
2018-05-04,45-64,1363,2018,False,2018_publishedweek522018withupdatedrespiratoryrow.xls
2018-05-11,45-64,1115,2018,False,2018_publishedweek522018withupdatedrespiratoryrow.xls
2018-05-18,45-64,1330,2018,False,2018_publishedweek522018withupdatedrespiratoryrow.xls
2018-05-25,45-64,1258,2018,False,2018_publishedweek522018withupdatedrespiratoryrow.xls
2018-06-01,45-64,998,2018,False,2018_publishedweek522018withupdatedrespiratoryrow.xls
2018-06-08,45-64,1195,2018,False,2018_publishedweek522018withupdatedrespiratoryrow.xls
2018-06-15,45-64,1199,2018,False,2018_publishedweek522018withupdatedrespiratoryrow.xls
2018-06-22,45-64,1161,2018,False,2018_publishedweek522018withupdatedrespiratoryrow.xls
2018-06-29,45-64,1184,2018,False,2018_publishedweek522018withupdatedrespiratoryrow.xls
2018-07-06,45-64,1150,2018,False,2018_publishedweek522018withupdatedrespiratoryrow.xls
2018-07-13,45-64,1140,2018,False,2018_publishedweek522018withupdatedrespiratoryrow.xls
2018-07-20,45-64,1166,2018,False,2018_publishedweek522018withupdatedrespiratoryrow.xls
2018-07-27,45-64,1193,2018,False,2018_publishedweek522018withupdatedrespiratoryrow.xls
2018-08-03,45-64,1155,2018,False,2018_publishedweek522018withupdatedrespiratoryrow.xls
2018-08-10,45-64,1175,2018,False,2018_publishedweek522018withupdatedrespiratoryrow.xls
2018-08-17,45-64,1130,2018,False,2018_publishedweek522018withupdatedrespiratoryrow.xls
2018-08-24,45-64,1083,2018,False,2018_publishedweek522018withupdatedrespiratoryrow.xls
2018-08-31,45-64,1017,2018,False,2018_publishedweek522018withupdatedrespiratoryrow.xls
2018-09-07,45-64,1196,2018,False,2018_publishedweek522018withupdatedrespiratoryrow.xls
2018-09-14,45-64,1180,2018,False,2018_publishedweek522018withupdatedrespiratoryrow.xls
2018-09-21,45-64,1171,2018,False,2018_publishedweek522018withupdatedrespiratoryrow.xls
2018-09-28,45-64,1083,2018,False,2018_publishedweek522018withupdatedrespiratoryrow.xls
2018-10-05,45-64,1200,2018,False,2018_publishedweek522018withupdatedrespiratoryrow.xls
2018-10-12,45-64,1212,2018,False,2018_publishedweek522018withupdatedrespiratoryrow.xls
2018-10-19,45-64,1209,2018,False,2018_publishedweek522018withupdatedrespiratoryrow.xls
2018-10-26,45-64,1200,2018,False,2018_publishedweek522018withupdatedrespiratoryrow.xls
2018-11-02,45-64,1151,2018,False,2018_publishedweek522018withupdatedrespiratoryrow.xls
2018-11-09,45-64,1157,2018,False,2018_publishedweek522018withupdatedrespiratoryrow.xls
2018-11-16,45-64,1238,2018,False,2018_publishedweek522018withupdatedrespiratoryrow.xls
2018-11-23,45-64,1223,2018,False,2018_publishedweek522018withupdatedrespiratoryrow.xls
2018-11-30,45-64,1246,2018,False,2018_publishedweek522018withupdatedrespiratoryrow.xls
2018-12-07,45-64,1218,2018,False,2018_publishedweek522018withupdatedrespiratoryrow.xls
2018-12-14,45-64,1265,2018,False,2018_publishedweek522018withupdatedrespiratoryrow.xls
2018-12-21,45-64,1306,2018,False,2018_publishedweek522018withupdatedrespiratoryrow.xls
2018-12-28,45-64,792,2018,False,2018_publishedweek522018withupdatedrespiratoryrow.xls
2019-01-04,45-64,1199,2019,False,2019_publishedweek522019.xls
2019-01-11,45-64,1419,2019,False,2019_publishedweek522019.xls
2019-01-18,45-64,1373,2019,False,2019_publishedweek522019.xls
2019-01-25,45-64,1438,2019,False,2019_publishedweek522019.xls
2019-02-01,45-64,1367,2019,False,2019_publishedweek522019.xls
2019-02-08,45-64,1387,2019,False,2019_publishedweek522019.xls
2019-02-15,45-64,1372,2019,False,2019_publishedweek522019.xls
2019-02-22,45-64,1395,2019,False,2019_publishedweek522019.xls
2019-03-01,45-64,1264,2019,False,2019_publishedweek522019.xls
2019-03-08,45-64,1342,2019,False,2019_publishedweek522019.xls
2019-03-15,45-64,1311,2019,False,2019_publishedweek522019.xls
2019-03-22,45-64,1249,2019,False,2019_publishedweek522019.xls
2019-03-29,45-64,1222,2019,False,2019_publishedweek522019.xls
2019-04-05,45-64,1232,2019,False,2019_publishedweek522019.xls
2019-04-12,45-64,1265,2019,False,2019_publishedweek522019.xls
2019-04-19,45-64,1100,2019,False,2019_publishedweek522019.xls
2019-04-26,45-64,1207,2019,False,2019_publishedweek522019.xls
2019-05-03,45-64,1334,2019,False,2019_publishedweek522019.xls
2019-05-10,45-64,1094,2019,False,2019_publishedweek522019.xls
2019-05-17,45-64,1274,2019,False,2019_publishedweek522019.xls
2019-05-24,45-64,1262,2019,False,2019_publishedweek522019.xls
2019-05-31,45-64,991,2019,False,2019_publishedweek522019.xls
2019-06-07,45-64,1223,2019,False,2019_publishedweek522019.xls
2019-06-14,45-64,1149,2019,False,2019_publishedweek522019.xls
2019-06-21,45-64,1150,2019,False,2019_publishedweek522019.xls
2019-06-28,45-64,1214,2019,False,2019_publishedweek522019.xls
2019-07-05,45-64,1112,2019,False,2019_publishedweek522019.xls
2019-07-12,45-64,1140,2019,False,2019_publishedweek522019.xls
2019-07-19,45-64,1136,2019,False,2019_publishedweek522019.xls
2019-07-26,45-64,1117,2019,False,2019_publishedweek522019.xls
2019-08-02,45-64,1123,2019,False,2019_publishedweek522019.xls
2019-08-09,45-64,1095,2019,False,2019_publishedweek522019.xls
2019-08-16,45-64,1244,2019,False,2019_publishedweek522019.xls
2019-08-23,45-64,1127,2019,False,2019_publishedweek522019.xls
2019-08-30,45-64,1026,2019,False,2019_publishedweek522019.xls
2019-09-06,45-64,1199,2019,False,2019_publishedweek522019.xls
2019-09-13,45-64,1169,2019,False,2019_publishedweek522019.xls
2019-09-20,45-64,1174,2019,False,2019_publishedweek522019.xls
2019-09-27,45-64,1197,2019,False,2019_publishedweek522019.xls
2019-10-04,45-64,1189,2019,False,2019_publishedweek522019.xls
2019-10-11,45-64,1137,2019,False,2019_publishedweek522019.xls
2019-10-18,45-64,1154,2019,False,2019_publishedweek522019.xls
2019-10-25,45-64,1198,2019,False,2019_publishedweek522019.xls
2019-11-01,45-64,1196,2019,False,2019_publishedweek522019.xls
2019-11-08,45-64,1236,2019,False,2019_publishedweek522019.xls
2019-11-15,45-64,1254,2019,False,2019_publishedweek522019.xls
2019-11-22,45-64,1225,2019,False,2019_publishedweek522019.xls
2019-11-29,45-64,1237,2019,False,2019_publishedweek522019.xls
2019-12-06,45-64,1275,2019,False,2019_publishedweek522019.xls
2019-12-13,45-64,1313,2019,False,2019_publishedweek522019.xls
2019-12-20,45-64,1316,2019,False,2019_publishedweek522019.xls
2019-12-27,45-64,773,2019,False,2019_publishedweek522019.xls
2020-01-03,45-64,1201,2020,False,2020_publishedweek532020.xlsx
2020-01-10,45-64,1500,2020,False,2020_publishedweek532020.xlsx
2020-01-17,45-64,1518,2020,False,2020_publishedweek532020.xlsx
2020-01-24,45-64,1356,2020,False,2020_publishedweek532020.xlsx
2020-01-31,45-64,1348,2020,False,2020_publishedweek532020.xlsx
2020-02-07,45-64,1329,2020,False,2020_publishedweek532020.xlsx
2020-02-14,45-64,1288,2020,False,2020_publishedweek532020.xlsx
2020-02-21,45-64,1271,2020,False,2020_publishedweek532020.xlsx
2020-02-28,45-64,1257,2020,False,2020_publishedweek532020.xlsx
2020-03-06,45-64,1252,2020,False,2020_publishedweek532020.xlsx
2020-03-13,45-64,1340,2020,False,2020_publishedweek532020.xlsx
2020-03-20,45-64,1264,2020,False,2020_publishedweek532020.xlsx
2020-03-27,45-64,1301,2020,False,2020_publishedweek532020.xlsx
2020-04-03,45-64,1860,2020,False,2020_publishedweek532020.xlsx
2020-04-10,45-64,2111,2020,False,2020_publishedweek532020.xlsx
2020-04-17,45-64,2294,2020,False,2020_publishedweek532020.xlsx
2020-04-24,45-64,2283,2020,False,2020_publishedweek532020.xlsx
2020-05-01,45-64,1897,2020,False,2020_publishedweek532020.xlsx
2020-05-08,45-64,1370,2020,False,2020_publishedweek532020.xlsx
2020-05-15,45-64,1643,2020,False,2020_publishedweek532020.xlsx
2020-05-22,45-64,1481,2020,False,2020_publishedweek532020.xlsx
2020-05-29,45-64,1123,2020,False,2020_publishedweek532020.xlsx
2020-06-05,45-64,1308,2020,False,2020_publishedweek532020.xlsx
2020-06-12,45-64,1270,2020,False,2020_publishedweek532020.xlsx
2020-06-19,45-64,1206,2020,False,2020_publishedweek532020.xlsx
2020-06-26,45-64,1150,2020,False,2020_publishedweek532020.xlsx
2020-07-03,45-64,1181,2020,False,2020_publishedweek532020.xlsx
2020-07-10,45-64,1108,2020,False,2020_publishedweek532020.xlsx
2020-07-17,45-64,1198,2020,False,2020_publishedweek532020.xlsx
2020-07-24,45-64,1208,2020,False,2020_publishedweek532020.xlsx
2020-07-31,45-64,1209,2020,False,2020_publishedweek532020.xlsx
2020-08-07,45-64,1179,2020,False,2020_publishedweek532020.xlsx
2020-08-14,45-64,1150,2020,False,2020_publishedweek532020.xlsx
2020-08-21,45-64,1251,2020,False,2020_publishedweek532020.xlsx
2020-08-28,45-64,1236,2020,False,2020_publishedweek532020.xlsx
2020-09-04,45-64,1021,2020,False,2020_publishedweek532020.xlsx
2020-09-11,45-64,1209,2020,False,2020_publishedweek532020.xlsx
2020-09-18,45-64,1231,2020,False,2020_publishedweek532020.xlsx
2020-09-25,45-64,1253,2020,False,2020_publishedweek532020.xlsx
2020-10-02,45-64,1257,2020,False,2020_publishedweek532020.xlsx
2020-10-09,45-64,1231,2020,False,2020_publishedweek532020.xlsx
2020-10-16,45-64,1331,2020,False,2020_publishedweek532020.xlsx
2020-10-23,45-64,1330,2020,False,2020_publishedweek532020.xlsx
2020-10-30,45-64,1355,2020,False,2020_publishedweek532020.xlsx
2020-11-06,45-64,1384,2020,False,2020_publishedweek532020.xlsx
2020-11-13,45-64,1490,2020,False,2020_publishedweek532020.xlsx
2020-11-20,45-64,1500,2020,False,2020_publishedweek532020.xlsx
2020-11-27,45-64,1553,2020,False,2020_publishedweek532020.xlsx
2020-12-04,45-64,1529,2020,False,2020_publishedweek532020.xlsx
2020-12-11,45-64,1525,2020,False,2020_publishedweek532020.xlsx
2020-12-18,45-64,1524,2020,False,2020_publishedweek532020.xlsx
2020-12-25,45-64,1315,2020,False,2020_publishedweek532020.xlsx
2021-01-01,45-64,1086,2020,False,2020_publishedweek532020.xlsx
2021-01-08,45-64,1978,2021,False,2021_publishedweek522021.xlsx
2021-01-15,45-64,2101,2021,False,2021_publishedweek522021.xlsx
2021-01-22,45-64,2202,2021,False,2021_publishedweek522021.xlsx
2021-01-29,45-64,2143,2021,False,2021_publishedweek522021.xlsx
2021-02-05,45-64,2015,2021,False,2021_publishedweek522021.xlsx
2021-02-12,45-64,1926,2021,False,2021_publishedweek522021.xlsx
2021-02-19,45-64,1833,2021,False,2021_publishedweek522021.xlsx
2021-02-26,45-64,1633,2021,False,2021_publishedweek522021.xlsx
2021-03-05,45-64,1541,2021,False,2021_publishedweek522021.xlsx
2021-03-12,45-64,1526,2021,False,2021_publishedweek522021.xlsx
2021-03-19,45-64,1454,2021,False,2021_publishedweek522021.xlsx
2021-03-26,45-64,1345,2021,False,2021_publishedweek522021.xlsx
2021-04-02,45-64,1106,2021,False,2021_publishedweek522021.xlsx
2021-04-09,45-64,1193,2021,False,2021_publishedweek522021.xlsx
2021-04-16,45-64,1396,2021,False,2021_publishedweek522021.xlsx
2021-04-23,45-64,1388,2021,False,2021_publishedweek522021.xlsx
2021-04-30,45-64,1268,2021,False,2021_publishedweek522021.xlsx
2021-05-07,45-64,1017,2021,False,2021_publishedweek522021.xlsx
2021-05-14,45-64,1323,2021,False,2021_publishedweek522021.xlsx
2021-05-21,45-64,1353,2021,False,2021_publishedweek522021.xlsx
2021-05-28,45-64,1271,2021,False,2021_publishedweek522021.xlsx
2021-06-04,45-64,1055,2021,False,2021_publishedweek522021.xlsx
2021-06-11,45-64,1316,2021,False,2021_publishedweek522021.xlsx
2021-06-18,45-64,1304,2021,False,2021_publishedweek522021.xlsx
2021-06-25,45-64,1153,2021,False,2021_publishedweek522021.xlsx
2021-07-02,45-64,1216,2021,False,2021_publishedweek522021.xlsx
2021-07-09,45-64,1267,2021,False,2021_publishedweek522021.xlsx
2021-07-16,45-64,1319,2021,False,2021_publishedweek522021.xlsx
2021-07-23,45-64,1269,2021,False,2021_publishedweek522021.xlsx
2021-07-30,45-64,1327,2021,False,2021_publishedweek522021.xlsx
2021-08-06,45-64,1395,2021,False,2021_publishedweek522021.xlsx
2021-08-13,45-64,1348,2021,False,2021_publishedweek522021.xlsx
2021-08-20,45-64,1268,2021,False,2021_publishedweek522021.xlsx
2021-08-27,45-64,1340,2021,False,2021_publishedweek522021.xlsx
2021-09-03,45-64,1142,2021,False,2021_publishedweek522021.xlsx
2021-09-10,45-64,1427,2021,False,2021_publishedweek522021.xlsx
2021-09-17,45-64,1404,2021,False,2021_publishedweek522021.xlsx
2021-09-24,45-64,1386,2021,False,2021_publishedweek522021.xlsx
2021-10-01,45-64,1426,2021,False,2021_publishedweek522021.xlsx
2021-10-08,45-64,1346,2021,False,2021_publishedweek522021.xlsx
2021-10-15,45-64,1466,2021,False,2021_publishedweek522021.xlsx
2021-10-22,45-64,1488,2021,False,2021_publishedweek522021.xlsx
2021-10-29,45-64,1413,2021,False,2021_publishedweek522021.xlsx
2021-11-05,45-64,1352,2021,False,2021_publishedweek522021.xlsx
2021-11-12,45-64,1486,2021,False,2021_publishedweek522021.xlsx
2021-11-19,45-64,1463,2021,False,2021_publishedweek522021.xlsx
2021-11-26,45-64,1436,2021,False,2021_publishedweek522021.xlsx
2021-12-03,45-64,1509,2021,False,2021_publishedweek522021.xlsx
2021-12-10,45-64,1439,2021,False,2021_publishedweek522021.xlsx
2021-12-17,45-64,1524,2021,False,2021_publishedweek522021.xlsx
2021-12-24,45-64,1595,2021,False,2021_publishedweek522021.xlsx
2021-12-31,45-64,1025,2021,False,2021_publishedweek522021.xlsx
2022-01-07,45-64,1449,2022,False,2022_publicationfileweek522022.xlsx
2022-01-14,45-64,1599,2022,False,2022_publicationfileweek522022.xlsx
2022-01-21,45-64,1520,2022,False,2022_publicationfileweek522022.xlsx
2022-01-28,45-64,1505,2022,False,2022_publicationfileweek522022.xlsx
2022-02-04,45-64,1565,2022,False,2022_publicationfileweek522022.xlsx
2022-02-11,45-64,1365,2022,False,2022_publicationfileweek522022.xlsx
2022-02-18,45-64,1364,2022,False,2022_publicationfileweek522022.xlsx
2022-02-25,45-64,1334,2022,False,2022_publicationfileweek522022.xlsx
2022-03-04,45-64,1373,2022,False,2022_publicationfileweek522022.xlsx
2022-03-11,45-64,1377,2022,False,2022_publicationfileweek522022.xlsx
2022-03-18,45-64,1267,2022,False,2022_publicationfileweek522022.xlsx
2022-03-25,45-64,1318,2022,False,2022_publicationfileweek522022.xlsx
2022-04-01,45-64,1216,2022,False,2022_publicationfileweek522022.xlsx
2022-04-08,45-64,1264,2022,False,2022_publicationfileweek522022.xlsx
2022-04-15,45-64,1159,2022,False,2022_publicationfileweek522022.xlsx
2022-04-22,45-64,1190,2022,False,2022_publicationfileweek522022.xlsx
2022-04-29,45-64,1390,2022,False,2022_publicationfileweek522022.xlsx
2022-05-06,45-64,1186,2022,False,2022_publicationfileweek522022.xlsx
2022-05-13,45-64,1393,2022,False,2022_publicationfileweek522022.xlsx
2022-05-20,45-64,1424,2022,False,2022_publicationfileweek522022.xlsx
2022-05-27,45-64,1357,2022,False,2022_publicationfileweek522022.xlsx
2022-06-03,45-64,902,2022,False,2022_publicationfileweek522022.xlsx
2022-06-10,45-64,1476,2022,False,2022_publicationfileweek522022.xlsx
2022-06-17,45-64,1347,2022,False,2022_publicationfileweek522022.xlsx
2022-06-24,45-64,1356,2022,False,2022_publicationfileweek522022.xlsx
2022-07-01,45-64,1260,2022,False,2022_publicationfileweek522022.xlsx
2022-07-08,45-64,1313,2022,False,2022_publicationfileweek522022.xlsx
2022-07-15,45-64,1330,2022,False,2022_publicationfileweek522022.xlsx
2022-07-22,45-64,1333,2022,False,2022_publicationfileweek522022.xlsx
2022-07-29,45-64,1294,2022,False,2022_publicationfileweek522022.xlsx
2022-08-05,45-64,1337,2022,False,2022_publicationfileweek522022.xlsx
2022-08-12,45-64,1239,2022,False,2022_publicationfileweek522022.xlsx
2022-08-19,45-64,1402,2022,False,2022_publicationfileweek522022.xlsx
2022-08-26,45-64,1343,2022,False,2022_publicationfileweek522022.xlsx
2022-09-02,45-64,1093,2022,False,2022_publicationfileweek522022.xlsx
2022-09-09,45-64,1401,2022,False,2022_publicationfileweek522022.xlsx
2022-09-16,45-64,1383,2022,False,2022_publicationfileweek522022.xlsx
2022-09-23,45-64,1112,2022,False,2022_publicationfileweek522022.xlsx
2022-09-30,45-64,1368,2022,False,2022_publicationfileweek522022.xlsx
2022-10-07,45-64,1311,2022,False,2022_publicationfileweek522022.xlsx
2022-10-14,45-64,1351,2022,False,2022_publicationfileweek522022.xlsx
2022-10-21,45-64,1400,2022,False,2022_publicationfileweek522022.xlsx
2022-10-28,45-64,1341,2022,False,2022_publicationfileweek522022.xlsx
2022-11-04,45-64,1395,2022,False,2022_publicationfileweek522022.xlsx
2022-11-11,45-64,1419,2022,False,2022_publicationfileweek522022.xlsx
2022-11-18,45-64,1370,2022,False,2022_publicationfileweek522022.xlsx
2022-11-25,45-64,1429,2022,False,2022_publicationfileweek522022.xlsx
2022-12-02,45-64,1349,2022,False,2022_publicationfileweek522022.xlsx
2022-12-09,45-64,1417,2022,False,2022_publicationfileweek522022.xlsx
2022-12-16,45-64,1442,2022,False,2022_publicationfileweek522022.xlsx
2022-12-23,45-64,1659,2022,False,2022_publicationfileweek522022.xlsx
2022-12-30,45-64,931,2022,False,2022_publicationfileweek522022.xlsx
2023-01-06,45-64,1518,2023,False,2023_publicationfileweek522023rerun.xlsx
2023-01-13,45-64,1798,2023,False,2023_publicationfileweek522023rerun.xlsx
2023-01-20,45-64,1723,2023,False,2023_publicationfileweek522023rerun.xlsx
2023-01-27,45-64,1651,2023,False,2023_publicationfileweek522023rerun.xlsx
2023-02-03,45-64,1539,2023,False,2023_publicationfileweek522023rerun.xlsx
2023-02-10,45-64,1470,2023,False,2023_publicationfileweek522023rerun.xlsx
2023-02-17,45-64,1363,2023,False,2023_publicationfileweek522023rerun.xlsx
2023-02-24,45-64,1405,2023,False,2023_publicationfileweek522023rerun.xlsx
2023-03-03,45-64,1432,2023,False,2023_publicationfileweek522023rerun.xlsx
2023-03-10,45-64,1334,2023,False,2023_publicationfileweek522023rerun.xlsx
2023-03-17,45-64,1441,2023,False,2023_publicationfileweek522023rerun.xlsx
2023-03-24,45-64,1412,2023,False,2023_publicationfileweek522023rerun.xlsx
2023-03-31,45-64,1368,2023,False,2023_publicationfileweek522023rerun.xlsx
2023-04-07,45-64,1156,2023,False,2023_publicationfileweek522023rerun.xlsx
2023-04-14,45-64,1204,2023,False,2023_publicationfileweek522023rerun.xlsx
2023-04-21,45-64,1478,2023,False,2023_publicationfileweek522023rerun.xlsx
2023-04-28,45-64,1551,2023,False,2023_publicationfileweek522023rerun.xlsx
2023-05-05,45-64,1256,2023,False,2023_publicationfileweek522023rerun.xlsx
2023-05-12,45-64,1264,2023,False,2023_publicationfileweek522023rerun.xlsx
2023-05-19,45-64,1402,2023,False,2023_publicationfileweek522023rerun.xlsx
2023-05-26,45-64,1443,2023,False,2023_publicationfileweek522023rerun.xlsx
2023-06-02,45-64,1114,2023,False,2023_publicationfileweek522023rerun.xlsx
2023-06-09,45-64,1354,2023,False,2023_publicationfileweek522023rerun.xlsx
2023-06-16,45-64,1347,2023,False,2023_publicationfileweek522023rerun.xlsx
2023-06-23,45-64,1406,2023,False,2023_publicationfileweek522023rerun.xlsx
2023-06-30,45-64,1322,2023,False,2023_publicationfileweek522023rerun.xlsx
2023-07-07,45-64,1271,2023,False,2023_publicationfileweek522023rerun.xlsx
2023-07-14,45-64,1331,2023,False,2023_publicationfileweek522023rerun.xlsx
2023-07-21,45-64,1268,2023,False,2023_publicationfileweek522023rerun.xlsx
2023-07-28,45-64,1250,2023,False,2023_publicationfileweek522023rerun.xlsx
2023-08-04,45-64,1375,2023,False,2023_publicationfileweek522023rerun.xlsx
2023-08-11,45-64,1340,2023,False,2023_publicationfileweek522023rerun.xlsx
2023-08-18,45-64,1286,2023,False,2023_publicationfileweek522023rerun.xlsx
2023-08-25,45-64,1221,2023,False,2023_publicationfileweek522023rerun.xlsx
2023-09-01,45-64,1100,2023,False,2023_publicationfileweek522023rerun.xlsx
2023-09-08,45-64,1268,2023,False,2023_publicationfileweek522023rerun.xlsx
2023-09-15,45-64,1300,2023,False,2023_publicationfileweek522023rerun.xlsx
2023-09-22,45-64,1368,2023,False,2023_publicationfileweek522023rerun.xlsx
2023-09-29,45-64,1247,2023,False,2023_publicationfileweek522023rerun.xlsx
2023-10-06,45-64,1261,2023,False,2023_publicationfileweek522023rerun.xlsx
2023-10-13,45-64,1338,2023,False,2023_publicationfileweek522023rerun.xlsx
2023-10-20,45-64,1317,2023,False,2023_publicationfileweek522023rerun.xlsx
2023-10-27,45-64,1312,2023,False,2023_publicationfileweek522023rerun.xlsx
2023-11-03,45-64,1312,2023,False,2023_publicationfileweek522023rerun.xlsx
2023-11-10,45-64,1427,2023,False,2023_publicationfileweek522023rerun.xlsx
2023-11-17,45-64,1333,2023,False,2023_publicationfileweek522023rerun.xlsx
2023-11-24,45-64,1314,2023,False,2023_publicationfileweek522023rerun.xlsx
2023-12-01,45-64,1426,2023,False,2023_publicationfileweek522023rerun.xlsx
2023-12-08,45-64,1357,2023,False,2023_publicationfileweek522023rerun.xlsx
2023-12-15,45-64,1406,2023,False,2023_publicationfileweek522023rerun.xlsx
2023-12-22,45-64,1524,2023,False,2023_publicationfileweek522023rerun.xlsx
2023-12-29,45-64,806,2023,False,2023_publicationfileweek522023rerun.xlsx
2024-01-05,45-64,1301,2024,False,2024_weeklydeathsweek522024.xlsx
2024-01-12,45-64,1581,2024,False,2024_weeklydeathsweek522024.xlsx
2024-01-19,45-64,1494,2024,False,2024_weeklydeathsweek522024.xlsx
2024-01-26,45-64,1453,2024,False,2024_weeklydeathsweek522024.xlsx
2024-02-02,45-64,1452,2024,False,2024_weeklydeathsweek522024.xlsx
2024-02-09,45-64,1439,2024,False,2024_weeklydeathsweek522024.xlsx
2024-02-16,45-64,1393,2024,False,2024_weeklydeathsweek522024.xlsx
2024-02-23,45-64,1412,2024,False,2024_weeklydeathsweek522024.xlsx
2024-03-01,45-64,1370,2024,False,2024_weeklydeathsweek522024.xlsx
2024-03-08,45-64,1351,2024,False,2024_weeklydeathsweek522024.xlsx
2024-03-15,45-64,1403,2024,False,2024_weeklydeathsweek522024.xlsx
2024-03-22,45-64,1335,2024,False,2024_weeklydeathsweek522024.xlsx
2024-03-29,45-64,1155,2024,False,2024_weeklydeathsweek522024.xlsx
2024-04-05,45-64,1118,2024,False,2024_weeklydeathsweek522024.xlsx
2024-04-12,45-64,1440,2024,False,2024_weeklydeathsweek522024.xlsx
2024-04-19,45-64,1411,2024,False,2024_weeklydeathsweek522024.xlsx
2024-04-26,45-64,1408,2024,False,2024_weeklydeathsweek522024.xlsx
2024-05-03,45-64,1385,2024,False,2024_weeklydeathsweek522024.xlsx
2024-05-10,45-64,1111,2024,False,2024_weeklydeathsweek522024.xlsx
2024-05-17,45-64,1381,2024,False,2024_weeklydeathsweek522024.xlsx
2024-05-24,45-64,1349,2024,False,2024_weeklydeathsweek522024.xlsx
2024-05-31,45-64,1101,2024,False,2024_weeklydeathsweek522024.xlsx
2024-06-07,45-64,1328,2024,False,2024_weeklydeathsweek522024.xlsx
2024-06-14,45-64,1363,2024,False,2024_weeklydeathsweek522024.xlsx
2024-06-21,45-64,1327,2024,False,2024_weeklydeathsweek522024.xlsx
2024-06-28,45-64,1287,2024,False,2024_weeklydeathsweek522024.xlsx
2024-07-05,45-64,1248,2024,False,2024_weeklydeathsweek522024.xlsx
2024-07-12,45-64,1390,2024,False,2024_weeklydeathsweek522024.xlsx
2024-07-19,45-64,1302,2024,False,2024_weeklydeathsweek522024.xlsx
2024-07-26,45-64,1299,2024,False,2024_weeklydeathsweek522024.xlsx
2024-08-02,45-64,1271,2024,False,2024_weeklydeathsweek522024.xlsx
2024-08-09,45-64,1266,2024,False,2024_weeklydeathsweek522024.xlsx
2024-08-16,45-64,1256,2024,False,2024_weeklydeathsweek522024.xlsx
2024-08-23,45-64,1261,2024,False,2024_weeklydeathsweek522024.xlsx
2024-08-30,45-64,1010,2024,False,2024_weeklydeathsweek522024.xlsx
2024-09-06,45-64,1208,2024,False,2024_weeklydeathsweek522024.xlsx
2024-09-13,45-64,1270,2024,False,2024_weeklydeathsweek522024.xlsx
2024-09-20,45-64,1278,2024,False,2024_weeklydeathsweek522024.xlsx
2024-09-27,45-64,1251,2024,False,2024_weeklydeathsweek522024.xlsx
2024-10-04,45-64,1230,2024,False,2024_weeklydeathsweek522024.xlsx
2024-10-11,45-64,1348,2024,False,2024_weeklydeathsweek522024.xlsx
2024-10-18,45-64,1261,2024,False,2024_weeklydeathsweek522024.xlsx
2024-10-25,45-64,1351,2024,False,2024_weeklydeathsweek522024.xlsx
2024-11-01,45-64,1317,2024,False,2024_weeklydeathsweek522024.xlsx
2024-11-08,45-64,1311,2024,False,2024_weeklydeathsweek522024.xlsx
2024-11-15,45-64,1369,2024,False,2024_weeklydeathsweek522024.xlsx
2024-11-22,45-64,1273,2024,False,2024_weeklydeathsweek522024.xlsx
2024-11-29,45-64,1342,2024,False,2024_weeklydeathsweek522024.xlsx
2024-12-06,45-64,1307,2024,False,2024_weeklydeathsweek522024.xlsx
2024-12-13,45-64,1372,2024,False,2024_weeklydeathsweek522024.xlsx
2024-12-20,45-64,1439,2024,False,2024_weeklydeathsweek522024.xlsx
2024-12-27,45-64,837,2024,False,2024_weeklydeathsweek522024.xlsx
2025-01-03,45-64,1209,2025,False,2025_weeklydeathsweek522025.xlsx
2025-01-10,45-64,1618,2025,False,2025_weeklydeathsweek522025.xlsx
2025-01-17,45-64,1665,2025,False,2025_weeklydeathsweek522025.xlsx
2025-01-24,45-64,1564,2025,False,2025_weeklydeathsweek522025.xlsx
2025-01-31,45-64,1608,2025,False,2025_weeklydeathsweek522025.xlsx
2025-02-07,45-64,1492,2025,False,2025_weeklydeathsweek522025.xlsx
2025-02-14,45-64,1450,2025,False,2025_weeklydeathsweek522025.xlsx
2025-02-21,45-64,1396,2025,False,2025_weeklydeathsweek522025.xlsx
2025-02-28,45-64,1325,2025,False,2025_weeklydeathsweek522025.xlsx
2025-03-07,45-64,1421,2025,False,2025_weeklydeathsweek522025.xlsx
2025-03-14,45-64,1371,2025,False,2025_weeklydeathsweek522025.xlsx
2025-03-21,45-64,1344,2025,False,2025_weeklydeathsweek522025.xlsx
2025-03-28,45-64,1417,2025,False,2025_weeklydeathsweek522025.xlsx
2025-04-04,45-64,1393,2025,False,2025_weeklydeathsweek522025.xlsx
2025-04-11,45-64,1340,2025,False,2025_weeklydeathsweek522025.xlsx
2025-04-18,45-64,1179,2025,False,2025_weeklydeathsweek522025.xlsx
2025-04-25,45-64,1200,2025,False,2025_weeklydeathsweek522025.xlsx
2025-05-02,45-64,1397,2025,False,2025_weeklydeathsweek522025.xlsx
2025-05-09,45-64,1138,2025,False,2025_weeklydeathsweek522025.xlsx
2025-05-16,45-64,1411,2025,False,2025_weeklydeathsweek522025.xlsx
2025-05-23,45-64,1407,2025,False,2025_weeklydeathsweek522025.xlsx
2025-05-30,45-64,1126,2025,False,2025_weeklydeathsweek522025.xlsx
2025-06-06,45-64,1334,2025,False,2025_weeklydeathsweek522025.xlsx
2025-06-13,45-64,1388,2025,False,2025_weeklydeathsweek522025.xlsx
2025-06-20,45-64,1253,2025,False,2025_weeklydeathsweek522025.xlsx
2025-06-27,45-64,1210,2025,False,2025_weeklydeathsweek522025.xlsx
2025-07-04,45-64,1253,2025,False,2025_weeklydeathsweek522025.xlsx
2025-07-11,45-64,1273,2025,False,2025_weeklydeathsweek522025.xlsx
2025-07-18,45-64,1251,2025,False,2025_weeklydeathsweek522025.xlsx
2025-07-25,45-64,1212,2025,False,2025_weeklydeathsweek522025.xlsx
2025-08-01,45-64,1269,2025,False,2025_weeklydeathsweek522025.xlsx
2025-08-08,45-64,1218,2025,False,2025_weeklydeathsweek522025.xlsx
2025-08-15,45-64,1202,2025,False,2025_weeklydeathsweek522025.xlsx
2025-08-22,45-64,1245,2025,False,2025_weeklydeathsweek522025.xlsx
2025-08-29,45-64,984,2025,False,2025_weeklydeathsweek522025.xlsx
2025-09-05,45-64,1245,2025,False,2025_weeklydeathsweek522025.xlsx
2025-09-12,45-64,1301,2025,False,2025_weeklydeathsweek522025.xlsx
2025-09-19,45-64,1171,2025,False,2025_weeklydeathsweek522025.xlsx
2025-09-26,45-64,1237,2025,False,2025_weeklydeathsweek522025.xlsx
2025-10-03,45-64,1282,2025,False,2025_weeklydeathsweek522025.xlsx
2025-10-10,45-64,1279,2025,False,2025_weeklydeathsweek522025.xlsx
2025-10-17,45-64,1303,2025,False,2025_weeklydeathsweek522025.xlsx
2025-10-24,45-64,1276,2025,False,2025_weeklydeathsweek522025.xlsx
2025-10-31,45-64,1208,2025,False,2025_weeklydeathsweek522025.xlsx
2025-11-07,45-64,1333,2025,False,2025_weeklydeathsweek522025.xlsx
2025-11-14,45-64,1360,2025,False,2025_weeklydeathsweek522025.xlsx
2025-11-21,45-64,1293,2025,False,2025_weeklydeathsweek522025.xlsx
2025-11-28,45-64,1298,2025,False,2025_weeklydeathsweek522025.xlsx
2025-12-05,45-64,1327,2025,False,2025_weeklydeathsweek522025.xlsx
2025-12-12,45-64,1327,2025,False,2025_weeklydeathsweek522025.xlsx
2025-12-19,45-64,1401,2025,False,2025_weeklydeathsweek522025.xlsx
2025-12-26,45-64,809,2025,False,2025_weeklydeathsweek522025.xlsx
2026-01-02,45-64,1058,2026,False,2026_weeklydeathsweek192026.xlsx
2026-01-09,45-64,1548,2026,False,2026_weeklydeathsweek192026.xlsx
2026-01-16,45-64,1575,2026,False,2026_weeklydeathsweek192026.xlsx
2026-01-23,45-64,1490,2026,False,2026_weeklydeathsweek192026.xlsx
2026-01-30,45-64,1498,2026,False,2026_weeklydeathsweek192026.xlsx
2026-02-06,45-64,1384,2026,False,2026_weeklydeathsweek192026.xlsx
2026-02-13,45-64,1385,2026,False,2026_weeklydeathsweek192026.xlsx
2026-02-20,45-64,1289,2026,False,2026_weeklydeathsweek192026.xlsx
2026-02-27,45-64,1299,2026,False,2026_weeklydeathsweek192026.xlsx
2026-03-06,45-64,1327,2026,False,2026_weeklydeathsweek192026.xlsx
2026-03-13,45-64,1348,2026,False,2026_weeklydeathsweek192026.xlsx
2026-03-20,45-64,1325,2026,False,2026_weeklydeathsweek192026.xlsx
2026-03-27,45-64,1253,2026,False,2026_weeklydeathsweek192026.xlsx
2026-04-03,45-64,979,2026,False,2026_weeklydeathsweek192026.xlsx
2026-04-10,45-64,1065,2026,False,2026_weeklydeathsweek192026.xlsx
2026-04-17,45-64,1331,2026,False,2026_weeklydeathsweek192026.xlsx
2026-04-24,45-64,1404,2026,False,2026_weeklydeathsweek192026.xlsx
2026-05-01,45-64,1415,2026,False,2026_weeklydeathsweek192026.xlsx
2026-05-08,45-64,1063,2026,False,2026_weeklydeathsweek192026.xlsx
2010-01-08,65-74,2049,2010,False,2010_publishedweek2010.xls
2010-01-15,65-74,1860,2010,False,2010_publishedweek2010.xls
2010-01-22,65-74,1781,2010,False,2010_publishedweek2010.xls
2010-01-29,65-74,1666,2010,False,2010_publishedweek2010.xls
2010-02-05,65-74,1588,2010,False,2010_publishedweek2010.xls
2010-02-12,65-74,1596,2010,False,2010_publishedweek2010.xls
2010-02-19,65-74,1560,2010,False,2010_publishedweek2010.xls
2010-02-26,65-74,1600,2010,False,2010_publishedweek2010.xls
2010-03-05,65-74,1547,2010,False,2010_publishedweek2010.xls
2010-03-12,65-74,1552,2010,False,2010_publishedweek2010.xls
2010-03-19,65-74,1572,2010,False,2010_publishedweek2010.xls
2010-03-26,65-74,1566,2010,False,2010_publishedweek2010.xls
2010-04-02,65-74,1256,2010,False,2010_publishedweek2010.xls
2010-04-09,65-74,1603,2010,False,2010_publishedweek2010.xls
2010-04-16,65-74,1646,2010,False,2010_publishedweek2010.xls
2010-04-23,65-74,1525,2010,False,2010_publishedweek2010.xls
2010-04-30,65-74,1564,2010,False,2010_publishedweek2010.xls
2010-05-07,65-74,1379,2010,False,2010_publishedweek2010.xls
2010-05-14,65-74,1497,2010,False,2010_publishedweek2010.xls
2010-05-21,65-74,1525,2010,False,2010_publishedweek2010.xls
2010-05-28,65-74,1616,2010,False,2010_publishedweek2010.xls
2010-06-04,65-74,1371,2010,False,2010_publishedweek2010.xls
2010-06-11,65-74,1527,2010,False,2010_publishedweek2010.xls
2010-06-18,65-74,1497,2010,False,2010_publishedweek2010.xls
2010-06-25,65-74,1437,2010,False,2010_publishedweek2010.xls
2010-07-02,65-74,1497,2010,False,2010_publishedweek2010.xls
2010-07-09,65-74,1376,2010,False,2010_publishedweek2010.xls
2010-07-16,65-74,1404,2010,False,2010_publishedweek2010.xls
2010-07-23,65-74,1359,2010,False,2010_publishedweek2010.xls
2010-07-30,65-74,1377,2010,False,2010_publishedweek2010.xls
2010-08-06,65-74,1434,2010,False,2010_publishedweek2010.xls
2010-08-13,65-74,1386,2010,False,2010_publishedweek2010.xls
2010-08-20,65-74,1425,2010,False,2010_publishedweek2010.xls
2010-08-27,65-74,1462,2010,False,2010_publishedweek2010.xls
2010-09-03,65-74,1292,2010,False,2010_publishedweek2010.xls
2010-09-10,65-74,1539,2010,False,2010_publishedweek2010.xls
2010-09-17,65-74,1476,2010,False,2010_publishedweek2010.xls
2010-09-24,65-74,1455,2010,False,2010_publishedweek2010.xls
2010-10-01,65-74,1440,2010,False,2010_publishedweek2010.xls
2010-10-08,65-74,1455,2010,False,2010_publishedweek2010.xls
2010-10-15,65-74,1467,2010,False,2010_publishedweek2010.xls
2010-10-22,65-74,1495,2010,False,2010_publishedweek2010.xls
2010-10-29,65-74,1462,2010,False,2010_publishedweek2010.xls
2010-11-05,65-74,1581,2010,False,2010_publishedweek2010.xls
2010-11-12,65-74,1507,2010,False,2010_publishedweek2010.xls
2010-11-19,65-74,1540,2010,False,2010_publishedweek2010.xls
2010-11-26,65-74,1502,2010,False,2010_publishedweek2010.xls
2010-12-03,65-74,1516,2010,False,2010_publishedweek2010.xls
2010-12-10,65-74,1736,2010,False,2010_publishedweek2010.xls
2010-12-17,65-74,1642,2010,False,2010_publishedweek2010.xls
2010-12-24,65-74,1796,2010,False,2010_publishedweek2010.xls
2010-12-31,65-74,1514,2010,False,2010_publishedweek2010.xls
2011-01-07,65-74,2017,2011,False,2011_publishedweek2011.xls
2011-01-14,65-74,2014,2011,False,2011_publishedweek2011.xls
2011-01-21,65-74,1764,2011,False,2011_publishedweek2011.xls
2011-01-28,65-74,1651,2011,False,2011_publishedweek2011.xls
2011-02-04,65-74,1664,2011,False,2011_publishedweek2011.xls
2011-02-11,65-74,1631,2011,False,2011_publishedweek2011.xls
2011-02-18,65-74,1515,2011,False,2011_publishedweek2011.xls
2011-02-25,65-74,1487,2011,False,2011_publishedweek2011.xls
2011-03-04,65-74,1495,2011,False,2011_publishedweek2011.xls
2011-03-11,65-74,1624,2011,False,2011_publishedweek2011.xls
2011-03-18,65-74,1519,2011,False,2011_publishedweek2011.xls
2011-03-25,65-74,1545,2011,False,2011_publishedweek2011.xls
2011-04-01,65-74,1529,2011,False,2011_publishedweek2011.xls
2011-04-08,65-74,1579,2011,False,2011_publishedweek2011.xls
2011-04-15,65-74,1562,2011,False,2011_publishedweek2011.xls
2011-04-22,65-74,1328,2011,False,2011_publishedweek2011.xls
2011-04-29,65-74,1306,2011,False,2011_publishedweek2011.xls
2011-05-06,65-74,1598,2011,False,2011_publishedweek2011.xls
2011-05-13,65-74,1665,2011,False,2011_publishedweek2011.xls
2011-05-20,65-74,1507,2011,False,2011_publishedweek2011.xls
2011-05-27,65-74,1516,2011,False,2011_publishedweek2011.xls
2011-06-03,65-74,1290,2011,False,2011_publishedweek2011.xls
2011-06-10,65-74,1517,2011,False,2011_publishedweek2011.xls
2011-06-17,65-74,1468,2011,False,2011_publishedweek2011.xls
2011-06-24,65-74,1398,2011,False,2011_publishedweek2011.xls
2011-07-01,65-74,1497,2011,False,2011_publishedweek2011.xls
2011-07-08,65-74,1474,2011,False,2011_publishedweek2011.xls
2011-07-15,65-74,1367,2011,False,2011_publishedweek2011.xls
2011-07-22,65-74,1378,2011,False,2011_publishedweek2011.xls
2011-07-29,65-74,1452,2011,False,2011_publishedweek2011.xls
2011-08-05,65-74,1433,2011,False,2011_publishedweek2011.xls
2011-08-12,65-74,1430,2011,False,2011_publishedweek2011.xls
2011-08-19,65-74,1387,2011,False,2011_publishedweek2011.xls
2011-08-26,65-74,1366,2011,False,2011_publishedweek2011.xls
2011-09-02,65-74,1222,2011,False,2011_publishedweek2011.xls
2011-09-09,65-74,1462,2011,False,2011_publishedweek2011.xls
2011-09-16,65-74,1401,2011,False,2011_publishedweek2011.xls
2011-09-23,65-74,1371,2011,False,2011_publishedweek2011.xls
2011-09-30,65-74,1512,2011,False,2011_publishedweek2011.xls
2011-10-07,65-74,1422,2011,False,2011_publishedweek2011.xls
2011-10-14,65-74,1425,2011,False,2011_publishedweek2011.xls
2011-10-21,65-74,1460,2011,False,2011_publishedweek2011.xls
2011-10-28,65-74,1411,2011,False,2011_publishedweek2011.xls
2011-11-04,65-74,1537,2011,False,2011_publishedweek2011.xls
2011-11-11,65-74,1527,2011,False,2011_publishedweek2011.xls
2011-11-18,65-74,1496,2011,False,2011_publishedweek2011.xls
2011-11-25,65-74,1490,2011,False,2011_publishedweek2011.xls
2011-12-02,65-74,1533,2011,False,2011_publishedweek2011.xls
2011-12-09,65-74,1530,2011,False,2011_publishedweek2011.xls
2011-12-16,65-74,1673,2011,False,2011_publishedweek2011.xls
2011-12-23,65-74,1822,2011,False,2011_publishedweek2011.xls
2011-12-30,65-74,1309,2011,False,2011_publishedweek2011.xls
2012-01-06,65-74,1570,2012,False,2012_publishedweek2012.xls
2012-01-13,65-74,1795,2012,False,2012_publishedweek2012.xls
2012-01-20,65-74,1601,2012,False,2012_publishedweek2012.xls
2012-01-27,65-74,1626,2012,False,2012_publishedweek2012.xls
2012-02-03,65-74,1531,2012,False,2012_publishedweek2012.xls
2012-02-10,65-74,1650,2012,False,2012_publishedweek2012.xls
2012-02-17,65-74,1639,2012,False,2012_publishedweek2012.xls
2012-02-24,65-74,1667,2012,False,2012_publishedweek2012.xls
2012-03-02,65-74,1614,2012,False,2012_publishedweek2012.xls
2012-03-09,65-74,1585,2012,False,2012_publishedweek2012.xls
2012-03-16,65-74,1485,2012,False,2012_publishedweek2012.xls
2012-03-23,65-74,1526,2012,False,2012_publishedweek2012.xls
2012-03-30,65-74,1541,2012,False,2012_publishedweek2012.xls
2012-04-06,65-74,1314,2012,False,2012_publishedweek2012.xls
2012-04-13,65-74,1639,2012,False,2012_publishedweek2012.xls
2012-04-20,65-74,1732,2012,False,2012_publishedweek2012.xls
2012-04-27,65-74,1607,2012,False,2012_publishedweek2012.xls
2012-05-04,65-74,1615,2012,False,2012_publishedweek2012.xls
2012-05-11,65-74,1370,2012,False,2012_publishedweek2012.xls
2012-05-18,65-74,1643,2012,False,2012_publishedweek2012.xls
2012-05-25,65-74,1622,2012,False,2012_publishedweek2012.xls
2012-06-01,65-74,1542,2012,False,2012_publishedweek2012.xls
2012-06-08,65-74,1130,2012,False,2012_publishedweek2012.xls
2012-06-15,65-74,1794,2012,False,2012_publishedweek2012.xls
2012-06-22,65-74,1527,2012,False,2012_publishedweek2012.xls
2012-06-29,65-74,1464,2012,False,2012_publishedweek2012.xls
2012-07-06,65-74,1521,2012,False,2012_publishedweek2012.xls
2012-07-13,65-74,1493,2012,False,2012_publishedweek2012.xls
2012-07-20,65-74,1495,2012,False,2012_publishedweek2012.xls
2012-07-27,65-74,1500,2012,False,2012_publishedweek2012.xls
2012-08-03,65-74,1527,2012,False,2012_publishedweek2012.xls
2012-08-10,65-74,1447,2012,False,2012_publishedweek2012.xls
2012-08-17,65-74,1446,2012,False,2012_publishedweek2012.xls
2012-08-24,65-74,1515,2012,False,2012_publishedweek2012.xls
2012-08-31,65-74,1293,2012,False,2012_publishedweek2012.xls
2012-09-07,65-74,1418,2012,False,2012_publishedweek2012.xls
2012-09-14,65-74,1476,2012,False,2012_publishedweek2012.xls
2012-09-21,65-74,1474,2012,False,2012_publishedweek2012.xls
2012-09-28,65-74,1495,2012,False,2012_publishedweek2012.xls
2012-10-05,65-74,1508,2012,False,2012_publishedweek2012.xls
2012-10-12,65-74,1489,2012,False,2012_publishedweek2012.xls
2012-10-19,65-74,1535,2012,False,2012_publishedweek2012.xls
2012-10-26,65-74,1490,2012,False,2012_publishedweek2012.xls
2012-11-02,65-74,1579,2012,False,2012_publishedweek2012.xls
2012-11-09,65-74,1556,2012,False,2012_publishedweek2012.xls
2012-11-16,65-74,1576,2012,False,2012_publishedweek2012.xls
2012-11-23,65-74,1522,2012,False,2012_publishedweek2012.xls
2012-11-30,65-74,1551,2012,False,2012_publishedweek2012.xls
2012-12-07,65-74,1575,2012,False,2012_publishedweek2012.xls
2012-12-14,65-74,1628,2012,False,2012_publishedweek2012.xls
2012-12-21,65-74,1823,2012,False,2012_publishedweek2012.xls
2012-12-28,65-74,1240,2012,False,2012_publishedweek2012.xls
2013-01-04,65-74,1780,2013,False,2013_publishedweek2013.xls
2013-01-11,65-74,1849,2013,False,2013_publishedweek2013.xls
2013-01-18,65-74,1693,2013,False,2013_publishedweek2013.xls
2013-01-25,65-74,1780,2013,False,2013_publishedweek2013.xls
2013-02-01,65-74,1682,2013,False,2013_publishedweek2013.xls
2013-02-08,65-74,1713,2013,False,2013_publishedweek2013.xls
2013-02-15,65-74,1682,2013,False,2013_publishedweek2013.xls
2013-02-22,65-74,1655,2013,False,2013_publishedweek2013.xls
2013-03-01,65-74,1664,2013,False,2013_publishedweek2013.xls
2013-03-08,65-74,1706,2013,False,2013_publishedweek2013.xls
2013-03-15,65-74,1668,2013,False,2013_publishedweek2013.xls
2013-03-22,65-74,1609,2013,False,2013_publishedweek2013.xls
2013-03-29,65-74,1435,2013,False,2013_publishedweek2013.xls
2013-04-05,65-74,1652,2013,False,2013_publishedweek2013.xls
2013-04-12,65-74,1866,2013,False,2013_publishedweek2013.xls
2013-04-19,65-74,1814,2013,False,2013_publishedweek2013.xls
2013-04-26,65-74,1693,2013,False,2013_publishedweek2013.xls
2013-05-03,65-74,1650,2013,False,2013_publishedweek2013.xls
2013-05-10,65-74,1468,2013,False,2013_publishedweek2013.xls
2013-05-17,65-74,1633,2013,False,2013_publishedweek2013.xls
2013-05-24,65-74,1489,2013,False,2013_publishedweek2013.xls
2013-05-31,65-74,1428,2013,False,2013_publishedweek2013.xls
2013-06-07,65-74,1630,2013,False,2013_publishedweek2013.xls
2013-06-14,65-74,1501,2013,False,2013_publishedweek2013.xls
2013-06-21,65-74,1495,2013,False,2013_publishedweek2013.xls
2013-06-28,65-74,1469,2013,False,2013_publishedweek2013.xls
2013-07-05,65-74,1489,2013,False,2013_publishedweek2013.xls
2013-07-12,65-74,1450,2013,False,2013_publishedweek2013.xls
2013-07-19,65-74,1465,2013,False,2013_publishedweek2013.xls
2013-07-26,65-74,1439,2013,False,2013_publishedweek2013.xls
2013-08-02,65-74,1383,2013,False,2013_publishedweek2013.xls
2013-08-09,65-74,1458,2013,False,2013_publishedweek2013.xls
2013-08-16,65-74,1395,2013,False,2013_publishedweek2013.xls
2013-08-23,65-74,1516,2013,False,2013_publishedweek2013.xls
2013-08-30,65-74,1295,2013,False,2013_publishedweek2013.xls
2013-09-06,65-74,1484,2013,False,2013_publishedweek2013.xls
2013-09-13,65-74,1437,2013,False,2013_publishedweek2013.xls
2013-09-20,65-74,1516,2013,False,2013_publishedweek2013.xls
2013-09-27,65-74,1527,2013,False,2013_publishedweek2013.xls
2013-10-04,65-74,1494,2013,False,2013_publishedweek2013.xls
2013-10-11,65-74,1538,2013,False,2013_publishedweek2013.xls
2013-10-18,65-74,1480,2013,False,2013_publishedweek2013.xls
2013-10-25,65-74,1482,2013,False,2013_publishedweek2013.xls
2013-11-01,65-74,1546,2013,False,2013_publishedweek2013.xls
2013-11-08,65-74,1552,2013,False,2013_publishedweek2013.xls
2013-11-15,65-74,1528,2013,False,2013_publishedweek2013.xls
2013-11-22,65-74,1549,2013,False,2013_publishedweek2013.xls
2013-11-29,65-74,1588,2013,False,2013_publishedweek2013.xls
2013-12-06,65-74,1629,2013,False,2013_publishedweek2013.xls
2013-12-13,65-74,1633,2013,False,2013_publishedweek2013.xls
2013-12-20,65-74,1614,2013,False,2013_publishedweek2013.xls
2013-12-27,65-74,1060,2013,False,2013_publishedweek2013.xls
2014-01-03,65-74,1868,2014,False,2014_publishedweek2014.xls
2014-01-10,65-74,1885,2014,False,2014_publishedweek2014.xls
2014-01-17,65-74,1727,2014,False,2014_publishedweek2014.xls
2014-01-24,65-74,1696,2014,False,2014_publishedweek2014.xls
2014-01-31,65-74,1656,2014,False,2014_publishedweek2014.xls
2014-02-07,65-74,1566,2014,False,2014_publishedweek2014.xls
2014-02-14,65-74,1652,2014,False,2014_publishedweek2014.xls
2014-02-21,65-74,1634,2014,False,2014_publishedweek2014.xls
2014-02-28,65-74,1744,2014,False,2014_publishedweek2014.xls
2014-03-07,65-74,1607,2014,False,2014_publishedweek2014.xls
2014-03-14,65-74,1629,2014,False,2014_publishedweek2014.xls
2014-03-21,65-74,1612,2014,False,2014_publishedweek2014.xls
2014-03-28,65-74,1529,2014,False,2014_publishedweek2014.xls
2014-04-04,65-74,1645,2014,False,2014_publishedweek2014.xls
2014-04-11,65-74,1627,2014,False,2014_publishedweek2014.xls
2014-04-18,65-74,1344,2014,False,2014_publishedweek2014.xls
2014-04-25,65-74,1573,2014,False,2014_publishedweek2014.xls
2014-05-02,65-74,1722,2014,False,2014_publishedweek2014.xls
2014-05-09,65-74,1468,2014,False,2014_publishedweek2014.xls
2014-05-16,65-74,1592,2014,False,2014_publishedweek2014.xls
2014-05-23,65-74,1628,2014,False,2014_publishedweek2014.xls
2014-05-30,65-74,1409,2014,False,2014_publishedweek2014.xls
2014-06-06,65-74,1639,2014,False,2014_publishedweek2014.xls
2014-06-13,65-74,1575,2014,False,2014_publishedweek2014.xls
2014-06-20,65-74,1472,2014,False,2014_publishedweek2014.xls
2014-06-27,65-74,1536,2014,False,2014_publishedweek2014.xls
2014-07-04,65-74,1498,2014,False,2014_publishedweek2014.xls
2014-07-11,65-74,1428,2014,False,2014_publishedweek2014.xls
2014-07-18,65-74,1546,2014,False,2014_publishedweek2014.xls
2014-07-25,65-74,1507,2014,False,2014_publishedweek2014.xls
2014-08-01,65-74,1520,2014,False,2014_publishedweek2014.xls
2014-08-08,65-74,1455,2014,False,2014_publishedweek2014.xls
2014-08-15,65-74,1420,2014,False,2014_publishedweek2014.xls
2014-08-22,65-74,1453,2014,False,2014_publishedweek2014.xls
2014-08-29,65-74,1346,2014,False,2014_publishedweek2014.xls
2014-09-05,65-74,1641,2014,False,2014_publishedweek2014.xls
2014-09-12,65-74,1487,2014,False,2014_publishedweek2014.xls
2014-09-19,65-74,1510,2014,False,2014_publishedweek2014.xls
2014-09-26,65-74,1501,2014,False,2014_publishedweek2014.xls
2014-10-03,65-74,1481,2014,False,2014_publishedweek2014.xls
2014-10-10,65-74,1483,2014,False,2014_publishedweek2014.xls
2014-10-17,65-74,1551,2014,False,2014_publishedweek2014.xls
2014-10-24,65-74,1571,2014,False,2014_publishedweek2014.xls
2014-10-31,65-74,1593,2014,False,2014_publishedweek2014.xls
2014-11-07,65-74,1537,2014,False,2014_publishedweek2014.xls
2014-11-14,65-74,1631,2014,False,2014_publishedweek2014.xls
2014-11-21,65-74,1547,2014,False,2014_publishedweek2014.xls
2014-11-28,65-74,1642,2014,False,2014_publishedweek2014.xls
2014-12-05,65-74,1674,2014,False,2014_publishedweek2014.xls
2014-12-12,65-74,1715,2014,False,2014_publishedweek2014.xls
2014-12-19,65-74,1835,2014,False,2014_publishedweek2014.xls
2014-12-26,65-74,1238,2014,False,2014_publishedweek2014.xls
2015-01-02,65-74,1845,2015,False,2015_publishedweek2015.xls
2015-01-09,65-74,2387,2015,False,2015_publishedweek2015.xls
2015-01-16,65-74,2107,2015,False,2015_publishedweek2015.xls
2015-01-23,65-74,2019,2015,False,2015_publishedweek2015.xls
2015-01-30,65-74,1869,2015,False,2015_publishedweek2015.xls
2015-02-06,65-74,1774,2015,False,2015_publishedweek2015.xls
2015-02-13,65-74,1798,2015,False,2015_publishedweek2015.xls
2015-02-20,65-74,1714,2015,False,2015_publishedweek2015.xls
2015-02-27,65-74,1749,2015,False,2015_publishedweek2015.xls
2015-03-06,65-74,1850,2015,False,2015_publishedweek2015.xls
2015-03-13,65-74,1725,2015,False,2015_publishedweek2015.xls
2015-03-20,65-74,1621,2015,False,2015_publishedweek2015.xls
2015-03-27,65-74,1650,2015,False,2015_publishedweek2015.xls
2015-04-03,65-74,1405,2015,False,2015_publishedweek2015.xls
2015-04-10,65-74,1601,2015,False,2015_publishedweek2015.xls
2015-04-17,65-74,1849,2015,False,2015_publishedweek2015.xls
2015-04-24,65-74,1682,2015,False,2015_publishedweek2015.xls
2015-05-01,65-74,1628,2015,False,2015_publishedweek2015.xls
2015-05-08,65-74,1499,2015,False,2015_publishedweek2015.xls
2015-05-15,65-74,1703,2015,False,2015_publishedweek2015.xls
2015-05-22,65-74,1680,2015,False,2015_publishedweek2015.xls
2015-05-29,65-74,1365,2015,False,2015_publishedweek2015.xls
2015-06-05,65-74,1692,2015,False,2015_publishedweek2015.xls
2015-06-12,65-74,1586,2015,False,2015_publishedweek2015.xls
2015-06-19,65-74,1536,2015,False,2015_publishedweek2015.xls
2015-06-26,65-74,1573,2015,False,2015_publishedweek2015.xls
2015-07-03,65-74,1615,2015,False,2015_publishedweek2015.xls
2015-07-10,65-74,1548,2015,False,2015_publishedweek2015.xls
2015-07-17,65-74,1438,2015,False,2015_publishedweek2015.xls
2015-07-24,65-74,1583,2015,False,2015_publishedweek2015.xls
2015-07-31,65-74,1446,2015,False,2015_publishedweek2015.xls
2015-08-07,65-74,1471,2015,False,2015_publishedweek2015.xls
2015-08-14,65-74,1523,2015,False,2015_publishedweek2015.xls
2015-08-21,65-74,1543,2015,False,2015_publishedweek2015.xls
2015-08-28,65-74,1530,2015,False,2015_publishedweek2015.xls
2015-09-04,65-74,1318,2015,False,2015_publishedweek2015.xls
2015-09-11,65-74,1537,2015,False,2015_publishedweek2015.xls
2015-09-18,65-74,1549,2015,False,2015_publishedweek2015.xls
2015-09-25,65-74,1531,2015,False,2015_publishedweek2015.xls
2015-10-02,65-74,1569,2015,False,2015_publishedweek2015.xls
2015-10-09,65-74,1599,2015,False,2015_publishedweek2015.xls
2015-10-16,65-74,1585,2015,False,2015_publishedweek2015.xls
2015-10-23,65-74,1603,2015,False,2015_publishedweek2015.xls
2015-10-30,65-74,1565,2015,False,2015_publishedweek2015.xls
2015-11-06,65-74,1654,2015,False,2015_publishedweek2015.xls
2015-11-13,65-74,1607,2015,False,2015_publishedweek2015.xls
2015-11-20,65-74,1648,2015,False,2015_publishedweek2015.xls
2015-11-27,65-74,1621,2015,False,2015_publishedweek2015.xls
2015-12-04,65-74,1707,2015,False,2015_publishedweek2015.xls
2015-12-11,65-74,1632,2015,False,2015_publishedweek2015.xls
2015-12-18,65-74,1782,2015,False,2015_publishedweek2015.xls
2015-12-25,65-74,1387,2015,False,2015_publishedweek2015.xls
2016-01-01,65-74,1259,2015,False,2015_publishedweek2015.xls
2016-01-08,65-74,2179,2016,False,2016_publishedweek522016.xls
2016-01-15,65-74,1925,2016,False,2016_publishedweek522016.xls
2016-01-22,65-74,1831,2016,False,2016_publishedweek522016.xls
2016-01-29,65-74,1859,2016,False,2016_publishedweek522016.xls
2016-02-05,65-74,1779,2016,False,2016_publishedweek522016.xls
2016-02-12,65-74,1826,2016,False,2016_publishedweek522016.xls
2016-02-19,65-74,1720,2016,False,2016_publishedweek522016.xls
2016-02-26,65-74,1774,2016,False,2016_publishedweek522016.xls
2016-03-04,65-74,1864,2016,False,2016_publishedweek522016.xls
2016-03-11,65-74,1755,2016,False,2016_publishedweek522016.xls
2016-03-18,65-74,1781,2016,False,2016_publishedweek522016.xls
2016-03-25,65-74,1567,2016,False,2016_publishedweek522016.xls
2016-04-01,65-74,1698,2016,False,2016_publishedweek522016.xls
2016-04-08,65-74,1941,2016,False,2016_publishedweek522016.xls
2016-04-15,65-74,1927,2016,False,2016_publishedweek522016.xls
2016-04-22,65-74,1816,2016,False,2016_publishedweek522016.xls
2016-04-29,65-74,1694,2016,False,2016_publishedweek522016.xls
2016-05-06,65-74,1490,2016,False,2016_publishedweek522016.xls
2016-05-13,65-74,1768,2016,False,2016_publishedweek522016.xls
2016-05-20,65-74,1686,2016,False,2016_publishedweek522016.xls
2016-05-27,65-74,1681,2016,False,2016_publishedweek522016.xls
2016-06-03,65-74,1445,2016,False,2016_publishedweek522016.xls
2016-06-10,65-74,1613,2016,False,2016_publishedweek522016.xls
2016-06-17,65-74,1604,2016,False,2016_publishedweek522016.xls
2016-06-24,65-74,1549,2016,False,2016_publishedweek522016.xls
2016-07-01,65-74,1570,2016,False,2016_publishedweek522016.xls
2016-07-08,65-74,1552,2016,False,2016_publishedweek522016.xls
2016-07-15,65-74,1634,2016,False,2016_publishedweek522016.xls
2016-07-22,65-74,1586,2016,False,2016_publishedweek522016.xls
2016-07-29,65-74,1567,2016,False,2016_publishedweek522016.xls
2016-08-05,65-74,1542,2016,False,2016_publishedweek522016.xls
2016-08-12,65-74,1552,2016,False,2016_publishedweek522016.xls
2016-08-19,65-74,1610,2016,False,2016_publishedweek522016.xls
2016-08-26,65-74,1577,2016,False,2016_publishedweek522016.xls
2016-09-02,65-74,1415,2016,False,2016_publishedweek522016.xls
2016-09-09,65-74,1562,2016,False,2016_publishedweek522016.xls
2016-09-16,65-74,1583,2016,False,2016_publishedweek522016.xls
2016-09-23,65-74,1548,2016,False,2016_publishedweek522016.xls
2016-09-30,65-74,1549,2016,False,2016_publishedweek522016.xls
2016-10-07,65-74,1647,2016,False,2016_publishedweek522016.xls
2016-10-14,65-74,1633,2016,False,2016_publishedweek522016.xls
2016-10-21,65-74,1652,2016,False,2016_publishedweek522016.xls
2016-10-28,65-74,1567,2016,False,2016_publishedweek522016.xls
2016-11-04,65-74,1723,2016,False,2016_publishedweek522016.xls
2016-11-11,65-74,1709,2016,False,2016_publishedweek522016.xls
2016-11-18,65-74,1703,2016,False,2016_publishedweek522016.xls
2016-11-25,65-74,1716,2016,False,2016_publishedweek522016.xls
2016-12-02,65-74,1752,2016,False,2016_publishedweek522016.xls
2016-12-09,65-74,1808,2016,False,2016_publishedweek522016.xls
2016-12-16,65-74,1675,2016,False,2016_publishedweek522016.xls
2016-12-23,65-74,1927,2016,False,2016_publishedweek522016.xls
2016-12-30,65-74,1269,2016,False,2016_publishedweek522016.xls
2017-01-06,65-74,1880,2017,False,2017_publishedweek522017.xls
2017-01-13,65-74,2149,2017,False,2017_publishedweek522017.xls
2017-01-20,65-74,2132,2017,False,2017_publishedweek522017.xls
2017-01-27,65-74,1946,2017,False,2017_publishedweek522017.xls
2017-02-03,65-74,1930,2017,False,2017_publishedweek522017.xls
2017-02-10,65-74,1940,2017,False,2017_publishedweek522017.xls
2017-02-17,65-74,1811,2017,False,2017_publishedweek522017.xls
2017-02-24,65-74,1816,2017,False,2017_publishedweek522017.xls
2017-03-03,65-74,1823,2017,False,2017_publishedweek522017.xls
2017-03-10,65-74,1756,2017,False,2017_publishedweek522017.xls
2017-03-17,65-74,1722,2017,False,2017_publishedweek522017.xls
2017-03-24,65-74,1739,2017,False,2017_publishedweek522017.xls
2017-03-31,65-74,1656,2017,False,2017_publishedweek522017.xls
2017-04-07,65-74,1705,2017,False,2017_publishedweek522017.xls
2017-04-14,65-74,1468,2017,False,2017_publishedweek522017.xls
2017-04-21,65-74,1585,2017,False,2017_publishedweek522017.xls
2017-04-28,65-74,1822,2017,False,2017_publishedweek522017.xls
2017-05-05,65-74,1529,2017,False,2017_publishedweek522017.xls
2017-05-12,65-74,1813,2017,False,2017_publishedweek522017.xls
2017-05-19,65-74,1794,2017,False,2017_publishedweek522017.xls
2017-05-26,65-74,1722,2017,False,2017_publishedweek522017.xls
2017-06-02,65-74,1475,2017,False,2017_publishedweek522017.xls
2017-06-09,65-74,1632,2017,False,2017_publishedweek522017.xls
2017-06-16,65-74,1663,2017,False,2017_publishedweek522017.xls
2017-06-23,65-74,1570,2017,False,2017_publishedweek522017.xls
2017-06-30,65-74,1656,2017,False,2017_publishedweek522017.xls
2017-07-07,65-74,1622,2017,False,2017_publishedweek522017.xls
2017-07-14,65-74,1660,2017,False,2017_publishedweek522017.xls
2017-07-21,65-74,1541,2017,False,2017_publishedweek522017.xls
2017-07-28,65-74,1539,2017,False,2017_publishedweek522017.xls
2017-08-04,65-74,1510,2017,False,2017_publishedweek522017.xls
2017-08-11,65-74,1580,2017,False,2017_publishedweek522017.xls
2017-08-18,65-74,1568,2017,False,2017_publishedweek522017.xls
2017-08-25,65-74,1549,2017,False,2017_publishedweek522017.xls
2017-09-01,65-74,1448,2017,False,2017_publishedweek522017.xls
2017-09-08,65-74,1613,2017,False,2017_publishedweek522017.xls
2017-09-15,65-74,1641,2017,False,2017_publishedweek522017.xls
2017-09-22,65-74,1614,2017,False,2017_publishedweek522017.xls
2017-09-29,65-74,1686,2017,False,2017_publishedweek522017.xls
2017-10-06,65-74,1677,2017,False,2017_publishedweek522017.xls
2017-10-13,65-74,1678,2017,False,2017_publishedweek522017.xls
2017-10-20,65-74,1731,2017,False,2017_publishedweek522017.xls
2017-10-27,65-74,1658,2017,False,2017_publishedweek522017.xls
2017-11-03,65-74,1659,2017,False,2017_publishedweek522017.xls
2017-11-10,65-74,1734,2017,False,2017_publishedweek522017.xls
2017-11-17,65-74,1682,2017,False,2017_publishedweek522017.xls
2017-11-24,65-74,1728,2017,False,2017_publishedweek522017.xls
2017-12-01,65-74,1737,2017,False,2017_publishedweek522017.xls
2017-12-08,65-74,1761,2017,False,2017_publishedweek522017.xls
2017-12-15,65-74,1776,2017,False,2017_publishedweek522017.xls
2017-12-22,65-74,1995,2017,False,2017_publishedweek522017.xls
2017-12-29,65-74,1275,2017,False,2017_publishedweek522017.xls
2018-01-05,65-74,1976,2018,False,2018_publishedweek522018withupdatedrespiratoryrow.xls
2018-01-12,65-74,2321,2018,False,2018_publishedweek522018withupdatedrespiratoryrow.xls
2018-01-19,65-74,2191,2018,False,2018_publishedweek522018withupdatedrespiratoryrow.xls
2018-01-26,65-74,2157,2018,False,2018_publishedweek522018withupdatedrespiratoryrow.xls
2018-02-02,65-74,1988,2018,False,2018_publishedweek522018withupdatedrespiratoryrow.xls
2018-02-09,65-74,2032,2018,False,2018_publishedweek522018withupdatedrespiratoryrow.xls
2018-02-16,65-74,1953,2018,False,2018_publishedweek522018withupdatedrespiratoryrow.xls
2018-02-23,65-74,1896,2018,False,2018_publishedweek522018withupdatedrespiratoryrow.xls
2018-03-02,65-74,1728,2018,False,2018_publishedweek522018withupdatedrespiratoryrow.xls
2018-03-09,65-74,2019,2018,False,2018_publishedweek522018withupdatedrespiratoryrow.xls
2018-03-16,65-74,1989,2018,False,2018_publishedweek522018withupdatedrespiratoryrow.xls
2018-03-23,65-74,1917,2018,False,2018_publishedweek522018withupdatedrespiratoryrow.xls
2018-03-30,65-74,1586,2018,False,2018_publishedweek522018withupdatedrespiratoryrow.xls
2018-04-06,65-74,1764,2018,False,2018_publishedweek522018withupdatedrespiratoryrow.xls
2018-04-13,65-74,2053,2018,False,2018_publishedweek522018withupdatedrespiratoryrow.xls
2018-04-20,65-74,1880,2018,False,2018_publishedweek522018withupdatedrespiratoryrow.xls
2018-04-27,65-74,1707,2018,False,2018_publishedweek522018withupdatedrespiratoryrow.xls
2018-05-04,65-74,1725,2018,False,2018_publishedweek522018withupdatedrespiratoryrow.xls
2018-05-11,65-74,1437,2018,False,2018_publishedweek522018withupdatedrespiratoryrow.xls
2018-05-18,65-74,1760,2018,False,2018_publishedweek522018withupdatedrespiratoryrow.xls
2018-05-25,65-74,1659,2018,False,2018_publishedweek522018withupdatedrespiratoryrow.xls
2018-06-01,65-74,1431,2018,False,2018_publishedweek522018withupdatedrespiratoryrow.xls
2018-06-08,65-74,1700,2018,False,2018_publishedweek522018withupdatedrespiratoryrow.xls
2018-06-15,65-74,1607,2018,False,2018_publishedweek522018withupdatedrespiratoryrow.xls
2018-06-22,65-74,1613,2018,False,2018_publishedweek522018withupdatedrespiratoryrow.xls
2018-06-29,65-74,1652,2018,False,2018_publishedweek522018withupdatedrespiratoryrow.xls
2018-07-06,65-74,1548,2018,False,2018_publishedweek522018withupdatedrespiratoryrow.xls
2018-07-13,65-74,1600,2018,False,2018_publishedweek522018withupdatedrespiratoryrow.xls
2018-07-20,65-74,1577,2018,False,2018_publishedweek522018withupdatedrespiratoryrow.xls
2018-07-27,65-74,1566,2018,False,2018_publishedweek522018withupdatedrespiratoryrow.xls
2018-08-03,65-74,1536,2018,False,2018_publishedweek522018withupdatedrespiratoryrow.xls
2018-08-10,65-74,1608,2018,False,2018_publishedweek522018withupdatedrespiratoryrow.xls
2018-08-17,65-74,1558,2018,False,2018_publishedweek522018withupdatedrespiratoryrow.xls
2018-08-24,65-74,1601,2018,False,2018_publishedweek522018withupdatedrespiratoryrow.xls
2018-08-31,65-74,1442,2018,False,2018_publishedweek522018withupdatedrespiratoryrow.xls
2018-09-07,65-74,1621,2018,False,2018_publishedweek522018withupdatedrespiratoryrow.xls
2018-09-14,65-74,1600,2018,False,2018_publishedweek522018withupdatedrespiratoryrow.xls
2018-09-21,65-74,1623,2018,False,2018_publishedweek522018withupdatedrespiratoryrow.xls
2018-09-28,65-74,1607,2018,False,2018_publishedweek522018withupdatedrespiratoryrow.xls
2018-10-05,65-74,1627,2018,False,2018_publishedweek522018withupdatedrespiratoryrow.xls
2018-10-12,65-74,1607,2018,False,2018_publishedweek522018withupdatedrespiratoryrow.xls
2018-10-19,65-74,1654,2018,False,2018_publishedweek522018withupdatedrespiratoryrow.xls
2018-10-26,65-74,1657,2018,False,2018_publishedweek522018withupdatedrespiratoryrow.xls
2018-11-02,65-74,1569,2018,False,2018_publishedweek522018withupdatedrespiratoryrow.xls
2018-11-09,65-74,1666,2018,False,2018_publishedweek522018withupdatedrespiratoryrow.xls
2018-11-16,65-74,1716,2018,False,2018_publishedweek522018withupdatedrespiratoryrow.xls
2018-11-23,65-74,1700,2018,False,2018_publishedweek522018withupdatedrespiratoryrow.xls
2018-11-30,65-74,1658,2018,False,2018_publishedweek522018withupdatedrespiratoryrow.xls
2018-12-07,65-74,1696,2018,False,2018_publishedweek522018withupdatedrespiratoryrow.xls
2018-12-14,65-74,1814,2018,False,2018_publishedweek522018withupdatedrespiratoryrow.xls
2018-12-21,65-74,1867,2018,False,2018_publishedweek522018withupdatedrespiratoryrow.xls
2018-12-28,65-74,1205,2018,False,2018_publishedweek522018withupdatedrespiratoryrow.xls
2019-01-04,65-74,1766,2019,False,2019_publishedweek522019.xls
2019-01-11,65-74,2179,2019,False,2019_publishedweek522019.xls
2019-01-18,65-74,2004,2019,False,2019_publishedweek522019.xls
2019-01-25,65-74,1936,2019,False,2019_publishedweek522019.xls
2019-02-01,65-74,1852,2019,False,2019_publishedweek522019.xls
2019-02-08,65-74,1955,2019,False,2019_publishedweek522019.xls
2019-02-15,65-74,1911,2019,False,2019_publishedweek522019.xls
2019-02-22,65-74,1824,2019,False,2019_publishedweek522019.xls
2019-03-01,65-74,1826,2019,False,2019_publishedweek522019.xls
2019-03-08,65-74,1857,2019,False,2019_publishedweek522019.xls
2019-03-15,65-74,1718,2019,False,2019_publishedweek522019.xls
2019-03-22,65-74,1713,2019,False,2019_publishedweek522019.xls
2019-03-29,65-74,1643,2019,False,2019_publishedweek522019.xls
2019-04-05,65-74,1614,2019,False,2019_publishedweek522019.xls
2019-04-12,65-74,1712,2019,False,2019_publishedweek522019.xls
2019-04-19,65-74,1446,2019,False,2019_publishedweek522019.xls
2019-04-26,65-74,1730,2019,False,2019_publishedweek522019.xls
2019-05-03,65-74,1869,2019,False,2019_publishedweek522019.xls
2019-05-10,65-74,1513,2019,False,2019_publishedweek522019.xls
2019-05-17,65-74,1650,2019,False,2019_publishedweek522019.xls
2019-05-24,65-74,1765,2019,False,2019_publishedweek522019.xls
2019-05-31,65-74,1382,2019,False,2019_publishedweek522019.xls
2019-06-07,65-74,1741,2019,False,2019_publishedweek522019.xls
2019-06-14,65-74,1658,2019,False,2019_publishedweek522019.xls
2019-06-21,65-74,1625,2019,False,2019_publishedweek522019.xls
2019-06-28,65-74,1605,2019,False,2019_publishedweek522019.xls
2019-07-05,65-74,1561,2019,False,2019_publishedweek522019.xls
2019-07-12,65-74,1564,2019,False,2019_publishedweek522019.xls
2019-07-19,65-74,1500,2019,False,2019_publishedweek522019.xls
2019-07-26,65-74,1598,2019,False,2019_publishedweek522019.xls
2019-08-02,65-74,1597,2019,False,2019_publishedweek522019.xls
2019-08-09,65-74,1578,2019,False,2019_publishedweek522019.xls
2019-08-16,65-74,1573,2019,False,2019_publishedweek522019.xls
2019-08-23,65-74,1582,2019,False,2019_publishedweek522019.xls
2019-08-30,65-74,1419,2019,False,2019_publishedweek522019.xls
2019-09-06,65-74,1643,2019,False,2019_publishedweek522019.xls
2019-09-13,65-74,1617,2019,False,2019_publishedweek522019.xls
2019-09-20,65-74,1592,2019,False,2019_publishedweek522019.xls
2019-09-27,65-74,1547,2019,False,2019_publishedweek522019.xls
2019-10-04,65-74,1665,2019,False,2019_publishedweek522019.xls
2019-10-11,65-74,1595,2019,False,2019_publishedweek522019.xls
2019-10-18,65-74,1628,2019,False,2019_publishedweek522019.xls
2019-10-25,65-74,1663,2019,False,2019_publishedweek522019.xls
2019-11-01,65-74,1663,2019,False,2019_publishedweek522019.xls
2019-11-08,65-74,1676,2019,False,2019_publishedweek522019.xls
2019-11-15,65-74,1673,2019,False,2019_publishedweek522019.xls
2019-11-22,65-74,1743,2019,False,2019_publishedweek522019.xls
2019-11-29,65-74,1751,2019,False,2019_publishedweek522019.xls
2019-12-06,65-74,1689,2019,False,2019_publishedweek522019.xls
2019-12-13,65-74,1793,2019,False,2019_publishedweek522019.xls
2019-12-20,65-74,1903,2019,False,2019_publishedweek522019.xls
2019-12-27,65-74,1185,2019,False,2019_publishedweek522019.xls
2020-01-03,65-74,1860,2020,False,2020_publishedweek532020.xlsx
2020-01-10,65-74,2198,2020,False,2020_publishedweek532020.xlsx
2020-01-17,65-74,2013,2020,False,2020_publishedweek532020.xlsx
2020-01-24,65-74,1958,2020,False,2020_publishedweek532020.xlsx
2020-01-31,65-74,1928,2020,False,2020_publishedweek532020.xlsx
2020-02-07,65-74,1809,2020,False,2020_publishedweek532020.xlsx
2020-02-14,65-74,1754,2020,False,2020_publishedweek532020.xlsx
2020-02-21,65-74,1743,2020,False,2020_publishedweek532020.xlsx
2020-02-28,65-74,1793,2020,False,2020_publishedweek532020.xlsx
2020-03-06,65-74,1769,2020,False,2020_publishedweek532020.xlsx
2020-03-13,65-74,1753,2020,False,2020_publishedweek532020.xlsx
2020-03-20,65-74,1780,2020,False,2020_publishedweek532020.xlsx
2020-03-27,65-74,1805,2020,False,2020_publishedweek532020.xlsx
2020-04-03,65-74,2734,2020,False,2020_publishedweek532020.xlsx
2020-04-10,65-74,2946,2020,False,2020_publishedweek532020.xlsx
2020-04-17,65-74,3380,2020,False,2020_publishedweek532020.xlsx
2020-04-24,65-74,3238,2020,False,2020_publishedweek532020.xlsx
2020-05-01,65-74,2601,2020,False,2020_publishedweek532020.xlsx
2020-05-08,65-74,1935,2020,False,2020_publishedweek532020.xlsx
2020-05-15,65-74,2188,2020,False,2020_publishedweek532020.xlsx
2020-05-22,65-74,1883,2020,False,2020_publishedweek532020.xlsx
2020-05-29,65-74,1567,2020,False,2020_publishedweek532020.xlsx
2020-06-05,65-74,1791,2020,False,2020_publishedweek532020.xlsx
2020-06-12,65-74,1719,2020,False,2020_publishedweek532020.xlsx
2020-06-19,65-74,1615,2020,False,2020_publishedweek532020.xlsx
2020-06-26,65-74,1568,2020,False,2020_publishedweek532020.xlsx
2020-07-03,65-74,1601,2020,False,2020_publishedweek532020.xlsx
2020-07-10,65-74,1543,2020,False,2020_publishedweek532020.xlsx
2020-07-17,65-74,1546,2020,False,2020_publishedweek532020.xlsx
2020-07-24,65-74,1517,2020,False,2020_publishedweek532020.xlsx
2020-07-31,65-74,1578,2020,False,2020_publishedweek532020.xlsx
2020-08-07,65-74,1481,2020,False,2020_publishedweek532020.xlsx
2020-08-14,65-74,1601,2020,False,2020_publishedweek532020.xlsx
2020-08-21,65-74,1570,2020,False,2020_publishedweek532020.xlsx
2020-08-28,65-74,1574,2020,False,2020_publishedweek532020.xlsx
2020-09-04,65-74,1377,2020,False,2020_publishedweek532020.xlsx
2020-09-11,65-74,1725,2020,False,2020_publishedweek532020.xlsx
2020-09-18,65-74,1610,2020,False,2020_publishedweek532020.xlsx
2020-09-25,65-74,1622,2020,False,2020_publishedweek532020.xlsx
2020-10-02,65-74,1705,2020,False,2020_publishedweek532020.xlsx
2020-10-09,65-74,1664,2020,False,2020_publishedweek532020.xlsx
2020-10-16,65-74,1722,2020,False,2020_publishedweek532020.xlsx
2020-10-23,65-74,1836,2020,False,2020_publishedweek532020.xlsx
2020-10-30,65-74,1845,2020,False,2020_publishedweek532020.xlsx
2020-11-06,65-74,1971,2020,False,2020_publishedweek532020.xlsx
2020-11-13,65-74,2016,2020,False,2020_publishedweek532020.xlsx
2020-11-20,65-74,2023,2020,False,2020_publishedweek532020.xlsx
2020-11-27,65-74,1999,2020,False,2020_publishedweek532020.xlsx
2020-12-04,65-74,2028,2020,False,2020_publishedweek532020.xlsx
2020-12-11,65-74,1995,2020,False,2020_publishedweek532020.xlsx
2020-12-18,65-74,2051,2020,False,2020_publishedweek532020.xlsx
2020-12-25,65-74,1883,2020,False,2020_publishedweek532020.xlsx
2021-01-01,65-74,1609,2020,False,2020_publishedweek532020.xlsx
2021-01-08,65-74,2845,2021,False,2021_publishedweek522021.xlsx
2021-01-15,65-74,2944,2021,False,2021_publishedweek522021.xlsx
2021-01-22,65-74,2967,2021,False,2021_publishedweek522021.xlsx
2021-01-29,65-74,2934,2021,False,2021_publishedweek522021.xlsx
2021-02-05,65-74,2690,2021,False,2021_publishedweek522021.xlsx
2021-02-12,65-74,2474,2021,False,2021_publishedweek522021.xlsx
2021-02-19,65-74,2312,2021,False,2021_publishedweek522021.xlsx
2021-02-26,65-74,2153,2021,False,2021_publishedweek522021.xlsx
2021-03-05,65-74,1993,2021,False,2021_publishedweek522021.xlsx
2021-03-12,65-74,1829,2021,False,2021_publishedweek522021.xlsx
2021-03-19,65-74,1788,2021,False,2021_publishedweek522021.xlsx
2021-03-26,65-74,1686,2021,False,2021_publishedweek522021.xlsx
2021-04-02,65-74,1365,2021,False,2021_publishedweek522021.xlsx
2021-04-09,65-74,1514,2021,False,2021_publishedweek522021.xlsx
2021-04-16,65-74,1771,2021,False,2021_publishedweek522021.xlsx
2021-04-23,65-74,1675,2021,False,2021_publishedweek522021.xlsx
2021-04-30,65-74,1656,2021,False,2021_publishedweek522021.xlsx
2021-05-07,65-74,1370,2021,False,2021_publishedweek522021.xlsx
2021-05-14,65-74,1719,2021,False,2021_publishedweek522021.xlsx
2021-05-21,65-74,1595,2021,False,2021_publishedweek522021.xlsx
2021-05-28,65-74,1600,2021,False,2021_publishedweek522021.xlsx
2021-06-04,65-74,1276,2021,False,2021_publishedweek522021.xlsx
2021-06-11,65-74,1693,2021,False,2021_publishedweek522021.xlsx
2021-06-18,65-74,1615,2021,False,2021_publishedweek522021.xlsx
2021-06-25,65-74,1538,2021,False,2021_publishedweek522021.xlsx
2021-07-02,65-74,1508,2021,False,2021_publishedweek522021.xlsx
2021-07-09,65-74,1672,2021,False,2021_publishedweek522021.xlsx
2021-07-16,65-74,1659,2021,False,2021_publishedweek522021.xlsx
2021-07-23,65-74,1638,2021,False,2021_publishedweek522021.xlsx
2021-07-30,65-74,1689,2021,False,2021_publishedweek522021.xlsx
2021-08-06,65-74,1734,2021,False,2021_publishedweek522021.xlsx
2021-08-13,65-74,1782,2021,False,2021_publishedweek522021.xlsx
2021-08-20,65-74,1686,2021,False,2021_publishedweek522021.xlsx
2021-08-27,65-74,1790,2021,False,2021_publishedweek522021.xlsx
2021-09-03,65-74,1521,2021,False,2021_publishedweek522021.xlsx
2021-09-10,65-74,1919,2021,False,2021_publishedweek522021.xlsx
2021-09-17,65-74,1891,2021,False,2021_publishedweek522021.xlsx
2021-09-24,65-74,1869,2021,False,2021_publishedweek522021.xlsx
2021-10-01,65-74,1763,2021,False,2021_publishedweek522021.xlsx
2021-10-08,65-74,1858,2021,False,2021_publishedweek522021.xlsx
2021-10-15,65-74,1879,2021,False,2021_publishedweek522021.xlsx
2021-10-22,65-74,1863,2021,False,2021_publishedweek522021.xlsx
2021-10-29,65-74,1863,2021,False,2021_publishedweek522021.xlsx
2021-11-05,65-74,2024,2021,False,2021_publishedweek522021.xlsx
2021-11-12,65-74,1994,2021,False,2021_publishedweek522021.xlsx
2021-11-19,65-74,2000,2021,False,2021_publishedweek522021.xlsx
2021-11-26,65-74,1977,2021,False,2021_publishedweek522021.xlsx
2021-12-03,65-74,1976,2021,False,2021_publishedweek522021.xlsx
2021-12-10,65-74,2064,2021,False,2021_publishedweek522021.xlsx
2021-12-17,65-74,1945,2021,False,2021_publishedweek522021.xlsx
2021-12-24,65-74,2164,2021,False,2021_publishedweek522021.xlsx
2021-12-31,65-74,1324,2021,False,2021_publishedweek522021.xlsx
2022-01-07,65-74,1969,2022,False,2022_publicationfileweek522022.xlsx
2022-01-14,65-74,2109,2022,False,2022_publicationfileweek522022.xlsx
2022-01-21,65-74,2160,2022,False,2022_publicationfileweek522022.xlsx
2022-01-28,65-74,1902,2022,False,2022_publicationfileweek522022.xlsx
2022-02-04,65-74,1910,2022,False,2022_publicationfileweek522022.xlsx
2022-02-11,65-74,1852,2022,False,2022_publicationfileweek522022.xlsx
2022-02-18,65-74,1807,2022,False,2022_publicationfileweek522022.xlsx
2022-02-25,65-74,1767,2022,False,2022_publicationfileweek522022.xlsx
2022-03-04,65-74,1775,2022,False,2022_publicationfileweek522022.xlsx
2022-03-11,65-74,1794,2022,False,2022_publicationfileweek522022.xlsx
2022-03-18,65-74,1819,2022,False,2022_publicationfileweek522022.xlsx
2022-03-25,65-74,1644,2022,False,2022_publicationfileweek522022.xlsx
2022-04-01,65-74,1546,2022,False,2022_publicationfileweek522022.xlsx
2022-04-08,65-74,1692,2022,False,2022_publicationfileweek522022.xlsx
2022-04-15,65-74,1573,2022,False,2022_publicationfileweek522022.xlsx
2022-04-22,65-74,1711,2022,False,2022_publicationfileweek522022.xlsx
2022-04-29,65-74,1929,2022,False,2022_publicationfileweek522022.xlsx
2022-05-06,65-74,1544,2022,False,2022_publicationfileweek522022.xlsx
2022-05-13,65-74,1929,2022,False,2022_publicationfileweek522022.xlsx
2022-05-20,65-74,1899,2022,False,2022_publicationfileweek522022.xlsx
2022-05-27,65-74,1725,2022,False,2022_publicationfileweek522022.xlsx
2022-06-03,65-74,1144,2022,False,2022_publicationfileweek522022.xlsx
2022-06-10,65-74,1884,2022,False,2022_publicationfileweek522022.xlsx
2022-06-17,65-74,1737,2022,False,2022_publicationfileweek522022.xlsx
2022-06-24,65-74,1821,2022,False,2022_publicationfileweek522022.xlsx
2022-07-01,65-74,1744,2022,False,2022_publicationfileweek522022.xlsx
2022-07-08,65-74,1696,2022,False,2022_publicationfileweek522022.xlsx
2022-07-15,65-74,1633,2022,False,2022_publicationfileweek522022.xlsx
2022-07-22,65-74,1783,2022,False,2022_publicationfileweek522022.xlsx
2022-07-29,65-74,1739,2022,False,2022_publicationfileweek522022.xlsx
2022-08-05,65-74,1735,2022,False,2022_publicationfileweek522022.xlsx
2022-08-12,65-74,1678,2022,False,2022_publicationfileweek522022.xlsx
2022-08-19,65-74,1730,2022,False,2022_publicationfileweek522022.xlsx
2022-08-26,65-74,1783,2022,False,2022_publicationfileweek522022.xlsx
2022-09-02,65-74,1442,2022,False,2022_publicationfileweek522022.xlsx
2022-09-09,65-74,1757,2022,False,2022_publicationfileweek522022.xlsx
2022-09-16,65-74,1742,2022,False,2022_publicationfileweek522022.xlsx
2022-09-23,65-74,1413,2022,False,2022_publicationfileweek522022.xlsx
2022-09-30,65-74,1692,2022,False,2022_publicationfileweek522022.xlsx
2022-10-07,65-74,1756,2022,False,2022_publicationfileweek522022.xlsx
2022-10-14,65-74,1901,2022,False,2022_publicationfileweek522022.xlsx
2022-10-21,65-74,1794,2022,False,2022_publicationfileweek522022.xlsx
2022-10-28,65-74,1778,2022,False,2022_publicationfileweek522022.xlsx
2022-11-04,65-74,1816,2022,False,2022_publicationfileweek522022.xlsx
2022-11-11,65-74,1852,2022,False,2022_publicationfileweek522022.xlsx
2022-11-18,65-74,1895,2022,False,2022_publicationfileweek522022.xlsx
2022-11-25,65-74,1803,2022,False,2022_publicationfileweek522022.xlsx
2022-12-02,65-74,1824,2022,False,2022_publicationfileweek522022.xlsx
2022-12-09,65-74,1752,2022,False,2022_publicationfileweek522022.xlsx
2022-12-16,65-74,1900,2022,False,2022_publicationfileweek522022.xlsx
2022-12-23,65-74,2180,2022,False,2022_publicationfileweek522022.xlsx
2022-12-30,65-74,1408,2022,False,2022_publicationfileweek522022.xlsx
2023-01-06,65-74,2125,2023,False,2023_publicationfileweek522023rerun.xlsx
2023-01-13,65-74,2609,2023,False,2023_publicationfileweek522023rerun.xlsx
2023-01-20,65-74,2363,2023,False,2023_publicationfileweek522023rerun.xlsx
2023-01-27,65-74,2176,2023,False,2023_publicationfileweek522023rerun.xlsx
2023-02-03,65-74,2009,2023,False,2023_publicationfileweek522023rerun.xlsx
2023-02-10,65-74,1973,2023,False,2023_publicationfileweek522023rerun.xlsx
2023-02-17,65-74,1909,2023,False,2023_publicationfileweek522023rerun.xlsx
2023-02-24,65-74,1843,2023,False,2023_publicationfileweek522023rerun.xlsx
2023-03-03,65-74,1845,2023,False,2023_publicationfileweek522023rerun.xlsx
2023-03-10,65-74,1768,2023,False,2023_publicationfileweek522023rerun.xlsx
2023-03-17,65-74,1902,2023,False,2023_publicationfileweek522023rerun.xlsx
2023-03-24,65-74,1853,2023,False,2023_publicationfileweek522023rerun.xlsx
2023-03-31,65-74,1806,2023,False,2023_publicationfileweek522023rerun.xlsx
2023-04-07,65-74,1574,2023,False,2023_publicationfileweek522023rerun.xlsx
2023-04-14,65-74,1612,2023,False,2023_publicationfileweek522023rerun.xlsx
2023-04-21,65-74,1878,2023,False,2023_publicationfileweek522023rerun.xlsx
2023-04-28,65-74,1920,2023,False,2023_publicationfileweek522023rerun.xlsx
2023-05-05,65-74,1508,2023,False,2023_publicationfileweek522023rerun.xlsx
2023-05-12,65-74,1629,2023,False,2023_publicationfileweek522023rerun.xlsx
2023-05-19,65-74,1869,2023,False,2023_publicationfileweek522023rerun.xlsx
2023-05-26,65-74,1773,2023,False,2023_publicationfileweek522023rerun.xlsx
2023-06-02,65-74,1419,2023,False,2023_publicationfileweek522023rerun.xlsx
2023-06-09,65-74,1715,2023,False,2023_publicationfileweek522023rerun.xlsx
2023-06-16,65-74,1752,2023,False,2023_publicationfileweek522023rerun.xlsx
2023-06-23,65-74,1655,2023,False,2023_publicationfileweek522023rerun.xlsx
2023-06-30,65-74,1694,2023,False,2023_publicationfileweek522023rerun.xlsx
2023-07-07,65-74,1557,2023,False,2023_publicationfileweek522023rerun.xlsx
2023-07-14,65-74,1637,2023,False,2023_publicationfileweek522023rerun.xlsx
2023-07-21,65-74,1557,2023,False,2023_publicationfileweek522023rerun.xlsx
2023-07-28,65-74,1605,2023,False,2023_publicationfileweek522023rerun.xlsx
2023-08-04,65-74,1580,2023,False,2023_publicationfileweek522023rerun.xlsx
2023-08-11,65-74,1621,2023,False,2023_publicationfileweek522023rerun.xlsx
2023-08-18,65-74,1656,2023,False,2023_publicationfileweek522023rerun.xlsx
2023-08-25,65-74,1628,2023,False,2023_publicationfileweek522023rerun.xlsx
2023-09-01,65-74,1390,2023,False,2023_publicationfileweek522023rerun.xlsx
2023-09-08,65-74,1582,2023,False,2023_publicationfileweek522023rerun.xlsx
2023-09-15,65-74,1622,2023,False,2023_publicationfileweek522023rerun.xlsx
2023-09-22,65-74,1689,2023,False,2023_publicationfileweek522023rerun.xlsx
2023-09-29,65-74,1565,2023,False,2023_publicationfileweek522023rerun.xlsx
2023-10-06,65-74,1581,2023,False,2023_publicationfileweek522023rerun.xlsx
2023-10-13,65-74,1656,2023,False,2023_publicationfileweek522023rerun.xlsx
2023-10-20,65-74,1654,2023,False,2023_publicationfileweek522023rerun.xlsx
2023-10-27,65-74,1555,2023,False,2023_publicationfileweek522023rerun.xlsx
2023-11-03,65-74,1660,2023,False,2023_publicationfileweek522023rerun.xlsx
2023-11-10,65-74,1693,2023,False,2023_publicationfileweek522023rerun.xlsx
2023-11-17,65-74,1676,2023,False,2023_publicationfileweek522023rerun.xlsx
2023-11-24,65-74,1815,2023,False,2023_publicationfileweek522023rerun.xlsx
2023-12-01,65-74,1657,2023,False,2023_publicationfileweek522023rerun.xlsx
2023-12-08,65-74,1673,2023,False,2023_publicationfileweek522023rerun.xlsx
2023-12-15,65-74,1788,2023,False,2023_publicationfileweek522023rerun.xlsx
2023-12-22,65-74,1931,2023,False,2023_publicationfileweek522023rerun.xlsx
2023-12-29,65-74,1135,2023,False,2023_publicationfileweek522023rerun.xlsx
2024-01-05,65-74,1813,2024,False,2024_weeklydeathsweek522024.xlsx
2024-01-12,65-74,2055,2024,False,2024_weeklydeathsweek522024.xlsx
2024-01-19,65-74,1960,2024,False,2024_weeklydeathsweek522024.xlsx
2024-01-26,65-74,1820,2024,False,2024_weeklydeathsweek522024.xlsx
2024-02-02,65-74,1921,2024,False,2024_weeklydeathsweek522024.xlsx
2024-02-09,65-74,1840,2024,False,2024_weeklydeathsweek522024.xlsx
2024-02-16,65-74,1814,2024,False,2024_weeklydeathsweek522024.xlsx
2024-02-23,65-74,1790,2024,False,2024_weeklydeathsweek522024.xlsx
2024-03-01,65-74,1780,2024,False,2024_weeklydeathsweek522024.xlsx
2024-03-08,65-74,1742,2024,False,2024_weeklydeathsweek522024.xlsx
2024-03-15,65-74,1778,2024,False,2024_weeklydeathsweek522024.xlsx
2024-03-22,65-74,1676,2024,False,2024_weeklydeathsweek522024.xlsx
2024-03-29,65-74,1440,2024,False,2024_weeklydeathsweek522024.xlsx
2024-04-05,65-74,1505,2024,False,2024_weeklydeathsweek522024.xlsx
2024-04-12,65-74,1887,2024,False,2024_weeklydeathsweek522024.xlsx
2024-04-19,65-74,1890,2024,False,2024_weeklydeathsweek522024.xlsx
2024-04-26,65-74,1703,2024,False,2024_weeklydeathsweek522024.xlsx
2024-05-03,65-74,1699,2024,False,2024_weeklydeathsweek522024.xlsx
2024-05-10,65-74,1490,2024,False,2024_weeklydeathsweek522024.xlsx
2024-05-17,65-74,1759,2024,False,2024_weeklydeathsweek522024.xlsx
2024-05-24,65-74,1686,2024,False,2024_weeklydeathsweek522024.xlsx
2024-05-31,65-74,1354,2024,False,2024_weeklydeathsweek522024.xlsx
2024-06-07,65-74,1747,2024,False,2024_weeklydeathsweek522024.xlsx
2024-06-14,65-74,1678,2024,False,2024_weeklydeathsweek522024.xlsx
2024-06-21,65-74,1628,2024,False,2024_weeklydeathsweek522024.xlsx
2024-06-28,65-74,1732,2024,False,2024_weeklydeathsweek522024.xlsx
2024-07-05,65-74,1597,2024,False,2024_weeklydeathsweek522024.xlsx
2024-07-12,65-74,1673,2024,False,2024_weeklydeathsweek522024.xlsx
2024-07-19,65-74,1622,2024,False,2024_weeklydeathsweek522024.xlsx
2024-07-26,65-74,1543,2024,False,2024_weeklydeathsweek522024.xlsx
2024-08-02,65-74,1603,2024,False,2024_weeklydeathsweek522024.xlsx
2024-08-09,65-74,1542,2024,False,2024_weeklydeathsweek522024.xlsx
2024-08-16,65-74,1580,2024,False,2024_weeklydeathsweek522024.xlsx
2024-08-23,65-74,1582,2024,False,2024_weeklydeathsweek522024.xlsx
2024-08-30,65-74,1248,2024,False,2024_weeklydeathsweek522024.xlsx
2024-09-06,65-74,1583,2024,False,2024_weeklydeathsweek522024.xlsx
2024-09-13,65-74,1585,2024,False,2024_weeklydeathsweek522024.xlsx
2024-09-20,65-74,1509,2024,False,2024_weeklydeathsweek522024.xlsx
2024-09-27,65-74,1541,2024,False,2024_weeklydeathsweek522024.xlsx
2024-10-04,65-74,1607,2024,False,2024_weeklydeathsweek522024.xlsx
2024-10-11,65-74,1670,2024,False,2024_weeklydeathsweek522024.xlsx
2024-10-18,65-74,1622,2024,False,2024_weeklydeathsweek522024.xlsx
2024-10-25,65-74,1652,2024,False,2024_weeklydeathsweek522024.xlsx
2024-11-01,65-74,1694,2024,False,2024_weeklydeathsweek522024.xlsx
2024-11-08,65-74,1703,2024,False,2024_weeklydeathsweek522024.xlsx
2024-11-15,65-74,1681,2024,False,2024_weeklydeathsweek522024.xlsx
2024-11-22,65-74,1694,2024,False,2024_weeklydeathsweek522024.xlsx
2024-11-29,65-74,1625,2024,False,2024_weeklydeathsweek522024.xlsx
2024-12-06,65-74,1832,2024,False,2024_weeklydeathsweek522024.xlsx
2024-12-13,65-74,1770,2024,False,2024_weeklydeathsweek522024.xlsx
2024-12-20,65-74,1901,2024,False,2024_weeklydeathsweek522024.xlsx
2024-12-27,65-74,1024,2024,False,2024_weeklydeathsweek522024.xlsx
2025-01-03,65-74,1673,2025,False,2025_weeklydeathsweek522025.xlsx
2025-01-10,65-74,2198,2025,False,2025_weeklydeathsweek522025.xlsx
2025-01-17,65-74,2115,2025,False,2025_weeklydeathsweek522025.xlsx
2025-01-24,65-74,2078,2025,False,2025_weeklydeathsweek522025.xlsx
2025-01-31,65-74,1969,2025,False,2025_weeklydeathsweek522025.xlsx
2025-02-07,65-74,1893,2025,False,2025_weeklydeathsweek522025.xlsx
2025-02-14,65-74,1796,2025,False,2025_weeklydeathsweek522025.xlsx
2025-02-21,65-74,1752,2025,False,2025_weeklydeathsweek522025.xlsx
2025-02-28,65-74,1677,2025,False,2025_weeklydeathsweek522025.xlsx
2025-03-07,65-74,1811,2025,False,2025_weeklydeathsweek522025.xlsx
2025-03-14,65-74,1738,2025,False,2025_weeklydeathsweek522025.xlsx
2025-03-21,65-74,1702,2025,False,2025_weeklydeathsweek522025.xlsx
2025-03-28,65-74,1698,2025,False,2025_weeklydeathsweek522025.xlsx
2025-04-04,65-74,1733,2025,False,2025_weeklydeathsweek522025.xlsx
2025-04-11,65-74,1723,2025,False,2025_weeklydeathsweek522025.xlsx
2025-04-18,65-74,1391,2025,False,2025_weeklydeathsweek522025.xlsx
2025-04-25,65-74,1386,2025,False,2025_weeklydeathsweek522025.xlsx
2025-05-02,65-74,1844,2025,False,2025_weeklydeathsweek522025.xlsx
2025-05-09,65-74,1534,2025,False,2025_weeklydeathsweek522025.xlsx
2025-05-16,65-74,1752,2025,False,2025_weeklydeathsweek522025.xlsx
2025-05-23,65-74,1706,2025,False,2025_weeklydeathsweek522025.xlsx
2025-05-30,65-74,1303,2025,False,2025_weeklydeathsweek522025.xlsx
2025-06-06,65-74,1755,2025,False,2025_weeklydeathsweek522025.xlsx
2025-06-13,65-74,1647,2025,False,2025_weeklydeathsweek522025.xlsx
2025-06-20,65-74,1594,2025,False,2025_weeklydeathsweek522025.xlsx
2025-06-27,65-74,1558,2025,False,2025_weeklydeathsweek522025.xlsx
2025-07-04,65-74,1506,2025,False,2025_weeklydeathsweek522025.xlsx
2025-07-11,65-74,1553,2025,False,2025_weeklydeathsweek522025.xlsx
2025-07-18,65-74,1498,2025,False,2025_weeklydeathsweek522025.xlsx
2025-07-25,65-74,1560,2025,False,2025_weeklydeathsweek522025.xlsx
2025-08-01,65-74,1576,2025,False,2025_weeklydeathsweek522025.xlsx
2025-08-08,65-74,1509,2025,False,2025_weeklydeathsweek522025.xlsx
2025-08-15,65-74,1475,2025,False,2025_weeklydeathsweek522025.xlsx
2025-08-22,65-74,1580,2025,False,2025_weeklydeathsweek522025.xlsx
2025-08-29,65-74,1266,2025,False,2025_weeklydeathsweek522025.xlsx
2025-09-05,65-74,1630,2025,False,2025_weeklydeathsweek522025.xlsx
2025-09-12,65-74,1537,2025,False,2025_weeklydeathsweek522025.xlsx
2025-09-19,65-74,1510,2025,False,2025_weeklydeathsweek522025.xlsx
2025-09-26,65-74,1457,2025,False,2025_weeklydeathsweek522025.xlsx
2025-10-03,65-74,1597,2025,False,2025_weeklydeathsweek522025.xlsx
2025-10-10,65-74,1609,2025,False,2025_weeklydeathsweek522025.xlsx
2025-10-17,65-74,1677,2025,False,2025_weeklydeathsweek522025.xlsx
2025-10-24,65-74,1628,2025,False,2025_weeklydeathsweek522025.xlsx
2025-10-31,65-74,1575,2025,False,2025_weeklydeathsweek522025.xlsx
2025-11-07,65-74,1703,2025,False,2025_weeklydeathsweek522025.xlsx
2025-11-14,65-74,1730,2025,False,2025_weeklydeathsweek522025.xlsx
2025-11-21,65-74,1640,2025,False,2025_weeklydeathsweek522025.xlsx
2025-11-28,65-74,1692,2025,False,2025_weeklydeathsweek522025.xlsx
2025-12-05,65-74,1656,2025,False,2025_weeklydeathsweek522025.xlsx
2025-12-12,65-74,1707,2025,False,2025_weeklydeathsweek522025.xlsx
2025-12-19,65-74,1755,2025,False,2025_weeklydeathsweek522025.xlsx
2025-12-26,65-74,1069,2025,False,2025_weeklydeathsweek522025.xlsx
2026-01-02,65-74,1438,2026,False,2026_weeklydeathsweek192026.xlsx
2026-01-09,65-74,1975,2026,False,2026_weeklydeathsweek192026.xlsx
2026-01-16,65-74,2028,2026,False,2026_weeklydeathsweek192026.xlsx
2026-01-23,65-74,1902,2026,False,2026_weeklydeathsweek192026.xlsx
2026-01-30,65-74,1901,2026,False,2026_weeklydeathsweek192026.xlsx
2026-02-06,65-74,1844,2026,False,2026_weeklydeathsweek192026.xlsx
2026-02-13,65-74,1781,2026,False,2026_weeklydeathsweek192026.xlsx
2026-02-20,65-74,1677,2026,False,2026_weeklydeathsweek192026.xlsx
2026-02-27,65-74,1710,2026,False,2026_weeklydeathsweek192026.xlsx
2026-03-06,65-74,1724,2026,False,2026_weeklydeathsweek192026.xlsx
2026-03-13,65-74,1657,2026,False,2026_weeklydeathsweek192026.xlsx
2026-03-20,65-74,1624,2026,False,2026_weeklydeathsweek192026.xlsx
2026-03-27,65-74,1597,2026,False,2026_weeklydeathsweek192026.xlsx
2026-04-03,65-74,1476,2026,False,2026_weeklydeathsweek192026.xlsx
2026-04-10,65-74,1388,2026,False,2026_weeklydeathsweek192026.xlsx
2026-04-17,65-74,1737,2026,False,2026_weeklydeathsweek192026.xlsx
2026-04-24,65-74,1739,2026,False,2026_weeklydeathsweek192026.xlsx
2026-05-01,65-74,1695,2026,False,2026_weeklydeathsweek192026.xlsx
2026-05-08,65-74,1378,2026,False,2026_weeklydeathsweek192026.xlsx
2010-01-08,75-84,3952,2010,False,2010_publishedweek2010.xls
2010-01-15,75-84,3883,2010,False,2010_publishedweek2010.xls
2010-01-22,75-84,3501,2010,False,2010_publishedweek2010.xls
2010-01-29,75-84,3359,2010,False,2010_publishedweek2010.xls
2010-02-05,75-84,3123,2010,False,2010_publishedweek2010.xls
2010-02-12,75-84,3002,2010,False,2010_publishedweek2010.xls
2010-02-19,75-84,3015,2010,False,2010_publishedweek2010.xls
2010-02-26,75-84,3106,2010,False,2010_publishedweek2010.xls
2010-03-05,75-84,3003,2010,False,2010_publishedweek2010.xls
2010-03-12,75-84,2917,2010,False,2010_publishedweek2010.xls
2010-03-19,75-84,2895,2010,False,2010_publishedweek2010.xls
2010-03-26,75-84,2870,2010,False,2010_publishedweek2010.xls
2010-04-02,75-84,2385,2010,False,2010_publishedweek2010.xls
2010-04-09,75-84,2958,2010,False,2010_publishedweek2010.xls
2010-04-16,75-84,3058,2010,False,2010_publishedweek2010.xls
2010-04-23,75-84,2821,2010,False,2010_publishedweek2010.xls
2010-04-30,75-84,2857,2010,False,2010_publishedweek2010.xls
2010-05-07,75-84,2574,2010,False,2010_publishedweek2010.xls
2010-05-14,75-84,2973,2010,False,2010_publishedweek2010.xls
2010-05-21,75-84,2689,2010,False,2010_publishedweek2010.xls
2010-05-28,75-84,2861,2010,False,2010_publishedweek2010.xls
2010-06-04,75-84,2416,2010,False,2010_publishedweek2010.xls
2010-06-11,75-84,2727,2010,False,2010_publishedweek2010.xls
2010-06-18,75-84,2530,2010,False,2010_publishedweek2010.xls
2010-06-25,75-84,2502,2010,False,2010_publishedweek2010.xls
2010-07-02,75-84,2644,2010,False,2010_publishedweek2010.xls
2010-07-09,75-84,2688,2010,False,2010_publishedweek2010.xls
2010-07-16,75-84,2582,2010,False,2010_publishedweek2010.xls
2010-07-23,75-84,2533,2010,False,2010_publishedweek2010.xls
2010-07-30,75-84,2464,2010,False,2010_publishedweek2010.xls
2010-08-06,75-84,2557,2010,False,2010_publishedweek2010.xls
2010-08-13,75-84,2478,2010,False,2010_publishedweek2010.xls
2010-08-20,75-84,2604,2010,False,2010_publishedweek2010.xls
2010-08-27,75-84,2531,2010,False,2010_publishedweek2010.xls
2010-09-03,75-84,2316,2010,False,2010_publishedweek2010.xls
2010-09-10,75-84,2684,2010,False,2010_publishedweek2010.xls
2010-09-17,75-84,2534,2010,False,2010_publishedweek2010.xls
2010-09-24,75-84,2651,2010,False,2010_publishedweek2010.xls
2010-10-01,75-84,2564,2010,False,2010_publishedweek2010.xls
2010-10-08,75-84,2785,2010,False,2010_publishedweek2010.xls
2010-10-15,75-84,2703,2010,False,2010_publishedweek2010.xls
2010-10-22,75-84,2766,2010,False,2010_publishedweek2010.xls
2010-10-29,75-84,2861,2010,False,2010_publishedweek2010.xls
2010-11-05,75-84,2851,2010,False,2010_publishedweek2010.xls
2010-11-12,75-84,2829,2010,False,2010_publishedweek2010.xls
2010-11-19,75-84,2856,2010,False,2010_publishedweek2010.xls
2010-11-26,75-84,2932,2010,False,2010_publishedweek2010.xls
2010-12-03,75-84,2764,2010,False,2010_publishedweek2010.xls
2010-12-10,75-84,3336,2010,False,2010_publishedweek2010.xls
2010-12-17,75-84,3193,2010,False,2010_publishedweek2010.xls
2010-12-24,75-84,3465,2010,False,2010_publishedweek2010.xls
2010-12-31,75-84,2861,2010,False,2010_publishedweek2010.xls
2011-01-07,75-84,3742,2011,False,2011_publishedweek2011.xls
2011-01-14,75-84,3824,2011,False,2011_publishedweek2011.xls
2011-01-21,75-84,3333,2011,False,2011_publishedweek2011.xls
2011-01-28,75-84,3072,2011,False,2011_publishedweek2011.xls
2011-02-04,75-84,2947,2011,False,2011_publishedweek2011.xls
2011-02-11,75-84,2926,2011,False,2011_publishedweek2011.xls
2011-02-18,75-84,2957,2011,False,2011_publishedweek2011.xls
2011-02-25,75-84,2813,2011,False,2011_publishedweek2011.xls
2011-03-04,75-84,2814,2011,False,2011_publishedweek2011.xls
2011-03-11,75-84,2858,2011,False,2011_publishedweek2011.xls
2011-03-18,75-84,2995,2011,False,2011_publishedweek2011.xls
2011-03-25,75-84,2935,2011,False,2011_publishedweek2011.xls
2011-04-01,75-84,2774,2011,False,2011_publishedweek2011.xls
2011-04-08,75-84,2828,2011,False,2011_publishedweek2011.xls
2011-04-15,75-84,2743,2011,False,2011_publishedweek2011.xls
2011-04-22,75-84,2500,2011,False,2011_publishedweek2011.xls
2011-04-29,75-84,2427,2011,False,2011_publishedweek2011.xls
2011-05-06,75-84,2953,2011,False,2011_publishedweek2011.xls
2011-05-13,75-84,2964,2011,False,2011_publishedweek2011.xls
2011-05-20,75-84,2722,2011,False,2011_publishedweek2011.xls
2011-05-27,75-84,2671,2011,False,2011_publishedweek2011.xls
2011-06-03,75-84,2350,2011,False,2011_publishedweek2011.xls
2011-06-10,75-84,2729,2011,False,2011_publishedweek2011.xls
2011-06-17,75-84,2626,2011,False,2011_publishedweek2011.xls
2011-06-24,75-84,2682,2011,False,2011_publishedweek2011.xls
2011-07-01,75-84,2423,2011,False,2011_publishedweek2011.xls
2011-07-08,75-84,2570,2011,False,2011_publishedweek2011.xls
2011-07-15,75-84,2571,2011,False,2011_publishedweek2011.xls
2011-07-22,75-84,2539,2011,False,2011_publishedweek2011.xls
2011-07-29,75-84,2466,2011,False,2011_publishedweek2011.xls
2011-08-05,75-84,2650,2011,False,2011_publishedweek2011.xls
2011-08-12,75-84,2617,2011,False,2011_publishedweek2011.xls
2011-08-19,75-84,2473,2011,False,2011_publishedweek2011.xls
2011-08-26,75-84,2544,2011,False,2011_publishedweek2011.xls
2011-09-02,75-84,2369,2011,False,2011_publishedweek2011.xls
2011-09-09,75-84,2659,2011,False,2011_publishedweek2011.xls
2011-09-16,75-84,2536,2011,False,2011_publishedweek2011.xls
2011-09-23,75-84,2509,2011,False,2011_publishedweek2011.xls
2011-09-30,75-84,2563,2011,False,2011_publishedweek2011.xls
2011-10-07,75-84,2634,2011,False,2011_publishedweek2011.xls
2011-10-14,75-84,2510,2011,False,2011_publishedweek2011.xls
2011-10-21,75-84,2565,2011,False,2011_publishedweek2011.xls
2011-10-28,75-84,2637,2011,False,2011_publishedweek2011.xls
2011-11-04,75-84,2798,2011,False,2011_publishedweek2011.xls
2011-11-11,75-84,2721,2011,False,2011_publishedweek2011.xls
2011-11-18,75-84,2732,2011,False,2011_publishedweek2011.xls
2011-11-25,75-84,2696,2011,False,2011_publishedweek2011.xls
2011-12-02,75-84,2642,2011,False,2011_publishedweek2011.xls
2011-12-09,75-84,2850,2011,False,2011_publishedweek2011.xls
2011-12-16,75-84,3128,2011,False,2011_publishedweek2011.xls
2011-12-23,75-84,3229,2011,False,2011_publishedweek2011.xls
2011-12-30,75-84,2591,2011,False,2011_publishedweek2011.xls
2012-01-06,75-84,3140,2012,False,2012_publishedweek2012.xls
2012-01-13,75-84,3372,2012,False,2012_publishedweek2012.xls
2012-01-20,75-84,3047,2012,False,2012_publishedweek2012.xls
2012-01-27,75-84,3008,2012,False,2012_publishedweek2012.xls
2012-02-03,75-84,2939,2012,False,2012_publishedweek2012.xls
2012-02-10,75-84,2942,2012,False,2012_publishedweek2012.xls
2012-02-17,75-84,3118,2012,False,2012_publishedweek2012.xls
2012-02-24,75-84,3234,2012,False,2012_publishedweek2012.xls
2012-03-02,75-84,3286,2012,False,2012_publishedweek2012.xls
2012-03-09,75-84,3074,2012,False,2012_publishedweek2012.xls
2012-03-16,75-84,2990,2012,False,2012_publishedweek2012.xls
2012-03-23,75-84,2877,2012,False,2012_publishedweek2012.xls
2012-03-30,75-84,2769,2012,False,2012_publishedweek2012.xls
2012-04-06,75-84,2478,2012,False,2012_publishedweek2012.xls
2012-04-13,75-84,2959,2012,False,2012_publishedweek2012.xls
2012-04-20,75-84,3231,2012,False,2012_publishedweek2012.xls
2012-04-27,75-84,2986,2012,False,2012_publishedweek2012.xls
2012-05-04,75-84,2936,2012,False,2012_publishedweek2012.xls
2012-05-11,75-84,2652,2012,False,2012_publishedweek2012.xls
2012-05-18,75-84,2891,2012,False,2012_publishedweek2012.xls
2012-05-25,75-84,2839,2012,False,2012_publishedweek2012.xls
2012-06-01,75-84,2873,2012,False,2012_publishedweek2012.xls
2012-06-08,75-84,2021,2012,False,2012_publishedweek2012.xls
2012-06-15,75-84,3063,2012,False,2012_publishedweek2012.xls
2012-06-22,75-84,2658,2012,False,2012_publishedweek2012.xls
2012-06-29,75-84,2594,2012,False,2012_publishedweek2012.xls
2012-07-06,75-84,2633,2012,False,2012_publishedweek2012.xls
2012-07-13,75-84,2571,2012,False,2012_publishedweek2012.xls
2012-07-20,75-84,2538,2012,False,2012_publishedweek2012.xls
2012-07-27,75-84,2557,2012,False,2012_publishedweek2012.xls
2012-08-03,75-84,2590,2012,False,2012_publishedweek2012.xls
2012-08-10,75-84,2564,2012,False,2012_publishedweek2012.xls
2012-08-17,75-84,2611,2012,False,2012_publishedweek2012.xls
2012-08-24,75-84,2618,2012,False,2012_publishedweek2012.xls
2012-08-31,75-84,2288,2012,False,2012_publishedweek2012.xls
2012-09-07,75-84,2596,2012,False,2012_publishedweek2012.xls
2012-09-14,75-84,2486,2012,False,2012_publishedweek2012.xls
2012-09-21,75-84,2548,2012,False,2012_publishedweek2012.xls
2012-09-28,75-84,2624,2012,False,2012_publishedweek2012.xls
2012-10-05,75-84,2639,2012,False,2012_publishedweek2012.xls
2012-10-12,75-84,2821,2012,False,2012_publishedweek2012.xls
2012-10-19,75-84,2750,2012,False,2012_publishedweek2012.xls
2012-10-26,75-84,2842,2012,False,2012_publishedweek2012.xls
2012-11-02,75-84,2666,2012,False,2012_publishedweek2012.xls
2012-11-09,75-84,2813,2012,False,2012_publishedweek2012.xls
2012-11-16,75-84,2863,2012,False,2012_publishedweek2012.xls
2012-11-23,75-84,2765,2012,False,2012_publishedweek2012.xls
2012-11-30,75-84,2826,2012,False,2012_publishedweek2012.xls
2012-12-07,75-84,2888,2012,False,2012_publishedweek2012.xls
2012-12-14,75-84,3060,2012,False,2012_publishedweek2012.xls
2012-12-21,75-84,3343,2012,False,2012_publishedweek2012.xls
2012-12-28,75-84,2397,2012,False,2012_publishedweek2012.xls
2013-01-04,75-84,3461,2013,False,2013_publishedweek2013.xls
2013-01-11,75-84,3703,2013,False,2013_publishedweek2013.xls
2013-01-18,75-84,3156,2013,False,2013_publishedweek2013.xls
2013-01-25,75-84,3286,2013,False,2013_publishedweek2013.xls
2013-02-01,75-84,3293,2013,False,2013_publishedweek2013.xls
2013-02-08,75-84,3243,2013,False,2013_publishedweek2013.xls
2013-02-15,75-84,3200,2013,False,2013_publishedweek2013.xls
2013-02-22,75-84,3132,2013,False,2013_publishedweek2013.xls
2013-03-01,75-84,3079,2013,False,2013_publishedweek2013.xls
2013-03-08,75-84,3269,2013,False,2013_publishedweek2013.xls
2013-03-15,75-84,3239,2013,False,2013_publishedweek2013.xls
2013-03-22,75-84,3280,2013,False,2013_publishedweek2013.xls
2013-03-29,75-84,2672,2013,False,2013_publishedweek2013.xls
2013-04-05,75-84,3162,2013,False,2013_publishedweek2013.xls
2013-04-12,75-84,3543,2013,False,2013_publishedweek2013.xls
2013-04-19,75-84,3418,2013,False,2013_publishedweek2013.xls
2013-04-26,75-84,3009,2013,False,2013_publishedweek2013.xls
2013-05-03,75-84,2897,2013,False,2013_publishedweek2013.xls
2013-05-10,75-84,2594,2013,False,2013_publishedweek2013.xls
2013-05-17,75-84,2961,2013,False,2013_publishedweek2013.xls
2013-05-24,75-84,2912,2013,False,2013_publishedweek2013.xls
2013-05-31,75-84,2479,2013,False,2013_publishedweek2013.xls
2013-06-07,75-84,2803,2013,False,2013_publishedweek2013.xls
2013-06-14,75-84,2622,2013,False,2013_publishedweek2013.xls
2013-06-21,75-84,2623,2013,False,2013_publishedweek2013.xls
2013-06-28,75-84,2525,2013,False,2013_publishedweek2013.xls
2013-07-05,75-84,2548,2013,False,2013_publishedweek2013.xls
2013-07-12,75-84,2494,2013,False,2013_publishedweek2013.xls
2013-07-19,75-84,2585,2013,False,2013_publishedweek2013.xls
2013-07-26,75-84,2470,2013,False,2013_publishedweek2013.xls
2013-08-02,75-84,2330,2013,False,2013_publishedweek2013.xls
2013-08-09,75-84,2451,2013,False,2013_publishedweek2013.xls
2013-08-16,75-84,2392,2013,False,2013_publishedweek2013.xls
2013-08-23,75-84,2524,2013,False,2013_publishedweek2013.xls
2013-08-30,75-84,2287,2013,False,2013_publishedweek2013.xls
2013-09-06,75-84,2641,2013,False,2013_publishedweek2013.xls
2013-09-13,75-84,2376,2013,False,2013_publishedweek2013.xls
2013-09-20,75-84,2526,2013,False,2013_publishedweek2013.xls
2013-09-27,75-84,2597,2013,False,2013_publishedweek2013.xls
2013-10-04,75-84,2697,2013,False,2013_publishedweek2013.xls
2013-10-11,75-84,2614,2013,False,2013_publishedweek2013.xls
2013-10-18,75-84,2729,2013,False,2013_publishedweek2013.xls
2013-10-25,75-84,2651,2013,False,2013_publishedweek2013.xls
2013-11-01,75-84,2637,2013,False,2013_publishedweek2013.xls
2013-11-08,75-84,2819,2013,False,2013_publishedweek2013.xls
2013-11-15,75-84,2775,2013,False,2013_publishedweek2013.xls
2013-11-22,75-84,2811,2013,False,2013_publishedweek2013.xls
2013-11-29,75-84,2901,2013,False,2013_publishedweek2013.xls
2013-12-06,75-84,2889,2013,False,2013_publishedweek2013.xls
2013-12-13,75-84,2935,2013,False,2013_publishedweek2013.xls
2013-12-20,75-84,3017,2013,False,2013_publishedweek2013.xls
2013-12-27,75-84,1890,2013,False,2013_publishedweek2013.xls
2014-01-03,75-84,3308,2014,False,2014_publishedweek2014.xls
2014-01-10,75-84,3482,2014,False,2014_publishedweek2014.xls
2014-01-17,75-84,3215,2014,False,2014_publishedweek2014.xls
2014-01-24,75-84,3008,2014,False,2014_publishedweek2014.xls
2014-01-31,75-84,2951,2014,False,2014_publishedweek2014.xls
2014-02-07,75-84,2937,2014,False,2014_publishedweek2014.xls
2014-02-14,75-84,2959,2014,False,2014_publishedweek2014.xls
2014-02-21,75-84,2985,2014,False,2014_publishedweek2014.xls
2014-02-28,75-84,2989,2014,False,2014_publishedweek2014.xls
2014-03-07,75-84,2867,2014,False,2014_publishedweek2014.xls
2014-03-14,75-84,2867,2014,False,2014_publishedweek2014.xls
2014-03-21,75-84,2895,2014,False,2014_publishedweek2014.xls
2014-03-28,75-84,2852,2014,False,2014_publishedweek2014.xls
2014-04-04,75-84,2915,2014,False,2014_publishedweek2014.xls
2014-04-11,75-84,2631,2014,False,2014_publishedweek2014.xls
2014-04-18,75-84,2362,2014,False,2014_publishedweek2014.xls
2014-04-25,75-84,2801,2014,False,2014_publishedweek2014.xls
2014-05-02,75-84,3043,2014,False,2014_publishedweek2014.xls
2014-05-09,75-84,2543,2014,False,2014_publishedweek2014.xls
2014-05-16,75-84,2690,2014,False,2014_publishedweek2014.xls
2014-05-23,75-84,2669,2014,False,2014_publishedweek2014.xls
2014-05-30,75-84,2279,2014,False,2014_publishedweek2014.xls
2014-06-06,75-84,2748,2014,False,2014_publishedweek2014.xls
2014-06-13,75-84,2725,2014,False,2014_publishedweek2014.xls
2014-06-20,75-84,2663,2014,False,2014_publishedweek2014.xls
2014-06-27,75-84,2558,2014,False,2014_publishedweek2014.xls
2014-07-04,75-84,2495,2014,False,2014_publishedweek2014.xls
2014-07-11,75-84,2545,2014,False,2014_publishedweek2014.xls
2014-07-18,75-84,2622,2014,False,2014_publishedweek2014.xls
2014-07-25,75-84,2628,2014,False,2014_publishedweek2014.xls
2014-08-01,75-84,2556,2014,False,2014_publishedweek2014.xls
2014-08-08,75-84,2514,2014,False,2014_publishedweek2014.xls
2014-08-15,75-84,2533,2014,False,2014_publishedweek2014.xls
2014-08-22,75-84,2515,2014,False,2014_publishedweek2014.xls
2014-08-29,75-84,2360,2014,False,2014_publishedweek2014.xls
2014-09-05,75-84,2858,2014,False,2014_publishedweek2014.xls
2014-09-12,75-84,2701,2014,False,2014_publishedweek2014.xls
2014-09-19,75-84,2667,2014,False,2014_publishedweek2014.xls
2014-09-26,75-84,2637,2014,False,2014_publishedweek2014.xls
2014-10-03,75-84,2680,2014,False,2014_publishedweek2014.xls
2014-10-10,75-84,2640,2014,False,2014_publishedweek2014.xls
2014-10-17,75-84,2732,2014,False,2014_publishedweek2014.xls
2014-10-24,75-84,2808,2014,False,2014_publishedweek2014.xls
2014-10-31,75-84,2771,2014,False,2014_publishedweek2014.xls
2014-11-07,75-84,2875,2014,False,2014_publishedweek2014.xls
2014-11-14,75-84,2933,2014,False,2014_publishedweek2014.xls
2014-11-21,75-84,2733,2014,False,2014_publishedweek2014.xls
2014-11-28,75-84,2894,2014,False,2014_publishedweek2014.xls
2014-12-05,75-84,2935,2014,False,2014_publishedweek2014.xls
2014-12-12,75-84,3085,2014,False,2014_publishedweek2014.xls
2014-12-19,75-84,3279,2014,False,2014_publishedweek2014.xls
2014-12-26,75-84,2247,2014,False,2014_publishedweek2014.xls
2015-01-02,75-84,3548,2015,False,2015_publishedweek2015.xls
2015-01-09,75-84,4505,2015,False,2015_publishedweek2015.xls
2015-01-16,75-84,4191,2015,False,2015_publishedweek2015.xls
2015-01-23,75-84,3964,2015,False,2015_publishedweek2015.xls
2015-01-30,75-84,3685,2015,False,2015_publishedweek2015.xls
2015-02-06,75-84,3425,2015,False,2015_publishedweek2015.xls
2015-02-13,75-84,3398,2015,False,2015_publishedweek2015.xls
2015-02-20,75-84,3309,2015,False,2015_publishedweek2015.xls
2015-02-27,75-84,3355,2015,False,2015_publishedweek2015.xls
2015-03-06,75-84,3279,2015,False,2015_publishedweek2015.xls
2015-03-13,75-84,3122,2015,False,2015_publishedweek2015.xls
2015-03-20,75-84,3029,2015,False,2015_publishedweek2015.xls
2015-03-27,75-84,3020,2015,False,2015_publishedweek2015.xls
2015-04-03,75-84,2642,2015,False,2015_publishedweek2015.xls
2015-04-10,75-84,2913,2015,False,2015_publishedweek2015.xls
2015-04-17,75-84,3323,2015,False,2015_publishedweek2015.xls
2015-04-24,75-84,3061,2015,False,2015_publishedweek2015.xls
2015-05-01,75-84,2928,2015,False,2015_publishedweek2015.xls
2015-05-08,75-84,2625,2015,False,2015_publishedweek2015.xls
2015-05-15,75-84,2998,2015,False,2015_publishedweek2015.xls
2015-05-22,75-84,2926,2015,False,2015_publishedweek2015.xls
2015-05-29,75-84,2464,2015,False,2015_publishedweek2015.xls
2015-06-05,75-84,2895,2015,False,2015_publishedweek2015.xls
2015-06-12,75-84,2781,2015,False,2015_publishedweek2015.xls
2015-06-19,75-84,2652,2015,False,2015_publishedweek2015.xls
2015-06-26,75-84,2682,2015,False,2015_publishedweek2015.xls
2015-07-03,75-84,2560,2015,False,2015_publishedweek2015.xls
2015-07-10,75-84,2568,2015,False,2015_publishedweek2015.xls
2015-07-17,75-84,2486,2015,False,2015_publishedweek2015.xls
2015-07-24,75-84,2520,2015,False,2015_publishedweek2015.xls
2015-07-31,75-84,2493,2015,False,2015_publishedweek2015.xls
2015-08-07,75-84,2576,2015,False,2015_publishedweek2015.xls
2015-08-14,75-84,2577,2015,False,2015_publishedweek2015.xls
2015-08-21,75-84,2655,2015,False,2015_publishedweek2015.xls
2015-08-28,75-84,2621,2015,False,2015_publishedweek2015.xls
2015-09-04,75-84,2310,2015,False,2015_publishedweek2015.xls
2015-09-11,75-84,2571,2015,False,2015_publishedweek2015.xls
2015-09-18,75-84,2627,2015,False,2015_publishedweek2015.xls
2015-09-25,75-84,2791,2015,False,2015_publishedweek2015.xls
2015-10-02,75-84,2636,2015,False,2015_publishedweek2015.xls
2015-10-09,75-84,2820,2015,False,2015_publishedweek2015.xls
2015-10-16,75-84,2781,2015,False,2015_publishedweek2015.xls
2015-10-23,75-84,2786,2015,False,2015_publishedweek2015.xls
2015-10-30,75-84,2671,2015,False,2015_publishedweek2015.xls
2015-11-06,75-84,2853,2015,False,2015_publishedweek2015.xls
2015-11-13,75-84,2804,2015,False,2015_publishedweek2015.xls
2015-11-20,75-84,2835,2015,False,2015_publishedweek2015.xls
2015-11-27,75-84,2759,2015,False,2015_publishedweek2015.xls
2015-12-04,75-84,3003,2015,False,2015_publishedweek2015.xls
2015-12-11,75-84,2928,2015,False,2015_publishedweek2015.xls
2015-12-18,75-84,3023,2015,False,2015_publishedweek2015.xls
2015-12-25,75-84,2451,2015,False,2015_publishedweek2015.xls
2016-01-01,75-84,2197,2015,False,2015_publishedweek2015.xls
2016-01-08,75-84,3727,2016,False,2016_publishedweek522016.xls
2016-01-15,75-84,3283,2016,False,2016_publishedweek522016.xls
2016-01-22,75-84,3327,2016,False,2016_publishedweek522016.xls
2016-01-29,75-84,3147,2016,False,2016_publishedweek522016.xls
2016-02-05,75-84,3181,2016,False,2016_publishedweek522016.xls
2016-02-12,75-84,3058,2016,False,2016_publishedweek522016.xls
2016-02-19,75-84,2982,2016,False,2016_publishedweek522016.xls
2016-02-26,75-84,3127,2016,False,2016_publishedweek522016.xls
2016-03-04,75-84,3180,2016,False,2016_publishedweek522016.xls
2016-03-11,75-84,3171,2016,False,2016_publishedweek522016.xls
2016-03-18,75-84,3070,2016,False,2016_publishedweek522016.xls
2016-03-25,75-84,2713,2016,False,2016_publishedweek522016.xls
2016-04-01,75-84,2992,2016,False,2016_publishedweek522016.xls
2016-04-08,75-84,3238,2016,False,2016_publishedweek522016.xls
2016-04-15,75-84,3166,2016,False,2016_publishedweek522016.xls
2016-04-22,75-84,3085,2016,False,2016_publishedweek522016.xls
2016-04-29,75-84,2927,2016,False,2016_publishedweek522016.xls
2016-05-06,75-84,2583,2016,False,2016_publishedweek522016.xls
2016-05-13,75-84,2994,2016,False,2016_publishedweek522016.xls
2016-05-20,75-84,2855,2016,False,2016_publishedweek522016.xls
2016-05-27,75-84,2697,2016,False,2016_publishedweek522016.xls
2016-06-03,75-84,2253,2016,False,2016_publishedweek522016.xls
2016-06-10,75-84,2875,2016,False,2016_publishedweek522016.xls
2016-06-17,75-84,2703,2016,False,2016_publishedweek522016.xls
2016-06-24,75-84,2659,2016,False,2016_publishedweek522016.xls
2016-07-01,75-84,2573,2016,False,2016_publishedweek522016.xls
2016-07-08,75-84,2567,2016,False,2016_publishedweek522016.xls
2016-07-15,75-84,2649,2016,False,2016_publishedweek522016.xls
2016-07-22,75-84,2638,2016,False,2016_publishedweek522016.xls
2016-07-29,75-84,2641,2016,False,2016_publishedweek522016.xls
2016-08-05,75-84,2588,2016,False,2016_publishedweek522016.xls
2016-08-12,75-84,2557,2016,False,2016_publishedweek522016.xls
2016-08-19,75-84,2624,2016,False,2016_publishedweek522016.xls
2016-08-26,75-84,2680,2016,False,2016_publishedweek522016.xls
2016-09-02,75-84,2233,2016,False,2016_publishedweek522016.xls
2016-09-09,75-84,2659,2016,False,2016_publishedweek522016.xls
2016-09-16,75-84,2628,2016,False,2016_publishedweek522016.xls
2016-09-23,75-84,2564,2016,False,2016_publishedweek522016.xls
2016-09-30,75-84,2506,2016,False,2016_publishedweek522016.xls
2016-10-07,75-84,2641,2016,False,2016_publishedweek522016.xls
2016-10-14,75-84,2746,2016,False,2016_publishedweek522016.xls
2016-10-21,75-84,2724,2016,False,2016_publishedweek522016.xls
2016-10-28,75-84,2800,2016,False,2016_publishedweek522016.xls
2016-11-04,75-84,2833,2016,False,2016_publishedweek522016.xls
2016-11-11,75-84,2954,2016,False,2016_publishedweek522016.xls
2016-11-18,75-84,2992,2016,False,2016_publishedweek522016.xls
2016-11-25,75-84,3062,2016,False,2016_publishedweek522016.xls
2016-12-02,75-84,2961,2016,False,2016_publishedweek522016.xls
2016-12-09,75-84,3176,2016,False,2016_publishedweek522016.xls
2016-12-16,75-84,2943,2016,False,2016_publishedweek522016.xls
2016-12-23,75-84,3170,2016,False,2016_publishedweek522016.xls
2016-12-30,75-84,2294,2016,False,2016_publishedweek522016.xls
2017-01-06,75-84,3450,2017,False,2017_publishedweek522017.xls
2017-01-13,75-84,3886,2017,False,2017_publishedweek522017.xls
2017-01-20,75-84,3701,2017,False,2017_publishedweek522017.xls
2017-01-27,75-84,3652,2017,False,2017_publishedweek522017.xls
2017-02-03,75-84,3509,2017,False,2017_publishedweek522017.xls
2017-02-10,75-84,3483,2017,False,2017_publishedweek522017.xls
2017-02-17,75-84,3242,2017,False,2017_publishedweek522017.xls
2017-02-24,75-84,3214,2017,False,2017_publishedweek522017.xls
2017-03-03,75-84,3142,2017,False,2017_publishedweek522017.xls
2017-03-10,75-84,3086,2017,False,2017_publishedweek522017.xls
2017-03-17,75-84,3015,2017,False,2017_publishedweek522017.xls
2017-03-24,75-84,2940,2017,False,2017_publishedweek522017.xls
2017-03-31,75-84,2838,2017,False,2017_publishedweek522017.xls
2017-04-07,75-84,2748,2017,False,2017_publishedweek522017.xls
2017-04-14,75-84,2397,2017,False,2017_publishedweek522017.xls
2017-04-21,75-84,2834,2017,False,2017_publishedweek522017.xls
2017-04-28,75-84,3132,2017,False,2017_publishedweek522017.xls
2017-05-05,75-84,2557,2017,False,2017_publishedweek522017.xls
2017-05-12,75-84,3019,2017,False,2017_publishedweek522017.xls
2017-05-19,75-84,2854,2017,False,2017_publishedweek522017.xls
2017-05-26,75-84,2744,2017,False,2017_publishedweek522017.xls
2017-06-02,75-84,2361,2017,False,2017_publishedweek522017.xls
2017-06-09,75-84,2785,2017,False,2017_publishedweek522017.xls
2017-06-16,75-84,2554,2017,False,2017_publishedweek522017.xls
2017-06-23,75-84,2715,2017,False,2017_publishedweek522017.xls
2017-06-30,75-84,2676,2017,False,2017_publishedweek522017.xls
2017-07-07,75-84,2584,2017,False,2017_publishedweek522017.xls
2017-07-14,75-84,2694,2017,False,2017_publishedweek522017.xls
2017-07-21,75-84,2531,2017,False,2017_publishedweek522017.xls
2017-07-28,75-84,2439,2017,False,2017_publishedweek522017.xls
2017-08-04,75-84,2542,2017,False,2017_publishedweek522017.xls
2017-08-11,75-84,2620,2017,False,2017_publishedweek522017.xls
2017-08-18,75-84,2601,2017,False,2017_publishedweek522017.xls
2017-08-25,75-84,2667,2017,False,2017_publishedweek522017.xls
2017-09-01,75-84,2279,2017,False,2017_publishedweek522017.xls
2017-09-08,75-84,2644,2017,False,2017_publishedweek522017.xls
2017-09-15,75-84,2628,2017,False,2017_publishedweek522017.xls
2017-09-22,75-84,2623,2017,False,2017_publishedweek522017.xls
2017-09-29,75-84,2698,2017,False,2017_publishedweek522017.xls
2017-10-06,75-84,2677,2017,False,2017_publishedweek522017.xls
2017-10-13,75-84,2846,2017,False,2017_publishedweek522017.xls
2017-10-20,75-84,2836,2017,False,2017_publishedweek522017.xls
2017-10-27,75-84,2765,2017,False,2017_publishedweek522017.xls
2017-11-03,75-84,2875,2017,False,2017_publishedweek522017.xls
2017-11-10,75-84,2889,2017,False,2017_publishedweek522017.xls
2017-11-17,75-84,2901,2017,False,2017_publishedweek522017.xls
2017-11-24,75-84,2962,2017,False,2017_publishedweek522017.xls
2017-12-01,75-84,2945,2017,False,2017_publishedweek522017.xls
2017-12-08,75-84,3027,2017,False,2017_publishedweek522017.xls
2017-12-15,75-84,3176,2017,False,2017_publishedweek522017.xls
2017-12-22,75-84,3523,2017,False,2017_publishedweek522017.xls
2017-12-29,75-84,2444,2017,False,2017_publishedweek522017.xls
2018-01-05,75-84,3612,2018,False,2018_publishedweek522018withupdatedrespiratoryrow.xls
2018-01-12,75-84,4155,2018,False,2018_publishedweek522018withupdatedrespiratoryrow.xls
2018-01-19,75-84,3866,2018,False,2018_publishedweek522018withupdatedrespiratoryrow.xls
2018-01-26,75-84,3824,2018,False,2018_publishedweek522018withupdatedrespiratoryrow.xls
2018-02-02,75-84,3661,2018,False,2018_publishedweek522018withupdatedrespiratoryrow.xls
2018-02-09,75-84,3376,2018,False,2018_publishedweek522018withupdatedrespiratoryrow.xls
2018-02-16,75-84,3492,2018,False,2018_publishedweek522018withupdatedrespiratoryrow.xls
2018-02-23,75-84,3398,2018,False,2018_publishedweek522018withupdatedrespiratoryrow.xls
2018-03-02,75-84,3028,2018,False,2018_publishedweek522018withupdatedrespiratoryrow.xls
2018-03-09,75-84,3691,2018,False,2018_publishedweek522018withupdatedrespiratoryrow.xls
2018-03-16,75-84,3594,2018,False,2018_publishedweek522018withupdatedrespiratoryrow.xls
2018-03-23,75-84,3342,2018,False,2018_publishedweek522018withupdatedrespiratoryrow.xls
2018-03-30,75-84,2884,2018,False,2018_publishedweek522018withupdatedrespiratoryrow.xls
2018-04-06,75-84,3013,2018,False,2018_publishedweek522018withupdatedrespiratoryrow.xls
2018-04-13,75-84,3442,2018,False,2018_publishedweek522018withupdatedrespiratoryrow.xls
2018-04-20,75-84,3109,2018,False,2018_publishedweek522018withupdatedrespiratoryrow.xls
2018-04-27,75-84,2906,2018,False,2018_publishedweek522018withupdatedrespiratoryrow.xls
2018-05-04,75-84,2907,2018,False,2018_publishedweek522018withupdatedrespiratoryrow.xls
2018-05-11,75-84,2384,2018,False,2018_publishedweek522018withupdatedrespiratoryrow.xls
2018-05-18,75-84,2791,2018,False,2018_publishedweek522018withupdatedrespiratoryrow.xls
2018-05-25,75-84,2687,2018,False,2018_publishedweek522018withupdatedrespiratoryrow.xls
2018-06-01,75-84,2330,2018,False,2018_publishedweek522018withupdatedrespiratoryrow.xls
2018-06-08,75-84,2881,2018,False,2018_publishedweek522018withupdatedrespiratoryrow.xls
2018-06-15,75-84,2670,2018,False,2018_publishedweek522018withupdatedrespiratoryrow.xls
2018-06-22,75-84,2550,2018,False,2018_publishedweek522018withupdatedrespiratoryrow.xls
2018-06-29,75-84,2508,2018,False,2018_publishedweek522018withupdatedrespiratoryrow.xls
2018-07-06,75-84,2611,2018,False,2018_publishedweek522018withupdatedrespiratoryrow.xls
2018-07-13,75-84,2633,2018,False,2018_publishedweek522018withupdatedrespiratoryrow.xls
2018-07-20,75-84,2484,2018,False,2018_publishedweek522018withupdatedrespiratoryrow.xls
2018-07-27,75-84,2628,2018,False,2018_publishedweek522018withupdatedrespiratoryrow.xls
2018-08-03,75-84,2620,2018,False,2018_publishedweek522018withupdatedrespiratoryrow.xls
2018-08-10,75-84,2563,2018,False,2018_publishedweek522018withupdatedrespiratoryrow.xls
2018-08-17,75-84,2489,2018,False,2018_publishedweek522018withupdatedrespiratoryrow.xls
2018-08-24,75-84,2560,2018,False,2018_publishedweek522018withupdatedrespiratoryrow.xls
2018-08-31,75-84,2150,2018,False,2018_publishedweek522018withupdatedrespiratoryrow.xls
2018-09-07,75-84,2638,2018,False,2018_publishedweek522018withupdatedrespiratoryrow.xls
2018-09-14,75-84,2576,2018,False,2018_publishedweek522018withupdatedrespiratoryrow.xls
2018-09-21,75-84,2601,2018,False,2018_publishedweek522018withupdatedrespiratoryrow.xls
2018-09-28,75-84,2629,2018,False,2018_publishedweek522018withupdatedrespiratoryrow.xls
2018-10-05,75-84,2696,2018,False,2018_publishedweek522018withupdatedrespiratoryrow.xls
2018-10-12,75-84,2741,2018,False,2018_publishedweek522018withupdatedrespiratoryrow.xls
2018-10-19,75-84,2769,2018,False,2018_publishedweek522018withupdatedrespiratoryrow.xls
2018-10-26,75-84,2642,2018,False,2018_publishedweek522018withupdatedrespiratoryrow.xls
2018-11-02,75-84,2700,2018,False,2018_publishedweek522018withupdatedrespiratoryrow.xls
2018-11-09,75-84,2949,2018,False,2018_publishedweek522018withupdatedrespiratoryrow.xls
2018-11-16,75-84,2819,2018,False,2018_publishedweek522018withupdatedrespiratoryrow.xls
2018-11-23,75-84,2766,2018,False,2018_publishedweek522018withupdatedrespiratoryrow.xls
2018-11-30,75-84,2829,2018,False,2018_publishedweek522018withupdatedrespiratoryrow.xls
2018-12-07,75-84,2965,2018,False,2018_publishedweek522018withupdatedrespiratoryrow.xls
2018-12-14,75-84,2962,2018,False,2018_publishedweek522018withupdatedrespiratoryrow.xls
2018-12-21,75-84,3136,2018,False,2018_publishedweek522018withupdatedrespiratoryrow.xls
2018-12-28,75-84,2013,2018,False,2018_publishedweek522018withupdatedrespiratoryrow.xls
2019-01-04,75-84,3078,2019,False,2019_publishedweek522019.xls
2019-01-11,75-84,3590,2019,False,2019_publishedweek522019.xls
2019-01-18,75-84,3414,2019,False,2019_publishedweek522019.xls
2019-01-25,75-84,3266,2019,False,2019_publishedweek522019.xls
2019-02-01,75-84,3126,2019,False,2019_publishedweek522019.xls
2019-02-08,75-84,3251,2019,False,2019_publishedweek522019.xls
2019-02-15,75-84,3392,2019,False,2019_publishedweek522019.xls
2019-02-22,75-84,3169,2019,False,2019_publishedweek522019.xls
2019-03-01,75-84,3117,2019,False,2019_publishedweek522019.xls
2019-03-08,75-84,3042,2019,False,2019_publishedweek522019.xls
2019-03-15,75-84,2933,2019,False,2019_publishedweek522019.xls
2019-03-22,75-84,2948,2019,False,2019_publishedweek522019.xls
2019-03-29,75-84,2794,2019,False,2019_publishedweek522019.xls
2019-04-05,75-84,2937,2019,False,2019_publishedweek522019.xls
2019-04-12,75-84,2907,2019,False,2019_publishedweek522019.xls
2019-04-19,75-84,2547,2019,False,2019_publishedweek522019.xls
2019-04-26,75-84,2811,2019,False,2019_publishedweek522019.xls
2019-05-03,75-84,3207,2019,False,2019_publishedweek522019.xls
2019-05-10,75-84,2579,2019,False,2019_publishedweek522019.xls
2019-05-17,75-84,2864,2019,False,2019_publishedweek522019.xls
2019-05-24,75-84,2946,2019,False,2019_publishedweek522019.xls
2019-05-31,75-84,2403,2019,False,2019_publishedweek522019.xls
2019-06-07,75-84,2846,2019,False,2019_publishedweek522019.xls
2019-06-14,75-84,2672,2019,False,2019_publishedweek522019.xls
2019-06-21,75-84,2711,2019,False,2019_publishedweek522019.xls
2019-06-28,75-84,2692,2019,False,2019_publishedweek522019.xls
2019-07-05,75-84,2650,2019,False,2019_publishedweek522019.xls
2019-07-12,75-84,2616,2019,False,2019_publishedweek522019.xls
2019-07-19,75-84,2610,2019,False,2019_publishedweek522019.xls
2019-07-26,75-84,2580,2019,False,2019_publishedweek522019.xls
2019-08-02,75-84,2664,2019,False,2019_publishedweek522019.xls
2019-08-09,75-84,2575,2019,False,2019_publishedweek522019.xls
2019-08-16,75-84,2530,2019,False,2019_publishedweek522019.xls
2019-08-23,75-84,2479,2019,False,2019_publishedweek522019.xls
2019-08-30,75-84,2319,2019,False,2019_publishedweek522019.xls
2019-09-06,75-84,2775,2019,False,2019_publishedweek522019.xls
2019-09-13,75-84,2654,2019,False,2019_publishedweek522019.xls
2019-09-20,75-84,2695,2019,False,2019_publishedweek522019.xls
2019-09-27,75-84,2760,2019,False,2019_publishedweek522019.xls
2019-10-04,75-84,2780,2019,False,2019_publishedweek522019.xls
2019-10-11,75-84,2869,2019,False,2019_publishedweek522019.xls
2019-10-18,75-84,2920,2019,False,2019_publishedweek522019.xls
2019-10-25,75-84,2799,2019,False,2019_publishedweek522019.xls
2019-11-01,75-84,2938,2019,False,2019_publishedweek522019.xls
2019-11-08,75-84,2998,2019,False,2019_publishedweek522019.xls
2019-11-15,75-84,3070,2019,False,2019_publishedweek522019.xls
2019-11-22,75-84,3163,2019,False,2019_publishedweek522019.xls
2019-11-29,75-84,3142,2019,False,2019_publishedweek522019.xls
2019-12-06,75-84,3078,2019,False,2019_publishedweek522019.xls
2019-12-13,75-84,3215,2019,False,2019_publishedweek522019.xls
2019-12-20,75-84,3299,2019,False,2019_publishedweek522019.xls
2019-12-27,75-84,2231,2019,False,2019_publishedweek522019.xls
2020-01-03,75-84,3584,2020,False,2020_publishedweek532020.xlsx
2020-01-10,75-84,4014,2020,False,2020_publishedweek532020.xlsx
2020-01-17,75-84,3715,2020,False,2020_publishedweek532020.xlsx
2020-01-24,75-84,3337,2020,False,2020_publishedweek532020.xlsx
2020-01-31,75-84,3256,2020,False,2020_publishedweek532020.xlsx
2020-02-07,75-84,3056,2020,False,2020_publishedweek532020.xlsx
2020-02-14,75-84,3009,2020,False,2020_publishedweek532020.xlsx
2020-02-21,75-84,3034,2020,False,2020_publishedweek532020.xlsx
2020-02-28,75-84,2968,2020,False,2020_publishedweek532020.xlsx
2020-03-06,75-84,3123,2020,False,2020_publishedweek532020.xlsx
2020-03-13,75-84,3104,2020,False,2020_publishedweek532020.xlsx
2020-03-20,75-84,3067,2020,False,2020_publishedweek532020.xlsx
2020-03-27,75-84,3247,2020,False,2020_publishedweek532020.xlsx
2020-04-03,75-84,5005,2020,False,2020_publishedweek532020.xlsx
2020-04-10,75-84,5613,2020,False,2020_publishedweek532020.xlsx
2020-04-17,75-84,6657,2020,False,2020_publishedweek532020.xlsx
2020-04-24,75-84,6513,2020,False,2020_publishedweek532020.xlsx
2020-05-01,75-84,5142,2020,False,2020_publishedweek532020.xlsx
2020-05-08,75-84,3627,2020,False,2020_publishedweek532020.xlsx
2020-05-15,75-84,4167,2020,False,2020_publishedweek532020.xlsx
2020-05-22,75-84,3455,2020,False,2020_publishedweek532020.xlsx
2020-05-29,75-84,2880,2020,False,2020_publishedweek532020.xlsx
2020-06-05,75-84,3142,2020,False,2020_publishedweek532020.xlsx
2020-06-12,75-84,2866,2020,False,2020_publishedweek532020.xlsx
2020-06-19,75-84,2680,2020,False,2020_publishedweek532020.xlsx
2020-06-26,75-84,2607,2020,False,2020_publishedweek532020.xlsx
2020-07-03,75-84,2630,2020,False,2020_publishedweek532020.xlsx
2020-07-10,75-84,2529,2020,False,2020_publishedweek532020.xlsx
2020-07-17,75-84,2547,2020,False,2020_publishedweek532020.xlsx
2020-07-24,75-84,2506,2020,False,2020_publishedweek532020.xlsx
2020-07-31,75-84,2559,2020,False,2020_publishedweek532020.xlsx
2020-08-07,75-84,2550,2020,False,2020_publishedweek532020.xlsx
2020-08-14,75-84,2714,2020,False,2020_publishedweek532020.xlsx
2020-08-21,75-84,2823,2020,False,2020_publishedweek532020.xlsx
2020-08-28,75-84,2596,2020,False,2020_publishedweek532020.xlsx
2020-09-04,75-84,2233,2020,False,2020_publishedweek532020.xlsx
2020-09-11,75-84,2789,2020,False,2020_publishedweek532020.xlsx
2020-09-18,75-84,2744,2020,False,2020_publishedweek532020.xlsx
2020-09-25,75-84,2775,2020,False,2020_publishedweek532020.xlsx
2020-10-02,75-84,2922,2020,False,2020_publishedweek532020.xlsx
2020-10-09,75-84,2834,2020,False,2020_publishedweek532020.xlsx
2020-10-16,75-84,3022,2020,False,2020_publishedweek532020.xlsx
2020-10-23,75-84,3122,2020,False,2020_publishedweek532020.xlsx
2020-10-30,75-84,3162,2020,False,2020_publishedweek532020.xlsx
2020-11-06,75-84,3502,2020,False,2020_publishedweek532020.xlsx
2020-11-13,75-84,3652,2020,False,2020_publishedweek532020.xlsx
2020-11-20,75-84,3785,2020,False,2020_publishedweek532020.xlsx
2020-11-27,75-84,3561,2020,False,2020_publishedweek532020.xlsx
2020-12-04,75-84,3503,2020,False,2020_publishedweek532020.xlsx
2020-12-11,75-84,3608,2020,False,2020_publishedweek532020.xlsx
2020-12-18,75-84,3738,2020,False,2020_publishedweek532020.xlsx
2020-12-25,75-84,3328,2020,False,2020_publishedweek532020.xlsx
2021-01-01,75-84,2913,2020,False,2020_publishedweek532020.xlsx
2021-01-08,75-84,5269,2021,False,2021_publishedweek522021.xlsx
2021-01-15,75-84,5284,2021,False,2021_publishedweek522021.xlsx
2021-01-22,75-84,5324,2021,False,2021_publishedweek522021.xlsx
2021-01-29,75-84,5270,2021,False,2021_publishedweek522021.xlsx
2021-02-05,75-84,4907,2021,False,2021_publishedweek522021.xlsx
2021-02-12,75-84,4386,2021,False,2021_publishedweek522021.xlsx
2021-02-19,75-84,3951,2021,False,2021_publishedweek522021.xlsx
2021-02-26,75-84,3510,2021,False,2021_publishedweek522021.xlsx
2021-03-05,75-84,3242,2021,False,2021_publishedweek522021.xlsx
2021-03-12,75-84,3099,2021,False,2021_publishedweek522021.xlsx
2021-03-19,75-84,2887,2021,False,2021_publishedweek522021.xlsx
2021-03-26,75-84,2772,2021,False,2021_publishedweek522021.xlsx
2021-04-02,75-84,2306,2021,False,2021_publishedweek522021.xlsx
2021-04-09,75-84,2607,2021,False,2021_publishedweek522021.xlsx
2021-04-16,75-84,2991,2021,False,2021_publishedweek522021.xlsx
2021-04-23,75-84,2781,2021,False,2021_publishedweek522021.xlsx
2021-04-30,75-84,2767,2021,False,2021_publishedweek522021.xlsx
2021-05-07,75-84,2294,2021,False,2021_publishedweek522021.xlsx
2021-05-14,75-84,2879,2021,False,2021_publishedweek522021.xlsx
2021-05-21,75-84,2838,2021,False,2021_publishedweek522021.xlsx
2021-05-28,75-84,2746,2021,False,2021_publishedweek522021.xlsx
2021-06-04,75-84,2223,2021,False,2021_publishedweek522021.xlsx
2021-06-11,75-84,2940,2021,False,2021_publishedweek522021.xlsx
2021-06-18,75-84,2705,2021,False,2021_publishedweek522021.xlsx
2021-06-25,75-84,2518,2021,False,2021_publishedweek522021.xlsx
2021-07-02,75-84,2567,2021,False,2021_publishedweek522021.xlsx
2021-07-09,75-84,2831,2021,False,2021_publishedweek522021.xlsx
2021-07-16,75-84,2729,2021,False,2021_publishedweek522021.xlsx
2021-07-23,75-84,2738,2021,False,2021_publishedweek522021.xlsx
2021-07-30,75-84,2937,2021,False,2021_publishedweek522021.xlsx
2021-08-06,75-84,2891,2021,False,2021_publishedweek522021.xlsx
2021-08-13,75-84,2928,2021,False,2021_publishedweek522021.xlsx
2021-08-20,75-84,2895,2021,False,2021_publishedweek522021.xlsx
2021-08-27,75-84,2935,2021,False,2021_publishedweek522021.xlsx
2021-09-03,75-84,2526,2021,False,2021_publishedweek522021.xlsx
2021-09-10,75-84,3226,2021,False,2021_publishedweek522021.xlsx
2021-09-17,75-84,3204,2021,False,2021_publishedweek522021.xlsx
2021-09-24,75-84,3093,2021,False,2021_publishedweek522021.xlsx
2021-10-01,75-84,2979,2021,False,2021_publishedweek522021.xlsx
2021-10-08,75-84,3203,2021,False,2021_publishedweek522021.xlsx
2021-10-15,75-84,3190,2021,False,2021_publishedweek522021.xlsx
2021-10-22,75-84,3216,2021,False,2021_publishedweek522021.xlsx
2021-10-29,75-84,3137,2021,False,2021_publishedweek522021.xlsx
2021-11-05,75-84,3369,2021,False,2021_publishedweek522021.xlsx
2021-11-12,75-84,3460,2021,False,2021_publishedweek522021.xlsx
2021-11-19,75-84,3484,2021,False,2021_publishedweek522021.xlsx
2021-11-26,75-84,3292,2021,False,2021_publishedweek522021.xlsx
2021-12-03,75-84,3280,2021,False,2021_publishedweek522021.xlsx
2021-12-10,75-84,3402,2021,False,2021_publishedweek522021.xlsx
2021-12-17,75-84,3582,2021,False,2021_publishedweek522021.xlsx
2021-12-24,75-84,3733,2021,False,2021_publishedweek522021.xlsx
2021-12-31,75-84,2396,2021,False,2021_publishedweek522021.xlsx
2022-01-07,75-84,3562,2022,False,2022_publicationfileweek522022.xlsx
2022-01-14,75-84,3878,2022,False,2022_publicationfileweek522022.xlsx
2022-01-21,75-84,3668,2022,False,2022_publicationfileweek522022.xlsx
2022-01-28,75-84,3621,2022,False,2022_publicationfileweek522022.xlsx
2022-02-04,75-84,3376,2022,False,2022_publicationfileweek522022.xlsx
2022-02-11,75-84,3381,2022,False,2022_publicationfileweek522022.xlsx
2022-02-18,75-84,3250,2022,False,2022_publicationfileweek522022.xlsx
2022-02-25,75-84,3196,2022,False,2022_publicationfileweek522022.xlsx
2022-03-04,75-84,3291,2022,False,2022_publicationfileweek522022.xlsx
2022-03-11,75-84,3250,2022,False,2022_publicationfileweek522022.xlsx
2022-03-18,75-84,3148,2022,False,2022_publicationfileweek522022.xlsx
2022-03-25,75-84,3202,2022,False,2022_publicationfileweek522022.xlsx
2022-04-01,75-84,2837,2022,False,2022_publicationfileweek522022.xlsx
2022-04-08,75-84,3098,2022,False,2022_publicationfileweek522022.xlsx
2022-04-15,75-84,2918,2022,False,2022_publicationfileweek522022.xlsx
2022-04-22,75-84,3135,2022,False,2022_publicationfileweek522022.xlsx
2022-04-29,75-84,3674,2022,False,2022_publicationfileweek522022.xlsx
2022-05-06,75-84,2998,2022,False,2022_publicationfileweek522022.xlsx
2022-05-13,75-84,3583,2022,False,2022_publicationfileweek522022.xlsx
2022-05-20,75-84,3368,2022,False,2022_publicationfileweek522022.xlsx
2022-05-27,75-84,3173,2022,False,2022_publicationfileweek522022.xlsx
2022-06-03,75-84,2017,2022,False,2022_publicationfileweek522022.xlsx
2022-06-10,75-84,3401,2022,False,2022_publicationfileweek522022.xlsx
2022-06-17,75-84,3269,2022,False,2022_publicationfileweek522022.xlsx
2022-06-24,75-84,3116,2022,False,2022_publicationfileweek522022.xlsx
2022-07-01,75-84,3004,2022,False,2022_publicationfileweek522022.xlsx
2022-07-08,75-84,3026,2022,False,2022_publicationfileweek522022.xlsx
2022-07-15,75-84,3078,2022,False,2022_publicationfileweek522022.xlsx
2022-07-22,75-84,3191,2022,False,2022_publicationfileweek522022.xlsx
2022-07-29,75-84,3138,2022,False,2022_publicationfileweek522022.xlsx
2022-08-05,75-84,3099,2022,False,2022_publicationfileweek522022.xlsx
2022-08-12,75-84,3083,2022,False,2022_publicationfileweek522022.xlsx
2022-08-19,75-84,3157,2022,False,2022_publicationfileweek522022.xlsx
2022-08-26,75-84,3201,2022,False,2022_publicationfileweek522022.xlsx
2022-09-02,75-84,2572,2022,False,2022_publicationfileweek522022.xlsx
2022-09-09,75-84,3096,2022,False,2022_publicationfileweek522022.xlsx
2022-09-16,75-84,3109,2022,False,2022_publicationfileweek522022.xlsx
2022-09-23,75-84,2477,2022,False,2022_publicationfileweek522022.xlsx
2022-09-30,75-84,3247,2022,False,2022_publicationfileweek522022.xlsx
2022-10-07,75-84,3305,2022,False,2022_publicationfileweek522022.xlsx
2022-10-14,75-84,3413,2022,False,2022_publicationfileweek522022.xlsx
2022-10-21,75-84,3541,2022,False,2022_publicationfileweek522022.xlsx
2022-10-28,75-84,3302,2022,False,2022_publicationfileweek522022.xlsx
2022-11-04,75-84,3448,2022,False,2022_publicationfileweek522022.xlsx
2022-11-11,75-84,3302,2022,False,2022_publicationfileweek522022.xlsx
2022-11-18,75-84,3372,2022,False,2022_publicationfileweek522022.xlsx
2022-11-25,75-84,3350,2022,False,2022_publicationfileweek522022.xlsx
2022-12-02,75-84,3215,2022,False,2022_publicationfileweek522022.xlsx
2022-12-09,75-84,3469,2022,False,2022_publicationfileweek522022.xlsx
2022-12-16,75-84,3645,2022,False,2022_publicationfileweek522022.xlsx
2022-12-23,75-84,4191,2022,False,2022_publicationfileweek522022.xlsx
2022-12-30,75-84,2880,2022,False,2022_publicationfileweek522022.xlsx
2023-01-06,75-84,4435,2023,False,2023_publicationfileweek522023rerun.xlsx
2023-01-13,75-84,5094,2023,False,2023_publicationfileweek522023rerun.xlsx
2023-01-20,75-84,4615,2023,False,2023_publicationfileweek522023rerun.xlsx
2023-01-27,75-84,4115,2023,False,2023_publicationfileweek522023rerun.xlsx
2023-02-03,75-84,3992,2023,False,2023_publicationfileweek522023rerun.xlsx
2023-02-10,75-84,3668,2023,False,2023_publicationfileweek522023rerun.xlsx
2023-02-17,75-84,3555,2023,False,2023_publicationfileweek522023rerun.xlsx
2023-02-24,75-84,3524,2023,False,2023_publicationfileweek522023rerun.xlsx
2023-03-03,75-84,3561,2023,False,2023_publicationfileweek522023rerun.xlsx
2023-03-10,75-84,3270,2023,False,2023_publicationfileweek522023rerun.xlsx
2023-03-17,75-84,3562,2023,False,2023_publicationfileweek522023rerun.xlsx
2023-03-24,75-84,3521,2023,False,2023_publicationfileweek522023rerun.xlsx
2023-03-31,75-84,3383,2023,False,2023_publicationfileweek522023rerun.xlsx
2023-04-07,75-84,3038,2023,False,2023_publicationfileweek522023rerun.xlsx
2023-04-14,75-84,2934,2023,False,2023_publicationfileweek522023rerun.xlsx
2023-04-21,75-84,3746,2023,False,2023_publicationfileweek522023rerun.xlsx
2023-04-28,75-84,3528,2023,False,2023_publicationfileweek522023rerun.xlsx
2023-05-05,75-84,3027,2023,False,2023_publicationfileweek522023rerun.xlsx
2023-05-12,75-84,3057,2023,False,2023_publicationfileweek522023rerun.xlsx
2023-05-19,75-84,3459,2023,False,2023_publicationfileweek522023rerun.xlsx
2023-05-26,75-84,3296,2023,False,2023_publicationfileweek522023rerun.xlsx
2023-06-02,75-84,2676,2023,False,2023_publicationfileweek522023rerun.xlsx
2023-06-09,75-84,3283,2023,False,2023_publicationfileweek522023rerun.xlsx
2023-06-16,75-84,3148,2023,False,2023_publicationfileweek522023rerun.xlsx
2023-06-23,75-84,3069,2023,False,2023_publicationfileweek522023rerun.xlsx
2023-06-30,75-84,3137,2023,False,2023_publicationfileweek522023rerun.xlsx
2023-07-07,75-84,2942,2023,False,2023_publicationfileweek522023rerun.xlsx
2023-07-14,75-84,2941,2023,False,2023_publicationfileweek522023rerun.xlsx
2023-07-21,75-84,2848,2023,False,2023_publicationfileweek522023rerun.xlsx
2023-07-28,75-84,2809,2023,False,2023_publicationfileweek522023rerun.xlsx
2023-08-04,75-84,2955,2023,False,2023_publicationfileweek522023rerun.xlsx
2023-08-11,75-84,2876,2023,False,2023_publicationfileweek522023rerun.xlsx
2023-08-18,75-84,2972,2023,False,2023_publicationfileweek522023rerun.xlsx
2023-08-25,75-84,3015,2023,False,2023_publicationfileweek522023rerun.xlsx
2023-09-01,75-84,2426,2023,False,2023_publicationfileweek522023rerun.xlsx
2023-09-08,75-84,3087,2023,False,2023_publicationfileweek522023rerun.xlsx
2023-09-15,75-84,3053,2023,False,2023_publicationfileweek522023rerun.xlsx
2023-09-22,75-84,3001,2023,False,2023_publicationfileweek522023rerun.xlsx
2023-09-29,75-84,2894,2023,False,2023_publicationfileweek522023rerun.xlsx
2023-10-06,75-84,2971,2023,False,2023_publicationfileweek522023rerun.xlsx
2023-10-13,75-84,3057,2023,False,2023_publicationfileweek522023rerun.xlsx
2023-10-20,75-84,3019,2023,False,2023_publicationfileweek522023rerun.xlsx
2023-10-27,75-84,3088,2023,False,2023_publicationfileweek522023rerun.xlsx
2023-11-03,75-84,3260,2023,False,2023_publicationfileweek522023rerun.xlsx
2023-11-10,75-84,3365,2023,False,2023_publicationfileweek522023rerun.xlsx
2023-11-17,75-84,3374,2023,False,2023_publicationfileweek522023rerun.xlsx
2023-11-24,75-84,3253,2023,False,2023_publicationfileweek522023rerun.xlsx
2023-12-01,75-84,3407,2023,False,2023_publicationfileweek522023rerun.xlsx
2023-12-08,75-84,3409,2023,False,2023_publicationfileweek522023rerun.xlsx
2023-12-15,75-84,3505,2023,False,2023_publicationfileweek522023rerun.xlsx
2023-12-22,75-84,3863,2023,False,2023_publicationfileweek522023rerun.xlsx
2023-12-29,75-84,2272,2023,False,2023_publicationfileweek522023rerun.xlsx
2024-01-05,75-84,3572,2024,False,2024_weeklydeathsweek522024.xlsx
2024-01-12,75-84,4042,2024,False,2024_weeklydeathsweek522024.xlsx
2024-01-19,75-84,3743,2024,False,2024_weeklydeathsweek522024.xlsx
2024-01-26,75-84,3849,2024,False,2024_weeklydeathsweek522024.xlsx
2024-02-02,75-84,3714,2024,False,2024_weeklydeathsweek522024.xlsx
2024-02-09,75-84,3690,2024,False,2024_weeklydeathsweek522024.xlsx
2024-02-16,75-84,3510,2024,False,2024_weeklydeathsweek522024.xlsx
2024-02-23,75-84,3448,2024,False,2024_weeklydeathsweek522024.xlsx
2024-03-01,75-84,3443,2024,False,2024_weeklydeathsweek522024.xlsx
2024-03-08,75-84,3480,2024,False,2024_weeklydeathsweek522024.xlsx
2024-03-15,75-84,3352,2024,False,2024_weeklydeathsweek522024.xlsx
2024-03-22,75-84,3330,2024,False,2024_weeklydeathsweek522024.xlsx
2024-03-29,75-84,2733,2024,False,2024_weeklydeathsweek522024.xlsx
2024-04-05,75-84,2888,2024,False,2024_weeklydeathsweek522024.xlsx
2024-04-12,75-84,3704,2024,False,2024_weeklydeathsweek522024.xlsx
2024-04-19,75-84,3517,2024,False,2024_weeklydeathsweek522024.xlsx
2024-04-26,75-84,3339,2024,False,2024_weeklydeathsweek522024.xlsx
2024-05-03,75-84,3207,2024,False,2024_weeklydeathsweek522024.xlsx
2024-05-10,75-84,2907,2024,False,2024_weeklydeathsweek522024.xlsx
2024-05-17,75-84,3335,2024,False,2024_weeklydeathsweek522024.xlsx
2024-05-24,75-84,3276,2024,False,2024_weeklydeathsweek522024.xlsx
2024-05-31,75-84,2537,2024,False,2024_weeklydeathsweek522024.xlsx
2024-06-07,75-84,3282,2024,False,2024_weeklydeathsweek522024.xlsx
2024-06-14,75-84,3125,2024,False,2024_weeklydeathsweek522024.xlsx
2024-06-21,75-84,3043,2024,False,2024_weeklydeathsweek522024.xlsx
2024-06-28,75-84,3082,2024,False,2024_weeklydeathsweek522024.xlsx
2024-07-05,75-84,3055,2024,False,2024_weeklydeathsweek522024.xlsx
2024-07-12,75-84,3085,2024,False,2024_weeklydeathsweek522024.xlsx
2024-07-19,75-84,2956,2024,False,2024_weeklydeathsweek522024.xlsx
2024-07-26,75-84,3009,2024,False,2024_weeklydeathsweek522024.xlsx
2024-08-02,75-84,3094,2024,False,2024_weeklydeathsweek522024.xlsx
2024-08-09,75-84,3007,2024,False,2024_weeklydeathsweek522024.xlsx
2024-08-16,75-84,2930,2024,False,2024_weeklydeathsweek522024.xlsx
2024-08-23,75-84,2893,2024,False,2024_weeklydeathsweek522024.xlsx
2024-08-30,75-84,2409,2024,False,2024_weeklydeathsweek522024.xlsx
2024-09-06,75-84,3073,2024,False,2024_weeklydeathsweek522024.xlsx
2024-09-13,75-84,2868,2024,False,2024_weeklydeathsweek522024.xlsx
2024-09-20,75-84,2735,2024,False,2024_weeklydeathsweek522024.xlsx
2024-09-27,75-84,3052,2024,False,2024_weeklydeathsweek522024.xlsx
2024-10-04,75-84,3037,2024,False,2024_weeklydeathsweek522024.xlsx
2024-10-11,75-84,3118,2024,False,2024_weeklydeathsweek522024.xlsx
2024-10-18,75-84,3209,2024,False,2024_weeklydeathsweek522024.xlsx
2024-10-25,75-84,3290,2024,False,2024_weeklydeathsweek522024.xlsx
2024-11-01,75-84,3131,2024,False,2024_weeklydeathsweek522024.xlsx
2024-11-08,75-84,3289,2024,False,2024_weeklydeathsweek522024.xlsx
2024-11-15,75-84,3242,2024,False,2024_weeklydeathsweek522024.xlsx
2024-11-22,75-84,3294,2024,False,2024_weeklydeathsweek522024.xlsx
2024-11-29,75-84,3288,2024,False,2024_weeklydeathsweek522024.xlsx
2024-12-06,75-84,3395,2024,False,2024_weeklydeathsweek522024.xlsx
2024-12-13,75-84,3590,2024,False,2024_weeklydeathsweek522024.xlsx
2024-12-20,75-84,3826,2024,False,2024_weeklydeathsweek522024.xlsx
2024-12-27,75-84,2127,2024,False,2024_weeklydeathsweek522024.xlsx
2025-01-03,75-84,3280,2025,False,2025_weeklydeathsweek522025.xlsx
2025-01-10,75-84,4293,2025,False,2025_weeklydeathsweek522025.xlsx
2025-01-17,75-84,4466,2025,False,2025_weeklydeathsweek522025.xlsx
2025-01-24,75-84,4131,2025,False,2025_weeklydeathsweek522025.xlsx
2025-01-31,75-84,3983,2025,False,2025_weeklydeathsweek522025.xlsx
2025-02-07,75-84,3818,2025,False,2025_weeklydeathsweek522025.xlsx
2025-02-14,75-84,3662,2025,False,2025_weeklydeathsweek522025.xlsx
2025-02-21,75-84,3465,2025,False,2025_weeklydeathsweek522025.xlsx
2025-02-28,75-84,3592,2025,False,2025_weeklydeathsweek522025.xlsx
2025-03-07,75-84,3458,2025,False,2025_weeklydeathsweek522025.xlsx
2025-03-14,75-84,3495,2025,False,2025_weeklydeathsweek522025.xlsx
2025-03-21,75-84,3425,2025,False,2025_weeklydeathsweek522025.xlsx
2025-03-28,75-84,3386,2025,False,2025_weeklydeathsweek522025.xlsx
2025-04-04,75-84,3414,2025,False,2025_weeklydeathsweek522025.xlsx
2025-04-11,75-84,3300,2025,False,2025_weeklydeathsweek522025.xlsx
2025-04-18,75-84,2755,2025,False,2025_weeklydeathsweek522025.xlsx
2025-04-25,75-84,2853,2025,False,2025_weeklydeathsweek522025.xlsx
2025-05-02,75-84,3778,2025,False,2025_weeklydeathsweek522025.xlsx
2025-05-09,75-84,2906,2025,False,2025_weeklydeathsweek522025.xlsx
2025-05-16,75-84,3469,2025,False,2025_weeklydeathsweek522025.xlsx
2025-05-23,75-84,3375,2025,False,2025_weeklydeathsweek522025.xlsx
2025-05-30,75-84,2575,2025,False,2025_weeklydeathsweek522025.xlsx
2025-06-06,75-84,3276,2025,False,2025_weeklydeathsweek522025.xlsx
2025-06-13,75-84,3339,2025,False,2025_weeklydeathsweek522025.xlsx
2025-06-20,75-84,3077,2025,False,2025_weeklydeathsweek522025.xlsx
2025-06-27,75-84,3009,2025,False,2025_weeklydeathsweek522025.xlsx
2025-07-04,75-84,3000,2025,False,2025_weeklydeathsweek522025.xlsx
2025-07-11,75-84,3096,2025,False,2025_weeklydeathsweek522025.xlsx
2025-07-18,75-84,3011,2025,False,2025_weeklydeathsweek522025.xlsx
2025-07-25,75-84,2962,2025,False,2025_weeklydeathsweek522025.xlsx
2025-08-01,75-84,2915,2025,False,2025_weeklydeathsweek522025.xlsx
2025-08-08,75-84,2924,2025,False,2025_weeklydeathsweek522025.xlsx
2025-08-15,75-84,2703,2025,False,2025_weeklydeathsweek522025.xlsx
2025-08-22,75-84,2996,2025,False,2025_weeklydeathsweek522025.xlsx
2025-08-29,75-84,2470,2025,False,2025_weeklydeathsweek522025.xlsx
2025-09-05,75-84,3083,2025,False,2025_weeklydeathsweek522025.xlsx
2025-09-12,75-84,2838,2025,False,2025_weeklydeathsweek522025.xlsx
2025-09-19,75-84,2925,2025,False,2025_weeklydeathsweek522025.xlsx
2025-09-26,75-84,3058,2025,False,2025_weeklydeathsweek522025.xlsx
2025-10-03,75-84,3049,2025,False,2025_weeklydeathsweek522025.xlsx
2025-10-10,75-84,3163,2025,False,2025_weeklydeathsweek522025.xlsx
2025-10-17,75-84,3179,2025,False,2025_weeklydeathsweek522025.xlsx
2025-10-24,75-84,3199,2025,False,2025_weeklydeathsweek522025.xlsx
2025-10-31,75-84,3244,2025,False,2025_weeklydeathsweek522025.xlsx
2025-11-07,75-84,3338,2025,False,2025_weeklydeathsweek522025.xlsx
2025-11-14,75-84,3316,2025,False,2025_weeklydeathsweek522025.xlsx
2025-11-21,75-84,3366,2025,False,2025_weeklydeathsweek522025.xlsx
2025-11-28,75-84,3332,2025,False,2025_weeklydeathsweek522025.xlsx
2025-12-05,75-84,3451,2025,False,2025_weeklydeathsweek522025.xlsx
2025-12-12,75-84,3448,2025,False,2025_weeklydeathsweek522025.xlsx
2025-12-19,75-84,3706,2025,False,2025_weeklydeathsweek522025.xlsx
2025-12-26,75-84,2316,2025,False,2025_weeklydeathsweek522025.xlsx
2026-01-02,75-84,2970,2026,False,2026_weeklydeathsweek192026.xlsx
2026-01-09,75-84,4241,2026,False,2026_weeklydeathsweek192026.xlsx
2026-01-16,75-84,4356,2026,False,2026_weeklydeathsweek192026.xlsx
2026-01-23,75-84,4154,2026,False,2026_weeklydeathsweek192026.xlsx
2026-01-30,75-84,3936,2026,False,2026_weeklydeathsweek192026.xlsx
2026-02-06,75-84,3760,2026,False,2026_weeklydeathsweek192026.xlsx
2026-02-13,75-84,3678,2026,False,2026_weeklydeathsweek192026.xlsx
2026-02-20,75-84,3472,2026,False,2026_weeklydeathsweek192026.xlsx
2026-02-27,75-84,3458,2026,False,2026_weeklydeathsweek192026.xlsx
2026-03-06,75-84,3440,2026,False,2026_weeklydeathsweek192026.xlsx
2026-03-13,75-84,3420,2026,False,2026_weeklydeathsweek192026.xlsx
2026-03-20,75-84,3343,2026,False,2026_weeklydeathsweek192026.xlsx
2026-03-27,75-84,3220,2026,False,2026_weeklydeathsweek192026.xlsx
2026-04-03,75-84,2787,2026,False,2026_weeklydeathsweek192026.xlsx
2026-04-10,75-84,2824,2026,False,2026_weeklydeathsweek192026.xlsx
2026-04-17,75-84,3648,2026,False,2026_weeklydeathsweek192026.xlsx
2026-04-24,75-84,3542,2026,False,2026_weeklydeathsweek192026.xlsx
2026-05-01,75-84,3504,2026,False,2026_weeklydeathsweek192026.xlsx
2026-05-08,75-84,2662,2026,False,2026_weeklydeathsweek192026.xlsx
2010-01-08,85+,5012,2010,False,2010_publishedweek2010.xls
2010-01-15,85+,4902,2010,False,2010_publishedweek2010.xls
2010-01-22,85+,4654,2010,False,2010_publishedweek2010.xls
2010-01-29,85+,4305,2010,False,2010_publishedweek2010.xls
2010-02-05,85+,4089,2010,False,2010_publishedweek2010.xls
2010-02-12,85+,3864,2010,False,2010_publishedweek2010.xls
2010-02-19,85+,3834,2010,False,2010_publishedweek2010.xls
2010-02-26,85+,3833,2010,False,2010_publishedweek2010.xls
2010-03-05,85+,3765,2010,False,2010_publishedweek2010.xls
2010-03-12,85+,3653,2010,False,2010_publishedweek2010.xls
2010-03-19,85+,3581,2010,False,2010_publishedweek2010.xls
2010-03-26,85+,3554,2010,False,2010_publishedweek2010.xls
2010-04-02,85+,2971,2010,False,2010_publishedweek2010.xls
2010-04-09,85+,3553,2010,False,2010_publishedweek2010.xls
2010-04-16,85+,3496,2010,False,2010_publishedweek2010.xls
2010-04-23,85+,3429,2010,False,2010_publishedweek2010.xls
2010-04-30,85+,3458,2010,False,2010_publishedweek2010.xls
2010-05-07,85+,2955,2010,False,2010_publishedweek2010.xls
2010-05-14,85+,3321,2010,False,2010_publishedweek2010.xls
2010-05-21,85+,3361,2010,False,2010_publishedweek2010.xls
2010-05-28,85+,3310,2010,False,2010_publishedweek2010.xls
2010-06-04,85+,2996,2010,False,2010_publishedweek2010.xls
2010-06-11,85+,3350,2010,False,2010_publishedweek2010.xls
2010-06-18,85+,2923,2010,False,2010_publishedweek2010.xls
2010-06-25,85+,2994,2010,False,2010_publishedweek2010.xls
2010-07-02,85+,3306,2010,False,2010_publishedweek2010.xls
2010-07-09,85+,2964,2010,False,2010_publishedweek2010.xls
2010-07-16,85+,2988,2010,False,2010_publishedweek2010.xls
2010-07-23,85+,2791,2010,False,2010_publishedweek2010.xls
2010-07-30,85+,2965,2010,False,2010_publishedweek2010.xls
2010-08-06,85+,2828,2010,False,2010_publishedweek2010.xls
2010-08-13,85+,2958,2010,False,2010_publishedweek2010.xls
2010-08-20,85+,3063,2010,False,2010_publishedweek2010.xls
2010-08-27,85+,3123,2010,False,2010_publishedweek2010.xls
2010-09-03,85+,2741,2010,False,2010_publishedweek2010.xls
2010-09-10,85+,3164,2010,False,2010_publishedweek2010.xls
2010-09-17,85+,3093,2010,False,2010_publishedweek2010.xls
2010-09-24,85+,3299,2010,False,2010_publishedweek2010.xls
2010-10-01,85+,3218,2010,False,2010_publishedweek2010.xls
2010-10-08,85+,3334,2010,False,2010_publishedweek2010.xls
2010-10-15,85+,3328,2010,False,2010_publishedweek2010.xls
2010-10-22,85+,3433,2010,False,2010_publishedweek2010.xls
2010-10-29,85+,3350,2010,False,2010_publishedweek2010.xls
2010-11-05,85+,3616,2010,False,2010_publishedweek2010.xls
2010-11-12,85+,3468,2010,False,2010_publishedweek2010.xls
2010-11-19,85+,3471,2010,False,2010_publishedweek2010.xls
2010-11-26,85+,3454,2010,False,2010_publishedweek2010.xls
2010-12-03,85+,3391,2010,False,2010_publishedweek2010.xls
2010-12-10,85+,4298,2010,False,2010_publishedweek2010.xls
2010-12-17,85+,4145,2010,False,2010_publishedweek2010.xls
2010-12-24,85+,4255,2010,False,2010_publishedweek2010.xls
2010-12-31,85+,3778,2010,False,2010_publishedweek2010.xls
2011-01-07,85+,4945,2011,False,2011_publishedweek2011.xls
2011-01-14,85+,5119,2011,False,2011_publishedweek2011.xls
2011-01-21,85+,4476,2011,False,2011_publishedweek2011.xls
2011-01-28,85+,4039,2011,False,2011_publishedweek2011.xls
2011-02-04,85+,3897,2011,False,2011_publishedweek2011.xls
2011-02-11,85+,3793,2011,False,2011_publishedweek2011.xls
2011-02-18,85+,3581,2011,False,2011_publishedweek2011.xls
2011-02-25,85+,3559,2011,False,2011_publishedweek2011.xls
2011-03-04,85+,3497,2011,False,2011_publishedweek2011.xls
2011-03-11,85+,3567,2011,False,2011_publishedweek2011.xls
2011-03-18,85+,3671,2011,False,2011_publishedweek2011.xls
2011-03-25,85+,3626,2011,False,2011_publishedweek2011.xls
2011-04-01,85+,3428,2011,False,2011_publishedweek2011.xls
2011-04-08,85+,3518,2011,False,2011_publishedweek2011.xls
2011-04-15,85+,3401,2011,False,2011_publishedweek2011.xls
2011-04-22,85+,3130,2011,False,2011_publishedweek2011.xls
2011-04-29,85+,3009,2011,False,2011_publishedweek2011.xls
2011-05-06,85+,3600,2011,False,2011_publishedweek2011.xls
2011-05-13,85+,3697,2011,False,2011_publishedweek2011.xls
2011-05-20,85+,3146,2011,False,2011_publishedweek2011.xls
2011-05-27,85+,3357,2011,False,2011_publishedweek2011.xls
2011-06-03,85+,2896,2011,False,2011_publishedweek2011.xls
2011-06-10,85+,3400,2011,False,2011_publishedweek2011.xls
2011-06-17,85+,3256,2011,False,2011_publishedweek2011.xls
2011-06-24,85+,3131,2011,False,2011_publishedweek2011.xls
2011-07-01,85+,3262,2011,False,2011_publishedweek2011.xls
2011-07-08,85+,3119,2011,False,2011_publishedweek2011.xls
2011-07-15,85+,3049,2011,False,2011_publishedweek2011.xls
2011-07-22,85+,3023,2011,False,2011_publishedweek2011.xls
2011-07-29,85+,3072,2011,False,2011_publishedweek2011.xls
2011-08-05,85+,3153,2011,False,2011_publishedweek2011.xls
2011-08-12,85+,3007,2011,False,2011_publishedweek2011.xls
2011-08-19,85+,3079,2011,False,2011_publishedweek2011.xls
2011-08-26,85+,3045,2011,False,2011_publishedweek2011.xls
2011-09-02,85+,2783,2011,False,2011_publishedweek2011.xls
2011-09-09,85+,3179,2011,False,2011_publishedweek2011.xls
2011-09-16,85+,3157,2011,False,2011_publishedweek2011.xls
2011-09-23,85+,3157,2011,False,2011_publishedweek2011.xls
2011-09-30,85+,3294,2011,False,2011_publishedweek2011.xls
2011-10-07,85+,3249,2011,False,2011_publishedweek2011.xls
2011-10-14,85+,3192,2011,False,2011_publishedweek2011.xls
2011-10-21,85+,3121,2011,False,2011_publishedweek2011.xls
2011-10-28,85+,3512,2011,False,2011_publishedweek2011.xls
2011-11-04,85+,3677,2011,False,2011_publishedweek2011.xls
2011-11-11,85+,3271,2011,False,2011_publishedweek2011.xls
2011-11-18,85+,3475,2011,False,2011_publishedweek2011.xls
2011-11-25,85+,3466,2011,False,2011_publishedweek2011.xls
2011-12-02,85+,3454,2011,False,2011_publishedweek2011.xls
2011-12-09,85+,3799,2011,False,2011_publishedweek2011.xls
2011-12-16,85+,3903,2011,False,2011_publishedweek2011.xls
2011-12-23,85+,4394,2011,False,2011_publishedweek2011.xls
2011-12-30,85+,3411,2011,False,2011_publishedweek2011.xls
2012-01-06,85+,4280,2012,False,2012_publishedweek2012.xls
2012-01-13,85+,4393,2012,False,2012_publishedweek2012.xls
2012-01-20,85+,4197,2012,False,2012_publishedweek2012.xls
2012-01-27,85+,4088,2012,False,2012_publishedweek2012.xls
2012-02-03,85+,4044,2012,False,2012_publishedweek2012.xls
2012-02-10,85+,4077,2012,False,2012_publishedweek2012.xls
2012-02-17,85+,4252,2012,False,2012_publishedweek2012.xls
2012-02-24,85+,4551,2012,False,2012_publishedweek2012.xls
2012-03-02,85+,4374,2012,False,2012_publishedweek2012.xls
2012-03-09,85+,4270,2012,False,2012_publishedweek2012.xls
2012-03-16,85+,3982,2012,False,2012_publishedweek2012.xls
2012-03-23,85+,3806,2012,False,2012_publishedweek2012.xls
2012-03-30,85+,3779,2012,False,2012_publishedweek2012.xls
2012-04-06,85+,3281,2012,False,2012_publishedweek2012.xls
2012-04-13,85+,3870,2012,False,2012_publishedweek2012.xls
2012-04-20,85+,4135,2012,False,2012_publishedweek2012.xls
2012-04-27,85+,4048,2012,False,2012_publishedweek2012.xls
2012-05-04,85+,3847,2012,False,2012_publishedweek2012.xls
2012-05-11,85+,3461,2012,False,2012_publishedweek2012.xls
2012-05-18,85+,3761,2012,False,2012_publishedweek2012.xls
2012-05-25,85+,3607,2012,False,2012_publishedweek2012.xls
2012-06-01,85+,3606,2012,False,2012_publishedweek2012.xls
2012-06-08,85+,2548,2012,False,2012_publishedweek2012.xls
2012-06-15,85+,3700,2012,False,2012_publishedweek2012.xls
2012-06-22,85+,3363,2012,False,2012_publishedweek2012.xls
2012-06-29,85+,3339,2012,False,2012_publishedweek2012.xls
2012-07-06,85+,3306,2012,False,2012_publishedweek2012.xls
2012-07-13,85+,3233,2012,False,2012_publishedweek2012.xls
2012-07-20,85+,3162,2012,False,2012_publishedweek2012.xls
2012-07-27,85+,3295,2012,False,2012_publishedweek2012.xls
2012-08-03,85+,3331,2012,False,2012_publishedweek2012.xls
2012-08-10,85+,3316,2012,False,2012_publishedweek2012.xls
2012-08-17,85+,3274,2012,False,2012_publishedweek2012.xls
2012-08-24,85+,3336,2012,False,2012_publishedweek2012.xls
2012-08-31,85+,2766,2012,False,2012_publishedweek2012.xls
2012-09-07,85+,3345,2012,False,2012_publishedweek2012.xls
2012-09-14,85+,3231,2012,False,2012_publishedweek2012.xls
2012-09-21,85+,3253,2012,False,2012_publishedweek2012.xls
2012-09-28,85+,3330,2012,False,2012_publishedweek2012.xls
2012-10-05,85+,3483,2012,False,2012_publishedweek2012.xls
2012-10-12,85+,3636,2012,False,2012_publishedweek2012.xls
2012-10-19,85+,3553,2012,False,2012_publishedweek2012.xls
2012-10-26,85+,3709,2012,False,2012_publishedweek2012.xls
2012-11-02,85+,3563,2012,False,2012_publishedweek2012.xls
2012-11-09,85+,3746,2012,False,2012_publishedweek2012.xls
2012-11-16,85+,3888,2012,False,2012_publishedweek2012.xls
2012-11-23,85+,3783,2012,False,2012_publishedweek2012.xls
2012-11-30,85+,3532,2012,False,2012_publishedweek2012.xls
2012-12-07,85+,3774,2012,False,2012_publishedweek2012.xls
2012-12-14,85+,4068,2012,False,2012_publishedweek2012.xls
2012-12-21,85+,4585,2012,False,2012_publishedweek2012.xls
2012-12-28,85+,3387,2012,False,2012_publishedweek2012.xls
2013-01-04,85+,4921,2013,False,2013_publishedweek2013.xls
2013-01-11,85+,5100,2013,False,2013_publishedweek2013.xls
2013-01-18,85+,4532,2013,False,2013_publishedweek2013.xls
2013-01-25,85+,4625,2013,False,2013_publishedweek2013.xls
2013-02-01,85+,4723,2013,False,2013_publishedweek2013.xls
2013-02-08,85+,4478,2013,False,2013_publishedweek2013.xls
2013-02-15,85+,4396,2013,False,2013_publishedweek2013.xls
2013-02-22,85+,4515,2013,False,2013_publishedweek2013.xls
2013-03-01,85+,4400,2013,False,2013_publishedweek2013.xls
2013-03-08,85+,4625,2013,False,2013_publishedweek2013.xls
2013-03-15,85+,4617,2013,False,2013_publishedweek2013.xls
2013-03-22,85+,4567,2013,False,2013_publishedweek2013.xls
2013-03-29,85+,3821,2013,False,2013_publishedweek2013.xls
2013-04-05,85+,4467,2013,False,2013_publishedweek2013.xls
2013-04-12,85+,4999,2013,False,2013_publishedweek2013.xls
2013-04-19,85+,4808,2013,False,2013_publishedweek2013.xls
2013-04-26,85+,4304,2013,False,2013_publishedweek2013.xls
2013-05-03,85+,3978,2013,False,2013_publishedweek2013.xls
2013-05-10,85+,3363,2013,False,2013_publishedweek2013.xls
2013-05-17,85+,3688,2013,False,2013_publishedweek2013.xls
2013-05-24,85+,3663,2013,False,2013_publishedweek2013.xls
2013-05-31,85+,3098,2013,False,2013_publishedweek2013.xls
2013-06-07,85+,3525,2013,False,2013_publishedweek2013.xls
2013-06-14,85+,3261,2013,False,2013_publishedweek2013.xls
2013-06-21,85+,3281,2013,False,2013_publishedweek2013.xls
2013-06-28,85+,3136,2013,False,2013_publishedweek2013.xls
2013-07-05,85+,3223,2013,False,2013_publishedweek2013.xls
2013-07-12,85+,3146,2013,False,2013_publishedweek2013.xls
2013-07-19,85+,3230,2013,False,2013_publishedweek2013.xls
2013-07-26,85+,3162,2013,False,2013_publishedweek2013.xls
2013-08-02,85+,3018,2013,False,2013_publishedweek2013.xls
2013-08-09,85+,2983,2013,False,2013_publishedweek2013.xls
2013-08-16,85+,2964,2013,False,2013_publishedweek2013.xls
2013-08-23,85+,3167,2013,False,2013_publishedweek2013.xls
2013-08-30,85+,2861,2013,False,2013_publishedweek2013.xls
2013-09-06,85+,3316,2013,False,2013_publishedweek2013.xls
2013-09-13,85+,3108,2013,False,2013_publishedweek2013.xls
2013-09-20,85+,3158,2013,False,2013_publishedweek2013.xls
2013-09-27,85+,3497,2013,False,2013_publishedweek2013.xls
2013-10-04,85+,3498,2013,False,2013_publishedweek2013.xls
2013-10-11,85+,3293,2013,False,2013_publishedweek2013.xls
2013-10-18,85+,3494,2013,False,2013_publishedweek2013.xls
2013-10-25,85+,3621,2013,False,2013_publishedweek2013.xls
2013-11-01,85+,3460,2013,False,2013_publishedweek2013.xls
2013-11-08,85+,3588,2013,False,2013_publishedweek2013.xls
2013-11-15,85+,3641,2013,False,2013_publishedweek2013.xls
2013-11-22,85+,3662,2013,False,2013_publishedweek2013.xls
2013-11-29,85+,3604,2013,False,2013_publishedweek2013.xls
2013-12-06,85+,3825,2013,False,2013_publishedweek2013.xls
2013-12-13,85+,3937,2013,False,2013_publishedweek2013.xls
2013-12-20,85+,3951,2013,False,2013_publishedweek2013.xls
2013-12-27,85+,2617,2013,False,2013_publishedweek2013.xls
2014-01-03,85+,4738,2014,False,2014_publishedweek2014.xls
2014-01-10,85+,4739,2014,False,2014_publishedweek2014.xls
2014-01-17,85+,4433,2014,False,2014_publishedweek2014.xls
2014-01-24,85+,4075,2014,False,2014_publishedweek2014.xls
2014-01-31,85+,4014,2014,False,2014_publishedweek2014.xls
2014-02-07,85+,4021,2014,False,2014_publishedweek2014.xls
2014-02-14,85+,3966,2014,False,2014_publishedweek2014.xls
2014-02-21,85+,4220,2014,False,2014_publishedweek2014.xls
2014-02-28,85+,4000,2014,False,2014_publishedweek2014.xls
2014-03-07,85+,3790,2014,False,2014_publishedweek2014.xls
2014-03-14,85+,3816,2014,False,2014_publishedweek2014.xls
2014-03-21,85+,3696,2014,False,2014_publishedweek2014.xls
2014-03-28,85+,3670,2014,False,2014_publishedweek2014.xls
2014-04-04,85+,3823,2014,False,2014_publishedweek2014.xls
2014-04-11,85+,3701,2014,False,2014_publishedweek2014.xls
2014-04-18,85+,3029,2014,False,2014_publishedweek2014.xls
2014-04-25,85+,3544,2014,False,2014_publishedweek2014.xls
2014-05-02,85+,4049,2014,False,2014_publishedweek2014.xls
2014-05-09,85+,3304,2014,False,2014_publishedweek2014.xls
2014-05-16,85+,3709,2014,False,2014_publishedweek2014.xls
2014-05-23,85+,3469,2014,False,2014_publishedweek2014.xls
2014-05-30,85+,3078,2014,False,2014_publishedweek2014.xls
2014-06-06,85+,3608,2014,False,2014_publishedweek2014.xls
2014-06-13,85+,3602,2014,False,2014_publishedweek2014.xls
2014-06-20,85+,3287,2014,False,2014_publishedweek2014.xls
2014-06-27,85+,3311,2014,False,2014_publishedweek2014.xls
2014-07-04,85+,3312,2014,False,2014_publishedweek2014.xls
2014-07-11,85+,3339,2014,False,2014_publishedweek2014.xls
2014-07-18,85+,3424,2014,False,2014_publishedweek2014.xls
2014-07-25,85+,3409,2014,False,2014_publishedweek2014.xls
2014-08-01,85+,3339,2014,False,2014_publishedweek2014.xls
2014-08-08,85+,3302,2014,False,2014_publishedweek2014.xls
2014-08-15,85+,3318,2014,False,2014_publishedweek2014.xls
2014-08-22,85+,3332,2014,False,2014_publishedweek2014.xls
2014-08-29,85+,3032,2014,False,2014_publishedweek2014.xls
2014-09-05,85+,3695,2014,False,2014_publishedweek2014.xls
2014-09-12,85+,3570,2014,False,2014_publishedweek2014.xls
2014-09-19,85+,3459,2014,False,2014_publishedweek2014.xls
2014-09-26,85+,3447,2014,False,2014_publishedweek2014.xls
2014-10-03,85+,3631,2014,False,2014_publishedweek2014.xls
2014-10-10,85+,3535,2014,False,2014_publishedweek2014.xls
2014-10-17,85+,3681,2014,False,2014_publishedweek2014.xls
2014-10-24,85+,3742,2014,False,2014_publishedweek2014.xls
2014-10-31,85+,3715,2014,False,2014_publishedweek2014.xls
2014-11-07,85+,3834,2014,False,2014_publishedweek2014.xls
2014-11-14,85+,3937,2014,False,2014_publishedweek2014.xls
2014-11-21,85+,3729,2014,False,2014_publishedweek2014.xls
2014-11-28,85+,3757,2014,False,2014_publishedweek2014.xls
2014-12-05,85+,4037,2014,False,2014_publishedweek2014.xls
2014-12-12,85+,4180,2014,False,2014_publishedweek2014.xls
2014-12-19,85+,4950,2014,False,2014_publishedweek2014.xls
2014-12-26,85+,3327,2014,False,2014_publishedweek2014.xls
2015-01-02,85+,5392,2015,False,2015_publishedweek2015.xls
2015-01-09,85+,7387,2015,False,2015_publishedweek2015.xls
2015-01-16,85+,6785,2015,False,2015_publishedweek2015.xls
2015-01-23,85+,6165,2015,False,2015_publishedweek2015.xls
2015-01-30,85+,5563,2015,False,2015_publishedweek2015.xls
2015-02-06,85+,5178,2015,False,2015_publishedweek2015.xls
2015-02-13,85+,4949,2015,False,2015_publishedweek2015.xls
2015-02-20,85+,4817,2015,False,2015_publishedweek2015.xls
2015-02-27,85+,4731,2015,False,2015_publishedweek2015.xls
2015-03-06,85+,4759,2015,False,2015_publishedweek2015.xls
2015-03-13,85+,4547,2015,False,2015_publishedweek2015.xls
2015-03-20,85+,4298,2015,False,2015_publishedweek2015.xls
2015-03-27,85+,4289,2015,False,2015_publishedweek2015.xls
2015-04-03,85+,3760,2015,False,2015_publishedweek2015.xls
2015-04-10,85+,4096,2015,False,2015_publishedweek2015.xls
2015-04-17,85+,4735,2015,False,2015_publishedweek2015.xls
2015-04-24,85+,4206,2015,False,2015_publishedweek2015.xls
2015-05-01,85+,4040,2015,False,2015_publishedweek2015.xls
2015-05-08,85+,3505,2015,False,2015_publishedweek2015.xls
2015-05-15,85+,3983,2015,False,2015_publishedweek2015.xls
2015-05-22,85+,3839,2015,False,2015_publishedweek2015.xls
2015-05-29,85+,3082,2015,False,2015_publishedweek2015.xls
2015-06-05,85+,3968,2015,False,2015_publishedweek2015.xls
2015-06-12,85+,3660,2015,False,2015_publishedweek2015.xls
2015-06-19,85+,3602,2015,False,2015_publishedweek2015.xls
2015-06-26,85+,3425,2015,False,2015_publishedweek2015.xls
2015-07-03,85+,3603,2015,False,2015_publishedweek2015.xls
2015-07-10,85+,3393,2015,False,2015_publishedweek2015.xls
2015-07-17,85+,3405,2015,False,2015_publishedweek2015.xls
2015-07-24,85+,3233,2015,False,2015_publishedweek2015.xls
2015-07-31,85+,3223,2015,False,2015_publishedweek2015.xls
2015-08-07,85+,3379,2015,False,2015_publishedweek2015.xls
2015-08-14,85+,3525,2015,False,2015_publishedweek2015.xls
2015-08-21,85+,3379,2015,False,2015_publishedweek2015.xls
2015-08-28,85+,3393,2015,False,2015_publishedweek2015.xls
2015-09-04,85+,2985,2015,False,2015_publishedweek2015.xls
2015-09-11,85+,3623,2015,False,2015_publishedweek2015.xls
2015-09-18,85+,3478,2015,False,2015_publishedweek2015.xls
2015-09-25,85+,3682,2015,False,2015_publishedweek2015.xls
2015-10-02,85+,3690,2015,False,2015_publishedweek2015.xls
2015-10-09,85+,3807,2015,False,2015_publishedweek2015.xls
2015-10-16,85+,3668,2015,False,2015_publishedweek2015.xls
2015-10-23,85+,3789,2015,False,2015_publishedweek2015.xls
2015-10-30,85+,3879,2015,False,2015_publishedweek2015.xls
2015-11-06,85+,3826,2015,False,2015_publishedweek2015.xls
2015-11-13,85+,3926,2015,False,2015_publishedweek2015.xls
2015-11-20,85+,3802,2015,False,2015_publishedweek2015.xls
2015-11-27,85+,3850,2015,False,2015_publishedweek2015.xls
2015-12-04,85+,4056,2015,False,2015_publishedweek2015.xls
2015-12-11,85+,4153,2015,False,2015_publishedweek2015.xls
2015-12-18,85+,4169,2015,False,2015_publishedweek2015.xls
2015-12-25,85+,3461,2015,False,2015_publishedweek2015.xls
2016-01-01,85+,2988,2015,False,2015_publishedweek2015.xls
2016-01-08,85+,5292,2016,False,2016_publishedweek522016.xls
2016-01-15,85+,4512,2016,False,2016_publishedweek522016.xls
2016-01-22,85+,4606,2016,False,2016_publishedweek522016.xls
2016-01-29,85+,4599,2016,False,2016_publishedweek522016.xls
2016-02-05,85+,4405,2016,False,2016_publishedweek522016.xls
2016-02-12,85+,4502,2016,False,2016_publishedweek522016.xls
2016-02-19,85+,4175,2016,False,2016_publishedweek522016.xls
2016-02-26,85+,4516,2016,False,2016_publishedweek522016.xls
2016-03-04,85+,4533,2016,False,2016_publishedweek522016.xls
2016-03-11,85+,4390,2016,False,2016_publishedweek522016.xls
2016-03-18,85+,4434,2016,False,2016_publishedweek522016.xls
2016-03-25,85+,3878,2016,False,2016_publishedweek522016.xls
2016-04-01,85+,4079,2016,False,2016_publishedweek522016.xls
2016-04-08,85+,4719,2016,False,2016_publishedweek522016.xls
2016-04-15,85+,4617,2016,False,2016_publishedweek522016.xls
2016-04-22,85+,4324,2016,False,2016_publishedweek522016.xls
2016-04-29,85+,4098,2016,False,2016_publishedweek522016.xls
2016-05-06,85+,3559,2016,False,2016_publishedweek522016.xls
2016-05-13,85+,4218,2016,False,2016_publishedweek522016.xls
2016-05-20,85+,3853,2016,False,2016_publishedweek522016.xls
2016-05-27,85+,3767,2016,False,2016_publishedweek522016.xls
2016-06-03,85+,2980,2016,False,2016_publishedweek522016.xls
2016-06-10,85+,3857,2016,False,2016_publishedweek522016.xls
2016-06-17,85+,3556,2016,False,2016_publishedweek522016.xls
2016-06-24,85+,3625,2016,False,2016_publishedweek522016.xls
2016-07-01,85+,3530,2016,False,2016_publishedweek522016.xls
2016-07-08,85+,3489,2016,False,2016_publishedweek522016.xls
2016-07-15,85+,3603,2016,False,2016_publishedweek522016.xls
2016-07-22,85+,3650,2016,False,2016_publishedweek522016.xls
2016-07-29,85+,3683,2016,False,2016_publishedweek522016.xls
2016-08-05,85+,3524,2016,False,2016_publishedweek522016.xls
2016-08-12,85+,3520,2016,False,2016_publishedweek522016.xls
2016-08-19,85+,3423,2016,False,2016_publishedweek522016.xls
2016-08-26,85+,3652,2016,False,2016_publishedweek522016.xls
2016-09-02,85+,3020,2016,False,2016_publishedweek522016.xls
2016-09-09,85+,3661,2016,False,2016_publishedweek522016.xls
2016-09-16,85+,3406,2016,False,2016_publishedweek522016.xls
2016-09-23,85+,3364,2016,False,2016_publishedweek522016.xls
2016-09-30,85+,3422,2016,False,2016_publishedweek522016.xls
2016-10-07,85+,3531,2016,False,2016_publishedweek522016.xls
2016-10-14,85+,3835,2016,False,2016_publishedweek522016.xls
2016-10-21,85+,3887,2016,False,2016_publishedweek522016.xls
2016-10-28,85+,3773,2016,False,2016_publishedweek522016.xls
2016-11-04,85+,4056,2016,False,2016_publishedweek522016.xls
2016-11-11,85+,4178,2016,False,2016_publishedweek522016.xls
2016-11-18,85+,4332,2016,False,2016_publishedweek522016.xls
2016-11-25,85+,4239,2016,False,2016_publishedweek522016.xls
2016-12-02,85+,4116,2016,False,2016_publishedweek522016.xls
2016-12-09,85+,4578,2016,False,2016_publishedweek522016.xls
2016-12-16,85+,4316,2016,False,2016_publishedweek522016.xls
2016-12-23,85+,4725,2016,False,2016_publishedweek522016.xls
2016-12-30,85+,3364,2016,False,2016_publishedweek522016.xls
2017-01-06,85+,5136,2017,False,2017_publishedweek522017.xls
2017-01-13,85+,5947,2017,False,2017_publishedweek522017.xls
2017-01-20,85+,6029,2017,False,2017_publishedweek522017.xls
2017-01-27,85+,5652,2017,False,2017_publishedweek522017.xls
2017-02-03,85+,5430,2017,False,2017_publishedweek522017.xls
2017-02-10,85+,5129,2017,False,2017_publishedweek522017.xls
2017-02-17,85+,4913,2017,False,2017_publishedweek522017.xls
2017-02-24,85+,5112,2017,False,2017_publishedweek522017.xls
2017-03-03,85+,4699,2017,False,2017_publishedweek522017.xls
2017-03-10,85+,4608,2017,False,2017_publishedweek522017.xls
2017-03-17,85+,4360,2017,False,2017_publishedweek522017.xls
2017-03-24,85+,4054,2017,False,2017_publishedweek522017.xls
2017-03-31,85+,3939,2017,False,2017_publishedweek522017.xls
2017-04-07,85+,3947,2017,False,2017_publishedweek522017.xls
2017-04-14,85+,3330,2017,False,2017_publishedweek522017.xls
2017-04-21,85+,3721,2017,False,2017_publishedweek522017.xls
2017-04-28,85+,4276,2017,False,2017_publishedweek522017.xls
2017-05-05,85+,3613,2017,False,2017_publishedweek522017.xls
2017-05-12,85+,4196,2017,False,2017_publishedweek522017.xls
2017-05-19,85+,3973,2017,False,2017_publishedweek522017.xls
2017-05-26,85+,3983,2017,False,2017_publishedweek522017.xls
2017-06-02,85+,3217,2017,False,2017_publishedweek522017.xls
2017-06-09,85+,3727,2017,False,2017_publishedweek522017.xls
2017-06-16,85+,3619,2017,False,2017_publishedweek522017.xls
2017-06-23,85+,3785,2017,False,2017_publishedweek522017.xls
2017-06-30,85+,3536,2017,False,2017_publishedweek522017.xls
2017-07-07,85+,3477,2017,False,2017_publishedweek522017.xls
2017-07-14,85+,3528,2017,False,2017_publishedweek522017.xls
2017-07-21,85+,3415,2017,False,2017_publishedweek522017.xls
2017-07-28,85+,3388,2017,False,2017_publishedweek522017.xls
2017-08-04,85+,3427,2017,False,2017_publishedweek522017.xls
2017-08-11,85+,3368,2017,False,2017_publishedweek522017.xls
2017-08-18,85+,3617,2017,False,2017_publishedweek522017.xls
2017-08-25,85+,3723,2017,False,2017_publishedweek522017.xls
2017-09-01,85+,3148,2017,False,2017_publishedweek522017.xls
2017-09-08,85+,3703,2017,False,2017_publishedweek522017.xls
2017-09-15,85+,3634,2017,False,2017_publishedweek522017.xls
2017-09-22,85+,3776,2017,False,2017_publishedweek522017.xls
2017-09-29,85+,3830,2017,False,2017_publishedweek522017.xls
2017-10-06,85+,3881,2017,False,2017_publishedweek522017.xls
2017-10-13,85+,3926,2017,False,2017_publishedweek522017.xls
2017-10-20,85+,3929,2017,False,2017_publishedweek522017.xls
2017-10-27,85+,3802,2017,False,2017_publishedweek522017.xls
2017-11-03,85+,3860,2017,False,2017_publishedweek522017.xls
2017-11-10,85+,4081,2017,False,2017_publishedweek522017.xls
2017-11-17,85+,4084,2017,False,2017_publishedweek522017.xls
2017-11-24,85+,4234,2017,False,2017_publishedweek522017.xls
2017-12-01,85+,4266,2017,False,2017_publishedweek522017.xls
2017-12-08,85+,4423,2017,False,2017_publishedweek522017.xls
2017-12-15,85+,4658,2017,False,2017_publishedweek522017.xls
2017-12-22,85+,5220,2017,False,2017_publishedweek522017.xls
2017-12-29,85+,3654,2017,False,2017_publishedweek522017.xls
2018-01-05,85+,5565,2018,False,2018_publishedweek522018withupdatedrespiratoryrow.xls
2018-01-12,85+,6621,2018,False,2018_publishedweek522018withupdatedrespiratoryrow.xls
2018-01-19,85+,6325,2018,False,2018_publishedweek522018withupdatedrespiratoryrow.xls
2018-01-26,85+,6122,2018,False,2018_publishedweek522018withupdatedrespiratoryrow.xls
2018-02-02,85+,5838,2018,False,2018_publishedweek522018withupdatedrespiratoryrow.xls
2018-02-09,85+,5374,2018,False,2018_publishedweek522018withupdatedrespiratoryrow.xls
2018-02-16,85+,5041,2018,False,2018_publishedweek522018withupdatedrespiratoryrow.xls
2018-02-23,85+,5137,2018,False,2018_publishedweek522018withupdatedrespiratoryrow.xls
2018-03-02,85+,4559,2018,False,2018_publishedweek522018withupdatedrespiratoryrow.xls
2018-03-09,85+,5564,2018,False,2018_publishedweek522018withupdatedrespiratoryrow.xls
2018-03-16,85+,5496,2018,False,2018_publishedweek522018withupdatedrespiratoryrow.xls
2018-03-23,85+,4966,2018,False,2018_publishedweek522018withupdatedrespiratoryrow.xls
2018-03-30,85+,4082,2018,False,2018_publishedweek522018withupdatedrespiratoryrow.xls
2018-04-06,85+,4460,2018,False,2018_publishedweek522018withupdatedrespiratoryrow.xls
2018-04-13,85+,5026,2018,False,2018_publishedweek522018withupdatedrespiratoryrow.xls
2018-04-20,85+,4472,2018,False,2018_publishedweek522018withupdatedrespiratoryrow.xls
2018-04-27,85+,4071,2018,False,2018_publishedweek522018withupdatedrespiratoryrow.xls
2018-05-04,85+,3778,2018,False,2018_publishedweek522018withupdatedrespiratoryrow.xls
2018-05-11,85+,3372,2018,False,2018_publishedweek522018withupdatedrespiratoryrow.xls
2018-05-18,85+,3884,2018,False,2018_publishedweek522018withupdatedrespiratoryrow.xls
2018-05-25,85+,3665,2018,False,2018_publishedweek522018withupdatedrespiratoryrow.xls
2018-06-01,85+,3074,2018,False,2018_publishedweek522018withupdatedrespiratoryrow.xls
2018-06-08,85+,3811,2018,False,2018_publishedweek522018withupdatedrespiratoryrow.xls
2018-06-15,85+,3504,2018,False,2018_publishedweek522018withupdatedrespiratoryrow.xls
2018-06-22,85+,3548,2018,False,2018_publishedweek522018withupdatedrespiratoryrow.xls
2018-06-29,85+,3497,2018,False,2018_publishedweek522018withupdatedrespiratoryrow.xls
2018-07-06,85+,3590,2018,False,2018_publishedweek522018withupdatedrespiratoryrow.xls
2018-07-13,85+,3547,2018,False,2018_publishedweek522018withupdatedrespiratoryrow.xls
2018-07-20,85+,3536,2018,False,2018_publishedweek522018withupdatedrespiratoryrow.xls
2018-07-27,85+,3391,2018,False,2018_publishedweek522018withupdatedrespiratoryrow.xls
2018-08-03,85+,3484,2018,False,2018_publishedweek522018withupdatedrespiratoryrow.xls
2018-08-10,85+,3568,2018,False,2018_publishedweek522018withupdatedrespiratoryrow.xls
2018-08-17,85+,3325,2018,False,2018_publishedweek522018withupdatedrespiratoryrow.xls
2018-08-24,85+,3418,2018,False,2018_publishedweek522018withupdatedrespiratoryrow.xls
2018-08-31,85+,2961,2018,False,2018_publishedweek522018withupdatedrespiratoryrow.xls
2018-09-07,85+,3602,2018,False,2018_publishedweek522018withupdatedrespiratoryrow.xls
2018-09-14,85+,3487,2018,False,2018_publishedweek522018withupdatedrespiratoryrow.xls
2018-09-21,85+,3531,2018,False,2018_publishedweek522018withupdatedrespiratoryrow.xls
2018-09-28,85+,3501,2018,False,2018_publishedweek522018withupdatedrespiratoryrow.xls
2018-10-05,85+,3636,2018,False,2018_publishedweek522018withupdatedrespiratoryrow.xls
2018-10-12,85+,3694,2018,False,2018_publishedweek522018withupdatedrespiratoryrow.xls
2018-10-19,85+,3870,2018,False,2018_publishedweek522018withupdatedrespiratoryrow.xls
2018-10-26,85+,3706,2018,False,2018_publishedweek522018withupdatedrespiratoryrow.xls
2018-11-02,85+,3750,2018,False,2018_publishedweek522018withupdatedrespiratoryrow.xls
2018-11-09,85+,4015,2018,False,2018_publishedweek522018withupdatedrespiratoryrow.xls
2018-11-16,85+,4052,2018,False,2018_publishedweek522018withupdatedrespiratoryrow.xls
2018-11-23,85+,3872,2018,False,2018_publishedweek522018withupdatedrespiratoryrow.xls
2018-11-30,85+,3905,2018,False,2018_publishedweek522018withupdatedrespiratoryrow.xls
2018-12-07,85+,4022,2018,False,2018_publishedweek522018withupdatedrespiratoryrow.xls
2018-12-14,85+,4150,2018,False,2018_publishedweek522018withupdatedrespiratoryrow.xls
2018-12-21,85+,4410,2018,False,2018_publishedweek522018withupdatedrespiratoryrow.xls
2018-12-28,85+,2922,2018,False,2018_publishedweek522018withupdatedrespiratoryrow.xls
2019-01-04,85+,4639,2019,False,2019_publishedweek522019.xls
2019-01-11,85+,5071,2019,False,2019_publishedweek522019.xls
2019-01-18,85+,4662,2019,False,2019_publishedweek522019.xls
2019-01-25,85+,4697,2019,False,2019_publishedweek522019.xls
2019-02-01,85+,4573,2019,False,2019_publishedweek522019.xls
2019-02-08,85+,4721,2019,False,2019_publishedweek522019.xls
2019-02-15,85+,4778,2019,False,2019_publishedweek522019.xls
2019-02-22,85+,4542,2019,False,2019_publishedweek522019.xls
2019-03-01,85+,4477,2019,False,2019_publishedweek522019.xls
2019-03-08,85+,4293,2019,False,2019_publishedweek522019.xls
2019-03-15,85+,4225,2019,False,2019_publishedweek522019.xls
2019-03-22,85+,4126,2019,False,2019_publishedweek522019.xls
2019-03-29,85+,3857,2019,False,2019_publishedweek522019.xls
2019-04-05,85+,3993,2019,False,2019_publishedweek522019.xls
2019-04-12,85+,4049,2019,False,2019_publishedweek522019.xls
2019-04-19,85+,3612,2019,False,2019_publishedweek522019.xls
2019-04-26,85+,3986,2019,False,2019_publishedweek522019.xls
2019-05-03,85+,4436,2019,False,2019_publishedweek522019.xls
2019-05-10,85+,3534,2019,False,2019_publishedweek522019.xls
2019-05-17,85+,4122,2019,False,2019_publishedweek522019.xls
2019-05-24,85+,3930,2019,False,2019_publishedweek522019.xls
2019-05-31,85+,3184,2019,False,2019_publishedweek522019.xls
2019-06-07,85+,3958,2019,False,2019_publishedweek522019.xls
2019-06-14,85+,3604,2019,False,2019_publishedweek522019.xls
2019-06-21,85+,3627,2019,False,2019_publishedweek522019.xls
2019-06-28,85+,3667,2019,False,2019_publishedweek522019.xls
2019-07-05,85+,3425,2019,False,2019_publishedweek522019.xls
2019-07-12,85+,3540,2019,False,2019_publishedweek522019.xls
2019-07-19,85+,3496,2019,False,2019_publishedweek522019.xls
2019-07-26,85+,3479,2019,False,2019_publishedweek522019.xls
2019-08-02,85+,3554,2019,False,2019_publishedweek522019.xls
2019-08-09,85+,3560,2019,False,2019_publishedweek522019.xls
2019-08-16,85+,3391,2019,False,2019_publishedweek522019.xls
2019-08-23,85+,3487,2019,False,2019_publishedweek522019.xls
2019-08-30,85+,3193,2019,False,2019_publishedweek522019.xls
2019-09-06,85+,3737,2019,False,2019_publishedweek522019.xls
2019-09-13,85+,3704,2019,False,2019_publishedweek522019.xls
2019-09-20,85+,3652,2019,False,2019_publishedweek522019.xls
2019-09-27,85+,3675,2019,False,2019_publishedweek522019.xls
2019-10-04,85+,3757,2019,False,2019_publishedweek522019.xls
2019-10-11,85+,4008,2019,False,2019_publishedweek522019.xls
2019-10-18,85+,4083,2019,False,2019_publishedweek522019.xls
2019-10-25,85+,4017,2019,False,2019_publishedweek522019.xls
2019-11-01,85+,4014,2019,False,2019_publishedweek522019.xls
2019-11-08,85+,4414,2019,False,2019_publishedweek522019.xls
2019-11-15,85+,4317,2019,False,2019_publishedweek522019.xls
2019-11-22,85+,4392,2019,False,2019_publishedweek522019.xls
2019-11-29,85+,4446,2019,False,2019_publishedweek522019.xls
2019-12-06,85+,4392,2019,False,2019_publishedweek522019.xls
2019-12-13,85+,4468,2019,False,2019_publishedweek522019.xls
2019-12-20,85+,4968,2019,False,2019_publishedweek522019.xls
2019-12-27,85+,3149,2019,False,2019_publishedweek522019.xls
2020-01-03,85+,5355,2020,False,2020_publishedweek532020.xlsx
2020-01-10,85+,5994,2020,False,2020_publishedweek532020.xlsx
2020-01-17,85+,5345,2020,False,2020_publishedweek532020.xlsx
2020-01-24,85+,4814,2020,False,2020_publishedweek532020.xlsx
2020-01-31,85+,4707,2020,False,2020_publishedweek532020.xlsx
2020-02-07,85+,4473,2020,False,2020_publishedweek532020.xlsx
2020-02-14,85+,4556,2020,False,2020_publishedweek532020.xlsx
2020-02-21,85+,4402,2020,False,2020_publishedweek532020.xlsx
2020-02-28,85+,4413,2020,False,2020_publishedweek532020.xlsx
2020-03-06,85+,4360,2020,False,2020_publishedweek532020.xlsx
2020-03-13,85+,4434,2020,False,2020_publishedweek532020.xlsx
2020-03-20,85+,4204,2020,False,2020_publishedweek532020.xlsx
2020-03-27,85+,4444,2020,False,2020_publishedweek532020.xlsx
2020-04-03,85+,6428,2020,False,2020_publishedweek532020.xlsx
2020-04-10,85+,7462,2020,False,2020_publishedweek532020.xlsx
2020-04-17,85+,9601,2020,False,2020_publishedweek532020.xlsx
2020-04-24,85+,9493,2020,False,2020_publishedweek532020.xlsx
2020-05-01,85+,7909,2020,False,2020_publishedweek532020.xlsx
2020-05-08,85+,5444,2020,False,2020_publishedweek532020.xlsx
2020-05-15,85+,6213,2020,False,2020_publishedweek532020.xlsx
2020-05-22,85+,5063,2020,False,2020_publishedweek532020.xlsx
2020-05-29,85+,3968,2020,False,2020_publishedweek532020.xlsx
2020-06-05,85+,4141,2020,False,2020_publishedweek532020.xlsx
2020-06-12,85+,3779,2020,False,2020_publishedweek532020.xlsx
2020-06-19,85+,3508,2020,False,2020_publishedweek532020.xlsx
2020-06-26,85+,3377,2020,False,2020_publishedweek532020.xlsx
2020-07-03,85+,3396,2020,False,2020_publishedweek532020.xlsx
2020-07-10,85+,3178,2020,False,2020_publishedweek532020.xlsx
2020-07-17,85+,3210,2020,False,2020_publishedweek532020.xlsx
2020-07-24,85+,3324,2020,False,2020_publishedweek532020.xlsx
2020-07-31,85+,3248,2020,False,2020_publishedweek532020.xlsx
2020-08-07,85+,3347,2020,False,2020_publishedweek532020.xlsx
2020-08-14,85+,3573,2020,False,2020_publishedweek532020.xlsx
2020-08-21,85+,3627,2020,False,2020_publishedweek532020.xlsx
2020-08-28,85+,3299,2020,False,2020_publishedweek532020.xlsx
2020-09-04,85+,2827,2020,False,2020_publishedweek532020.xlsx
2020-09-11,85+,3732,2020,False,2020_publishedweek532020.xlsx
2020-09-18,85+,3569,2020,False,2020_publishedweek532020.xlsx
2020-09-25,85+,3608,2020,False,2020_publishedweek532020.xlsx
2020-10-02,85+,3719,2020,False,2020_publishedweek532020.xlsx
2020-10-09,85+,3871,2020,False,2020_publishedweek532020.xlsx
2020-10-16,85+,4109,2020,False,2020_publishedweek532020.xlsx
2020-10-23,85+,4076,2020,False,2020_publishedweek532020.xlsx
2020-10-30,85+,4158,2020,False,2020_publishedweek532020.xlsx
2020-11-06,85+,4574,2020,False,2020_publishedweek532020.xlsx
2020-11-13,85+,4714,2020,False,2020_publishedweek532020.xlsx
2020-11-20,85+,4828,2020,False,2020_publishedweek532020.xlsx
2020-11-27,85+,4932,2020,False,2020_publishedweek532020.xlsx
2020-12-04,85+,4839,2020,False,2020_publishedweek532020.xlsx
2020-12-11,85+,4789,2020,False,2020_publishedweek532020.xlsx
2020-12-18,85+,5320,2020,False,2020_publishedweek532020.xlsx
2020-12-25,85+,4662,2020,False,2020_publishedweek532020.xlsx
2021-01-01,85+,4235,2020,False,2020_publishedweek532020.xlsx
2021-01-08,85+,7292,2021,False,2021_publishedweek522021.xlsx
2021-01-15,85+,7265,2021,False,2021_publishedweek522021.xlsx
2021-01-22,85+,7702,2021,False,2021_publishedweek522021.xlsx
2021-01-29,85+,7623,2021,False,2021_publishedweek522021.xlsx
2021-02-05,85+,7147,2021,False,2021_publishedweek522021.xlsx
2021-02-12,85+,6084,2021,False,2021_publishedweek522021.xlsx
2021-02-19,85+,5310,2021,False,2021_publishedweek522021.xlsx
2021-02-26,85+,4928,2021,False,2021_publishedweek522021.xlsx
2021-03-05,85+,4397,2021,False,2021_publishedweek522021.xlsx
2021-03-12,85+,4118,2021,False,2021_publishedweek522021.xlsx
2021-03-19,85+,3811,2021,False,2021_publishedweek522021.xlsx
2021-03-26,85+,3849,2021,False,2021_publishedweek522021.xlsx
2021-04-02,85+,3086,2021,False,2021_publishedweek522021.xlsx
2021-04-09,85+,3437,2021,False,2021_publishedweek522021.xlsx
2021-04-16,85+,3888,2021,False,2021_publishedweek522021.xlsx
2021-04-23,85+,3710,2021,False,2021_publishedweek522021.xlsx
2021-04-30,85+,3665,2021,False,2021_publishedweek522021.xlsx
2021-05-07,85+,2987,2021,False,2021_publishedweek522021.xlsx
2021-05-14,85+,3896,2021,False,2021_publishedweek522021.xlsx
2021-05-21,85+,3658,2021,False,2021_publishedweek522021.xlsx
2021-05-28,85+,3601,2021,False,2021_publishedweek522021.xlsx
2021-06-04,85+,2941,2021,False,2021_publishedweek522021.xlsx
2021-06-11,85+,3851,2021,False,2021_publishedweek522021.xlsx
2021-06-18,85+,3461,2021,False,2021_publishedweek522021.xlsx
2021-06-25,85+,3157,2021,False,2021_publishedweek522021.xlsx
2021-07-02,85+,3183,2021,False,2021_publishedweek522021.xlsx
2021-07-09,85+,3594,2021,False,2021_publishedweek522021.xlsx
2021-07-16,85+,3615,2021,False,2021_publishedweek522021.xlsx
2021-07-23,85+,3720,2021,False,2021_publishedweek522021.xlsx
2021-07-30,85+,3801,2021,False,2021_publishedweek522021.xlsx
2021-08-06,85+,3795,2021,False,2021_publishedweek522021.xlsx
2021-08-13,85+,3919,2021,False,2021_publishedweek522021.xlsx
2021-08-20,85+,3790,2021,False,2021_publishedweek522021.xlsx
2021-08-27,85+,3828,2021,False,2021_publishedweek522021.xlsx
2021-09-03,85+,3297,2021,False,2021_publishedweek522021.xlsx
2021-09-10,85+,4063,2021,False,2021_publishedweek522021.xlsx
2021-09-17,85+,4172,2021,False,2021_publishedweek522021.xlsx
2021-09-24,85+,3929,2021,False,2021_publishedweek522021.xlsx
2021-10-01,85+,3940,2021,False,2021_publishedweek522021.xlsx
2021-10-08,85+,3987,2021,False,2021_publishedweek522021.xlsx
2021-10-15,85+,4257,2021,False,2021_publishedweek522021.xlsx
2021-10-22,85+,4343,2021,False,2021_publishedweek522021.xlsx
2021-10-29,85+,4209,2021,False,2021_publishedweek522021.xlsx
2021-11-05,85+,4408,2021,False,2021_publishedweek522021.xlsx
2021-11-12,85+,4663,2021,False,2021_publishedweek522021.xlsx
2021-11-19,85+,4757,2021,False,2021_publishedweek522021.xlsx
2021-11-26,85+,4333,2021,False,2021_publishedweek522021.xlsx
2021-12-03,85+,4443,2021,False,2021_publishedweek522021.xlsx
2021-12-10,85+,4629,2021,False,2021_publishedweek522021.xlsx
2021-12-17,85+,4917,2021,False,2021_publishedweek522021.xlsx
2021-12-24,85+,5072,2021,False,2021_publishedweek522021.xlsx
2021-12-31,85+,3524,2021,False,2021_publishedweek522021.xlsx
2022-01-07,85+,4935,2022,False,2022_publicationfileweek522022.xlsx
2022-01-14,85+,5328,2022,False,2022_publicationfileweek522022.xlsx
2022-01-21,85+,5010,2022,False,2022_publicationfileweek522022.xlsx
2022-01-28,85+,4987,2022,False,2022_publicationfileweek522022.xlsx
2022-02-04,85+,4658,2022,False,2022_publicationfileweek522022.xlsx
2022-02-11,85+,4575,2022,False,2022_publicationfileweek522022.xlsx
2022-02-18,85+,4416,2022,False,2022_publicationfileweek522022.xlsx
2022-02-25,85+,4485,2022,False,2022_publicationfileweek522022.xlsx
2022-03-04,85+,4405,2022,False,2022_publicationfileweek522022.xlsx
2022-03-11,85+,4406,2022,False,2022_publicationfileweek522022.xlsx
2022-03-18,85+,4307,2022,False,2022_publicationfileweek522022.xlsx
2022-03-25,85+,4209,2022,False,2022_publicationfileweek522022.xlsx
2022-04-01,85+,3878,2022,False,2022_publicationfileweek522022.xlsx
2022-04-08,85+,4284,2022,False,2022_publicationfileweek522022.xlsx
2022-04-15,85+,3960,2022,False,2022_publicationfileweek522022.xlsx
2022-04-22,85+,4323,2022,False,2022_publicationfileweek522022.xlsx
2022-04-29,85+,5054,2022,False,2022_publicationfileweek522022.xlsx
2022-05-06,85+,3930,2022,False,2022_publicationfileweek522022.xlsx
2022-05-13,85+,4766,2022,False,2022_publicationfileweek522022.xlsx
2022-05-20,85+,4459,2022,False,2022_publicationfileweek522022.xlsx
2022-05-27,85+,4224,2022,False,2022_publicationfileweek522022.xlsx
2022-06-03,85+,2521,2022,False,2022_publicationfileweek522022.xlsx
2022-06-10,85+,4578,2022,False,2022_publicationfileweek522022.xlsx
2022-06-17,85+,4071,2022,False,2022_publicationfileweek522022.xlsx
2022-06-24,85+,4127,2022,False,2022_publicationfileweek522022.xlsx
2022-07-01,85+,3947,2022,False,2022_publicationfileweek522022.xlsx
2022-07-08,85+,3830,2022,False,2022_publicationfileweek522022.xlsx
2022-07-15,85+,4084,2022,False,2022_publicationfileweek522022.xlsx
2022-07-22,85+,4299,2022,False,2022_publicationfileweek522022.xlsx
2022-07-29,85+,4470,2022,False,2022_publicationfileweek522022.xlsx
2022-08-05,85+,4165,2022,False,2022_publicationfileweek522022.xlsx
2022-08-12,85+,3984,2022,False,2022_publicationfileweek522022.xlsx
2022-08-19,85+,4302,2022,False,2022_publicationfileweek522022.xlsx
2022-08-26,85+,4226,2022,False,2022_publicationfileweek522022.xlsx
2022-09-02,85+,3453,2022,False,2022_publicationfileweek522022.xlsx
2022-09-09,85+,4114,2022,False,2022_publicationfileweek522022.xlsx
2022-09-16,85+,4038,2022,False,2022_publicationfileweek522022.xlsx
2022-09-23,85+,3440,2022,False,2022_publicationfileweek522022.xlsx
2022-09-30,85+,4256,2022,False,2022_publicationfileweek522022.xlsx
2022-10-07,85+,4449,2022,False,2022_publicationfileweek522022.xlsx
2022-10-14,85+,4627,2022,False,2022_publicationfileweek522022.xlsx
2022-10-21,85+,4778,2022,False,2022_publicationfileweek522022.xlsx
2022-10-28,85+,4460,2022,False,2022_publicationfileweek522022.xlsx
2022-11-04,85+,4740,2022,False,2022_publicationfileweek522022.xlsx
2022-11-11,85+,4565,2022,False,2022_publicationfileweek522022.xlsx
2022-11-18,85+,4521,2022,False,2022_publicationfileweek522022.xlsx
2022-11-25,85+,4466,2022,False,2022_publicationfileweek522022.xlsx
2022-12-02,85+,4529,2022,False,2022_publicationfileweek522022.xlsx
2022-12-09,85+,4647,2022,False,2022_publicationfileweek522022.xlsx
2022-12-16,85+,4943,2022,False,2022_publicationfileweek522022.xlsx
2022-12-23,85+,6080,2022,False,2022_publicationfileweek522022.xlsx
2022-12-30,85+,4095,2022,False,2022_publicationfileweek522022.xlsx
2023-01-06,85+,6565,2023,False,2023_publicationfileweek522023rerun.xlsx
2023-01-13,85+,7436,2023,False,2023_publicationfileweek522023rerun.xlsx
2023-01-20,85+,6628,2023,False,2023_publicationfileweek522023rerun.xlsx
2023-01-27,85+,5768,2023,False,2023_publicationfileweek522023rerun.xlsx
2023-02-03,85+,5435,2023,False,2023_publicationfileweek522023rerun.xlsx
2023-02-10,85+,5154,2023,False,2023_publicationfileweek522023rerun.xlsx
2023-02-17,85+,4795,2023,False,2023_publicationfileweek522023rerun.xlsx
2023-02-24,85+,4726,2023,False,2023_publicationfileweek522023rerun.xlsx
2023-03-03,85+,4805,2023,False,2023_publicationfileweek522023rerun.xlsx
2023-03-10,85+,4614,2023,False,2023_publicationfileweek522023rerun.xlsx
2023-03-17,85+,4798,2023,False,2023_publicationfileweek522023rerun.xlsx
2023-03-24,85+,4851,2023,False,2023_publicationfileweek522023rerun.xlsx
2023-03-31,85+,4631,2023,False,2023_publicationfileweek522023rerun.xlsx
2023-04-07,85+,3966,2023,False,2023_publicationfileweek522023rerun.xlsx
2023-04-14,85+,3890,2023,False,2023_publicationfileweek522023rerun.xlsx
2023-04-21,85+,4923,2023,False,2023_publicationfileweek522023rerun.xlsx
2023-04-28,85+,4707,2023,False,2023_publicationfileweek522023rerun.xlsx
2023-05-05,85+,3990,2023,False,2023_publicationfileweek522023rerun.xlsx
2023-05-12,85+,4052,2023,False,2023_publicationfileweek522023rerun.xlsx
2023-05-19,85+,4501,2023,False,2023_publicationfileweek522023rerun.xlsx
2023-05-26,85+,4167,2023,False,2023_publicationfileweek522023rerun.xlsx
2023-06-02,85+,3290,2023,False,2023_publicationfileweek522023rerun.xlsx
2023-06-09,85+,4184,2023,False,2023_publicationfileweek522023rerun.xlsx
2023-06-16,85+,4079,2023,False,2023_publicationfileweek522023rerun.xlsx
2023-06-23,85+,3936,2023,False,2023_publicationfileweek522023rerun.xlsx
2023-06-30,85+,3829,2023,False,2023_publicationfileweek522023rerun.xlsx
2023-07-07,85+,3571,2023,False,2023_publicationfileweek522023rerun.xlsx
2023-07-14,85+,3692,2023,False,2023_publicationfileweek522023rerun.xlsx
2023-07-21,85+,3630,2023,False,2023_publicationfileweek522023rerun.xlsx
2023-07-28,85+,3617,2023,False,2023_publicationfileweek522023rerun.xlsx
2023-08-04,85+,3737,2023,False,2023_publicationfileweek522023rerun.xlsx
2023-08-11,85+,3747,2023,False,2023_publicationfileweek522023rerun.xlsx
2023-08-18,85+,3789,2023,False,2023_publicationfileweek522023rerun.xlsx
2023-08-25,85+,3830,2023,False,2023_publicationfileweek522023rerun.xlsx
2023-09-01,85+,3200,2023,False,2023_publicationfileweek522023rerun.xlsx
2023-09-08,85+,3893,2023,False,2023_publicationfileweek522023rerun.xlsx
2023-09-15,85+,4013,2023,False,2023_publicationfileweek522023rerun.xlsx
2023-09-22,85+,3907,2023,False,2023_publicationfileweek522023rerun.xlsx
2023-09-29,85+,3875,2023,False,2023_publicationfileweek522023rerun.xlsx
2023-10-06,85+,3913,2023,False,2023_publicationfileweek522023rerun.xlsx
2023-10-13,85+,4068,2023,False,2023_publicationfileweek522023rerun.xlsx
2023-10-20,85+,4012,2023,False,2023_publicationfileweek522023rerun.xlsx
2023-10-27,85+,4105,2023,False,2023_publicationfileweek522023rerun.xlsx
2023-11-03,85+,4390,2023,False,2023_publicationfileweek522023rerun.xlsx
2023-11-10,85+,4583,2023,False,2023_publicationfileweek522023rerun.xlsx
2023-11-17,85+,4450,2023,False,2023_publicationfileweek522023rerun.xlsx
2023-11-24,85+,4605,2023,False,2023_publicationfileweek522023rerun.xlsx
2023-12-01,85+,4454,2023,False,2023_publicationfileweek522023rerun.xlsx
2023-12-08,85+,4465,2023,False,2023_publicationfileweek522023rerun.xlsx
2023-12-15,85+,4861,2023,False,2023_publicationfileweek522023rerun.xlsx
2023-12-22,85+,5468,2023,False,2023_publicationfileweek522023rerun.xlsx
2023-12-29,85+,3052,2023,False,2023_publicationfileweek522023rerun.xlsx
2024-01-05,85+,4945,2024,False,2024_weeklydeathsweek522024.xlsx
2024-01-12,85+,5665,2024,False,2024_weeklydeathsweek522024.xlsx
2024-01-19,85+,5209,2024,False,2024_weeklydeathsweek522024.xlsx
2024-01-26,85+,5213,2024,False,2024_weeklydeathsweek522024.xlsx
2024-02-02,85+,5156,2024,False,2024_weeklydeathsweek522024.xlsx
2024-02-09,85+,5134,2024,False,2024_weeklydeathsweek522024.xlsx
2024-02-16,85+,4686,2024,False,2024_weeklydeathsweek522024.xlsx
2024-02-23,85+,4743,2024,False,2024_weeklydeathsweek522024.xlsx
2024-03-01,85+,4473,2024,False,2024_weeklydeathsweek522024.xlsx
2024-03-08,85+,4612,2024,False,2024_weeklydeathsweek522024.xlsx
2024-03-15,85+,4441,2024,False,2024_weeklydeathsweek522024.xlsx
2024-03-22,85+,4509,2024,False,2024_weeklydeathsweek522024.xlsx
2024-03-29,85+,3738,2024,False,2024_weeklydeathsweek522024.xlsx
2024-04-05,85+,3894,2024,False,2024_weeklydeathsweek522024.xlsx
2024-04-12,85+,4907,2024,False,2024_weeklydeathsweek522024.xlsx
2024-04-19,85+,4685,2024,False,2024_weeklydeathsweek522024.xlsx
2024-04-26,85+,4336,2024,False,2024_weeklydeathsweek522024.xlsx
2024-05-03,85+,4363,2024,False,2024_weeklydeathsweek522024.xlsx
2024-05-10,85+,3791,2024,False,2024_weeklydeathsweek522024.xlsx
2024-05-17,85+,4374,2024,False,2024_weeklydeathsweek522024.xlsx
2024-05-24,85+,4213,2024,False,2024_weeklydeathsweek522024.xlsx
2024-05-31,85+,3368,2024,False,2024_weeklydeathsweek522024.xlsx
2024-06-07,85+,4180,2024,False,2024_weeklydeathsweek522024.xlsx
2024-06-14,85+,3929,2024,False,2024_weeklydeathsweek522024.xlsx
2024-06-21,85+,4081,2024,False,2024_weeklydeathsweek522024.xlsx
2024-06-28,85+,4083,2024,False,2024_weeklydeathsweek522024.xlsx
2024-07-05,85+,4051,2024,False,2024_weeklydeathsweek522024.xlsx
2024-07-12,85+,4029,2024,False,2024_weeklydeathsweek522024.xlsx
2024-07-19,85+,3901,2024,False,2024_weeklydeathsweek522024.xlsx
2024-07-26,85+,3906,2024,False,2024_weeklydeathsweek522024.xlsx
2024-08-02,85+,3907,2024,False,2024_weeklydeathsweek522024.xlsx
2024-08-09,85+,3809,2024,False,2024_weeklydeathsweek522024.xlsx
2024-08-16,85+,3715,2024,False,2024_weeklydeathsweek522024.xlsx
2024-08-23,85+,3717,2024,False,2024_weeklydeathsweek522024.xlsx
2024-08-30,85+,3075,2024,False,2024_weeklydeathsweek522024.xlsx
2024-09-06,85+,3882,2024,False,2024_weeklydeathsweek522024.xlsx
2024-09-13,85+,3625,2024,False,2024_weeklydeathsweek522024.xlsx
2024-09-20,85+,3520,2024,False,2024_weeklydeathsweek522024.xlsx
2024-09-27,85+,3862,2024,False,2024_weeklydeathsweek522024.xlsx
2024-10-04,85+,4085,2024,False,2024_weeklydeathsweek522024.xlsx
2024-10-11,85+,4136,2024,False,2024_weeklydeathsweek522024.xlsx
2024-10-18,85+,4262,2024,False,2024_weeklydeathsweek522024.xlsx
2024-10-25,85+,4333,2024,False,2024_weeklydeathsweek522024.xlsx
2024-11-01,85+,4127,2024,False,2024_weeklydeathsweek522024.xlsx
2024-11-08,85+,4451,2024,False,2024_weeklydeathsweek522024.xlsx
2024-11-15,85+,4360,2024,False,2024_weeklydeathsweek522024.xlsx
2024-11-22,85+,4290,2024,False,2024_weeklydeathsweek522024.xlsx
2024-11-29,85+,4381,2024,False,2024_weeklydeathsweek522024.xlsx
2024-12-06,85+,4540,2024,False,2024_weeklydeathsweek522024.xlsx
2024-12-13,85+,4836,2024,False,2024_weeklydeathsweek522024.xlsx
2024-12-20,85+,5049,2024,False,2024_weeklydeathsweek522024.xlsx
2024-12-27,85+,2947,2024,False,2024_weeklydeathsweek522024.xlsx
2025-01-03,85+,1999,2025,False,2025_weeklydeathsweek522025.xlsx
2025-01-10,85+,2810,2025,False,2025_weeklydeathsweek522025.xlsx
2025-01-17,85+,2602,2025,False,2025_weeklydeathsweek522025.xlsx
2025-01-24,85+,2636,2025,False,2025_weeklydeathsweek522025.xlsx
2025-01-31,85+,2562,2025,False,2025_weeklydeathsweek522025.xlsx
2025-02-07,85+,2500,2025,False,2025_weeklydeathsweek522025.xlsx
2025-02-14,85+,2281,2025,False,2025_weeklydeathsweek522025.xlsx
2025-02-21,85+,2110,2025,False,2025_weeklydeathsweek522025.xlsx
2025-02-28,85+,2210,2025,False,2025_weeklydeathsweek522025.xlsx
2025-03-07,85+,2187,2025,False,2025_weeklydeathsweek522025.xlsx
2025-03-14,85+,2154,2025,False,2025_weeklydeathsweek522025.xlsx
2025-03-21,85+,2184,2025,False,2025_weeklydeathsweek522025.xlsx
2025-03-28,85+,2000,2025,False,2025_weeklydeathsweek522025.xlsx
2025-04-04,85+,2069,2025,False,2025_weeklydeathsweek522025.xlsx
2025-04-11,85+,1877,2025,False,2025_weeklydeathsweek522025.xlsx
2025-04-18,85+,1689,2025,False,2025_weeklydeathsweek522025.xlsx
2025-04-25,85+,1624,2025,False,2025_weeklydeathsweek522025.xlsx
2025-05-02,85+,2265,2025,False,2025_weeklydeathsweek522025.xlsx
2025-05-09,85+,1750,2025,False,2025_weeklydeathsweek522025.xlsx
2025-05-16,85+,2024,2025,False,2025_weeklydeathsweek522025.xlsx
2025-05-23,85+,1933,2025,False,2025_weeklydeathsweek522025.xlsx
2025-05-30,85+,1525,2025,False,2025_weeklydeathsweek522025.xlsx
2025-06-06,85+,1981,2025,False,2025_weeklydeathsweek522025.xlsx
2025-06-13,85+,1934,2025,False,2025_weeklydeathsweek522025.xlsx
2025-06-20,85+,1890,2025,False,2025_weeklydeathsweek522025.xlsx
2025-06-27,85+,1829,2025,False,2025_weeklydeathsweek522025.xlsx
2025-07-04,85+,1735,2025,False,2025_weeklydeathsweek522025.xlsx
2025-07-11,85+,1756,2025,False,2025_weeklydeathsweek522025.xlsx
2025-07-18,85+,1693,2025,False,2025_weeklydeathsweek522025.xlsx
2025-07-25,85+,1680,2025,False,2025_weeklydeathsweek522025.xlsx
2025-08-01,85+,1708,2025,False,2025_weeklydeathsweek522025.xlsx
2025-08-08,85+,1651,2025,False,2025_weeklydeathsweek522025.xlsx
2025-08-15,85+,1706,2025,False,2025_weeklydeathsweek522025.xlsx
2025-08-22,85+,1847,2025,False,2025_weeklydeathsweek522025.xlsx
2025-08-29,85+,1489,2025,False,2025_weeklydeathsweek522025.xlsx
2025-09-05,85+,1832,2025,False,2025_weeklydeathsweek522025.xlsx
2025-09-12,85+,1743,2025,False,2025_weeklydeathsweek522025.xlsx
2025-09-19,85+,1735,2025,False,2025_weeklydeathsweek522025.xlsx
2025-09-26,85+,1850,2025,False,2025_weeklydeathsweek522025.xlsx
2025-10-03,85+,1804,2025,False,2025_weeklydeathsweek522025.xlsx
2025-10-10,85+,1943,2025,False,2025_weeklydeathsweek522025.xlsx
2025-10-17,85+,1944,2025,False,2025_weeklydeathsweek522025.xlsx
2025-10-24,85+,1972,2025,False,2025_weeklydeathsweek522025.xlsx
2025-10-31,85+,1921,2025,False,2025_weeklydeathsweek522025.xlsx
2025-11-07,85+,2024,2025,False,2025_weeklydeathsweek522025.xlsx
2025-11-14,85+,2051,2025,False,2025_weeklydeathsweek522025.xlsx
2025-11-21,85+,2034,2025,False,2025_weeklydeathsweek522025.xlsx
2025-11-28,85+,2050,2025,False,2025_weeklydeathsweek522025.xlsx
2025-12-05,85+,2027,2025,False,2025_weeklydeathsweek522025.xlsx
2025-12-12,85+,2140,2025,False,2025_weeklydeathsweek522025.xlsx
2025-12-19,85+,2229,2025,False,2025_weeklydeathsweek522025.xlsx
2025-12-26,85+,1383,2025,False,2025_weeklydeathsweek522025.xlsx
2026-01-02,85+,1859,2026,False,2026_weeklydeathsweek192026.xlsx
2026-01-09,85+,2624,2026,False,2026_weeklydeathsweek192026.xlsx
2026-01-16,85+,2595,2026,False,2026_weeklydeathsweek192026.xlsx
2026-01-23,85+,2513,2026,False,2026_weeklydeathsweek192026.xlsx
2026-01-30,85+,2406,2026,False,2026_weeklydeathsweek192026.xlsx
2026-02-06,85+,2231,2026,False,2026_weeklydeathsweek192026.xlsx
2026-02-13,85+,2214,2026,False,2026_weeklydeathsweek192026.xlsx
2026-02-20,85+,2133,2026,False,2026_weeklydeathsweek192026.xlsx
2026-02-27,85+,2141,2026,False,2026_weeklydeathsweek192026.xlsx
2026-03-06,85+,1998,2026,False,2026_weeklydeathsweek192026.xlsx
2026-03-13,85+,2060,2026,False,2026_weeklydeathsweek192026.xlsx
2026-03-20,85+,1946,2026,False,2026_weeklydeathsweek192026.xlsx
2026-03-27,85+,1805,2026,False,2026_weeklydeathsweek192026.xlsx
2026-04-03,85+,1632,2026,False,2026_weeklydeathsweek192026.xlsx
2026-04-10,85+,1557,2026,False,2026_weeklydeathsweek192026.xlsx
2026-04-17,85+,2193,2026,False,2026_weeklydeathsweek192026.xlsx
2026-04-24,85+,2096,2026,False,2026_weeklydeathsweek192026.xlsx
2026-05-01,85+,2015,2026,False,2026_weeklydeathsweek192026.xlsx
2026-05-08,85+,1588,2026,False,2026_weeklydeathsweek192026.xlsx
2010-01-08,Under 1,61,2010,False,2010_publishedweek2010.xls
2010-01-15,Under 1,69,2010,False,2010_publishedweek2010.xls
2010-01-22,Under 1,66,2010,False,2010_publishedweek2010.xls
2010-01-29,Under 1,68,2010,False,2010_publishedweek2010.xls
2010-02-05,Under 1,72,2010,False,2010_publishedweek2010.xls
2010-02-12,Under 1,79,2010,False,2010_publishedweek2010.xls
2010-02-19,Under 1,71,2010,False,2010_publishedweek2010.xls
2010-02-26,Under 1,73,2010,False,2010_publishedweek2010.xls
2010-03-05,Under 1,55,2010,False,2010_publishedweek2010.xls
2010-03-12,Under 1,45,2010,False,2010_publishedweek2010.xls
2010-03-19,Under 1,53,2010,False,2010_publishedweek2010.xls
2010-03-26,Under 1,61,2010,False,2010_publishedweek2010.xls
2010-04-02,Under 1,50,2010,False,2010_publishedweek2010.xls
2010-04-09,Under 1,66,2010,False,2010_publishedweek2010.xls
2010-04-16,Under 1,63,2010,False,2010_publishedweek2010.xls
2010-04-23,Under 1,66,2010,False,2010_publishedweek2010.xls
2010-04-30,Under 1,59,2010,False,2010_publishedweek2010.xls
2010-05-07,Under 1,59,2010,False,2010_publishedweek2010.xls
2010-05-14,Under 1,70,2010,False,2010_publishedweek2010.xls
2010-05-21,Under 1,71,2010,False,2010_publishedweek2010.xls
2010-05-28,Under 1,78,2010,False,2010_publishedweek2010.xls
2010-06-04,Under 1,49,2010,False,2010_publishedweek2010.xls
2010-06-11,Under 1,46,2010,False,2010_publishedweek2010.xls
2010-06-18,Under 1,72,2010,False,2010_publishedweek2010.xls
2010-06-25,Under 1,57,2010,False,2010_publishedweek2010.xls
2010-07-02,Under 1,58,2010,False,2010_publishedweek2010.xls
2010-07-09,Under 1,61,2010,False,2010_publishedweek2010.xls
2010-07-16,Under 1,74,2010,False,2010_publishedweek2010.xls
2010-07-23,Under 1,55,2010,False,2010_publishedweek2010.xls
2010-07-30,Under 1,68,2010,False,2010_publishedweek2010.xls
2010-08-06,Under 1,61,2010,False,2010_publishedweek2010.xls
2010-08-13,Under 1,62,2010,False,2010_publishedweek2010.xls
2010-08-20,Under 1,46,2010,False,2010_publishedweek2010.xls
2010-08-27,Under 1,58,2010,False,2010_publishedweek2010.xls
2010-09-03,Under 1,52,2010,False,2010_publishedweek2010.xls
2010-09-10,Under 1,54,2010,False,2010_publishedweek2010.xls
2010-09-17,Under 1,68,2010,False,2010_publishedweek2010.xls
2010-09-24,Under 1,67,2010,False,2010_publishedweek2010.xls
2010-10-01,Under 1,68,2010,False,2010_publishedweek2010.xls
2010-10-08,Under 1,66,2010,False,2010_publishedweek2010.xls
2010-10-15,Under 1,70,2010,False,2010_publishedweek2010.xls
2010-10-22,Under 1,46,2010,False,2010_publishedweek2010.xls
2010-10-29,Under 1,55,2010,False,2010_publishedweek2010.xls
2010-11-05,Under 1,66,2010,False,2010_publishedweek2010.xls
2010-11-12,Under 1,58,2010,False,2010_publishedweek2010.xls
2010-11-19,Under 1,55,2010,False,2010_publishedweek2010.xls
2010-11-26,Under 1,57,2010,False,2010_publishedweek2010.xls
2010-12-03,Under 1,51,2010,False,2010_publishedweek2010.xls
2010-12-10,Under 1,59,2010,False,2010_publishedweek2010.xls
2010-12-17,Under 1,62,2010,False,2010_publishedweek2010.xls
2010-12-24,Under 1,64,2010,False,2010_publishedweek2010.xls
2010-12-31,Under 1,40,2010,False,2010_publishedweek2010.xls
2011-01-07,Under 1,54,2011,False,2011_publishedweek2011.xls
2011-01-14,Under 1,59,2011,False,2011_publishedweek2011.xls
2011-01-21,Under 1,56,2011,False,2011_publishedweek2011.xls
2011-01-28,Under 1,69,2011,False,2011_publishedweek2011.xls
2011-02-04,Under 1,44,2011,False,2011_publishedweek2011.xls
2011-02-11,Under 1,69,2011,False,2011_publishedweek2011.xls
2011-02-18,Under 1,64,2011,False,2011_publishedweek2011.xls
2011-02-25,Under 1,57,2011,False,2011_publishedweek2011.xls
2011-03-04,Under 1,60,2011,False,2011_publishedweek2011.xls
2011-03-11,Under 1,66,2011,False,2011_publishedweek2011.xls
2011-03-18,Under 1,63,2011,False,2011_publishedweek2011.xls
2011-03-25,Under 1,75,2011,False,2011_publishedweek2011.xls
2011-04-01,Under 1,55,2011,False,2011_publishedweek2011.xls
2011-04-08,Under 1,70,2011,False,2011_publishedweek2011.xls
2011-04-15,Under 1,76,2011,False,2011_publishedweek2011.xls
2011-04-22,Under 1,59,2011,False,2011_publishedweek2011.xls
2011-04-29,Under 1,46,2011,False,2011_publishedweek2011.xls
2011-05-06,Under 1,66,2011,False,2011_publishedweek2011.xls
2011-05-13,Under 1,85,2011,False,2011_publishedweek2011.xls
2011-05-20,Under 1,70,2011,False,2011_publishedweek2011.xls
2011-05-27,Under 1,62,2011,False,2011_publishedweek2011.xls
2011-06-03,Under 1,53,2011,False,2011_publishedweek2011.xls
2011-06-10,Under 1,60,2011,False,2011_publishedweek2011.xls
2011-06-17,Under 1,69,2011,False,2011_publishedweek2011.xls
2011-06-24,Under 1,59,2011,False,2011_publishedweek2011.xls
2011-07-01,Under 1,63,2011,False,2011_publishedweek2011.xls
2011-07-08,Under 1,64,2011,False,2011_publishedweek2011.xls
2011-07-15,Under 1,40,2011,False,2011_publishedweek2011.xls
2011-07-22,Under 1,66,2011,False,2011_publishedweek2011.xls
2011-07-29,Under 1,62,2011,False,2011_publishedweek2011.xls
2011-08-05,Under 1,52,2011,False,2011_publishedweek2011.xls
2011-08-12,Under 1,61,2011,False,2011_publishedweek2011.xls
2011-08-19,Under 1,65,2011,False,2011_publishedweek2011.xls
2011-08-26,Under 1,77,2011,False,2011_publishedweek2011.xls
2011-09-02,Under 1,53,2011,False,2011_publishedweek2011.xls
2011-09-09,Under 1,52,2011,False,2011_publishedweek2011.xls
2011-09-16,Under 1,53,2011,False,2011_publishedweek2011.xls
2011-09-23,Under 1,53,2011,False,2011_publishedweek2011.xls
2011-09-30,Under 1,54,2011,False,2011_publishedweek2011.xls
2011-10-07,Under 1,65,2011,False,2011_publishedweek2011.xls
2011-10-14,Under 1,69,2011,False,2011_publishedweek2011.xls
2011-10-21,Under 1,68,2011,False,2011_publishedweek2011.xls
2011-10-28,Under 1,55,2011,False,2011_publishedweek2011.xls
2011-11-04,Under 1,61,2011,False,2011_publishedweek2011.xls
2011-11-11,Under 1,56,2011,False,2011_publishedweek2011.xls
2011-11-18,Under 1,64,2011,False,2011_publishedweek2011.xls
2011-11-25,Under 1,61,2011,False,2011_publishedweek2011.xls
2011-12-02,Under 1,56,2011,False,2011_publishedweek2011.xls
2011-12-09,Under 1,52,2011,False,2011_publishedweek2011.xls
2011-12-16,Under 1,74,2011,False,2011_publishedweek2011.xls
2011-12-23,Under 1,79,2011,False,2011_publishedweek2011.xls
2011-12-30,Under 1,48,2011,False,2011_publishedweek2011.xls
2012-01-06,Under 1,48,2012,False,2012_publishedweek2012.xls
2012-01-13,Under 1,61,2012,False,2012_publishedweek2012.xls
2012-01-20,Under 1,48,2012,False,2012_publishedweek2012.xls
2012-01-27,Under 1,45,2012,False,2012_publishedweek2012.xls
2012-02-03,Under 1,52,2012,False,2012_publishedweek2012.xls
2012-02-10,Under 1,50,2012,False,2012_publishedweek2012.xls
2012-02-17,Under 1,53,2012,False,2012_publishedweek2012.xls
2012-02-24,Under 1,75,2012,False,2012_publishedweek2012.xls
2012-03-02,Under 1,55,2012,False,2012_publishedweek2012.xls
2012-03-09,Under 1,57,2012,False,2012_publishedweek2012.xls
2012-03-16,Under 1,58,2012,False,2012_publishedweek2012.xls
2012-03-23,Under 1,67,2012,False,2012_publishedweek2012.xls
2012-03-30,Under 1,61,2012,False,2012_publishedweek2012.xls
2012-04-06,Under 1,50,2012,False,2012_publishedweek2012.xls
2012-04-13,Under 1,65,2012,False,2012_publishedweek2012.xls
2012-04-20,Under 1,72,2012,False,2012_publishedweek2012.xls
2012-04-27,Under 1,60,2012,False,2012_publishedweek2012.xls
2012-05-04,Under 1,60,2012,False,2012_publishedweek2012.xls
2012-05-11,Under 1,54,2012,False,2012_publishedweek2012.xls
2012-05-18,Under 1,67,2012,False,2012_publishedweek2012.xls
2012-05-25,Under 1,58,2012,False,2012_publishedweek2012.xls
2012-06-01,Under 1,60,2012,False,2012_publishedweek2012.xls
2012-06-08,Under 1,42,2012,False,2012_publishedweek2012.xls
2012-06-15,Under 1,80,2012,False,2012_publishedweek2012.xls
2012-06-22,Under 1,53,2012,False,2012_publishedweek2012.xls
2012-06-29,Under 1,56,2012,False,2012_publishedweek2012.xls
2012-07-06,Under 1,64,2012,False,2012_publishedweek2012.xls
2012-07-13,Under 1,57,2012,False,2012_publishedweek2012.xls
2012-07-20,Under 1,47,2012,False,2012_publishedweek2012.xls
2012-07-27,Under 1,69,2012,False,2012_publishedweek2012.xls
2012-08-03,Under 1,56,2012,False,2012_publishedweek2012.xls
2012-08-10,Under 1,70,2012,False,2012_publishedweek2012.xls
2012-08-17,Under 1,54,2012,False,2012_publishedweek2012.xls
2012-08-24,Under 1,62,2012,False,2012_publishedweek2012.xls
2012-08-31,Under 1,62,2012,False,2012_publishedweek2012.xls
2012-09-07,Under 1,62,2012,False,2012_publishedweek2012.xls
2012-09-14,Under 1,63,2012,False,2012_publishedweek2012.xls
2012-09-21,Under 1,56,2012,False,2012_publishedweek2012.xls
2012-09-28,Under 1,59,2012,False,2012_publishedweek2012.xls
2012-10-05,Under 1,66,2012,False,2012_publishedweek2012.xls
2012-10-12,Under 1,52,2012,False,2012_publishedweek2012.xls
2012-10-19,Under 1,57,2012,False,2012_publishedweek2012.xls
2012-10-26,Under 1,49,2012,False,2012_publishedweek2012.xls
2012-11-02,Under 1,63,2012,False,2012_publishedweek2012.xls
2012-11-09,Under 1,66,2012,False,2012_publishedweek2012.xls
2012-11-16,Under 1,69,2012,False,2012_publishedweek2012.xls
2012-11-23,Under 1,70,2012,False,2012_publishedweek2012.xls
2012-11-30,Under 1,58,2012,False,2012_publishedweek2012.xls
2012-12-07,Under 1,71,2012,False,2012_publishedweek2012.xls
2012-12-14,Under 1,60,2012,False,2012_publishedweek2012.xls
2012-12-21,Under 1,56,2012,False,2012_publishedweek2012.xls
2012-12-28,Under 1,40,2012,False,2012_publishedweek2012.xls
2013-01-04,Under 1,34,2013,False,2013_publishedweek2013.xls
2013-01-11,Under 1,65,2013,False,2013_publishedweek2013.xls
2013-01-18,Under 1,54,2013,False,2013_publishedweek2013.xls
2013-01-25,Under 1,49,2013,False,2013_publishedweek2013.xls
2013-02-01,Under 1,51,2013,False,2013_publishedweek2013.xls
2013-02-08,Under 1,59,2013,False,2013_publishedweek2013.xls
2013-02-15,Under 1,55,2013,False,2013_publishedweek2013.xls
2013-02-22,Under 1,58,2013,False,2013_publishedweek2013.xls
2013-03-01,Under 1,52,2013,False,2013_publishedweek2013.xls
2013-03-08,Under 1,52,2013,False,2013_publishedweek2013.xls
2013-03-15,Under 1,55,2013,False,2013_publishedweek2013.xls
2013-03-22,Under 1,59,2013,False,2013_publishedweek2013.xls
2013-03-29,Under 1,41,2013,False,2013_publishedweek2013.xls
2013-04-05,Under 1,55,2013,False,2013_publishedweek2013.xls
2013-04-12,Under 1,47,2013,False,2013_publishedweek2013.xls
2013-04-19,Under 1,49,2013,False,2013_publishedweek2013.xls
2013-04-26,Under 1,48,2013,False,2013_publishedweek2013.xls
2013-05-03,Under 1,63,2013,False,2013_publishedweek2013.xls
2013-05-10,Under 1,56,2013,False,2013_publishedweek2013.xls
2013-05-17,Under 1,67,2013,False,2013_publishedweek2013.xls
2013-05-24,Under 1,52,2013,False,2013_publishedweek2013.xls
2013-05-31,Under 1,50,2013,False,2013_publishedweek2013.xls
2013-06-07,Under 1,42,2013,False,2013_publishedweek2013.xls
2013-06-14,Under 1,57,2013,False,2013_publishedweek2013.xls
2013-06-21,Under 1,57,2013,False,2013_publishedweek2013.xls
2013-06-28,Under 1,39,2013,False,2013_publishedweek2013.xls
2013-07-05,Under 1,52,2013,False,2013_publishedweek2013.xls
2013-07-12,Under 1,51,2013,False,2013_publishedweek2013.xls
2013-07-19,Under 1,50,2013,False,2013_publishedweek2013.xls
2013-07-26,Under 1,53,2013,False,2013_publishedweek2013.xls
2013-08-02,Under 1,59,2013,False,2013_publishedweek2013.xls
2013-08-09,Under 1,47,2013,False,2013_publishedweek2013.xls
2013-08-16,Under 1,52,2013,False,2013_publishedweek2013.xls
2013-08-23,Under 1,53,2013,False,2013_publishedweek2013.xls
2013-08-30,Under 1,40,2013,False,2013_publishedweek2013.xls
2013-09-06,Under 1,52,2013,False,2013_publishedweek2013.xls
2013-09-13,Under 1,61,2013,False,2013_publishedweek2013.xls
2013-09-20,Under 1,58,2013,False,2013_publishedweek2013.xls
2013-09-27,Under 1,54,2013,False,2013_publishedweek2013.xls
2013-10-04,Under 1,48,2013,False,2013_publishedweek2013.xls
2013-10-11,Under 1,58,2013,False,2013_publishedweek2013.xls
2013-10-18,Under 1,58,2013,False,2013_publishedweek2013.xls
2013-10-25,Under 1,51,2013,False,2013_publishedweek2013.xls
2013-11-01,Under 1,53,2013,False,2013_publishedweek2013.xls
2013-11-08,Under 1,65,2013,False,2013_publishedweek2013.xls
2013-11-15,Under 1,72,2013,False,2013_publishedweek2013.xls
2013-11-22,Under 1,54,2013,False,2013_publishedweek2013.xls
2013-11-29,Under 1,66,2013,False,2013_publishedweek2013.xls
2013-12-06,Under 1,51,2013,False,2013_publishedweek2013.xls
2013-12-13,Under 1,50,2013,False,2013_publishedweek2013.xls
2013-12-20,Under 1,69,2013,False,2013_publishedweek2013.xls
2013-12-27,Under 1,41,2013,False,2013_publishedweek2013.xls
2014-01-03,Under 1,36,2014,False,2014_publishedweek2014.xls
2014-01-10,Under 1,47,2014,False,2014_publishedweek2014.xls
2014-01-17,Under 1,67,2014,False,2014_publishedweek2014.xls
2014-01-24,Under 1,48,2014,False,2014_publishedweek2014.xls
2014-01-31,Under 1,54,2014,False,2014_publishedweek2014.xls
2014-02-07,Under 1,47,2014,False,2014_publishedweek2014.xls
2014-02-14,Under 1,58,2014,False,2014_publishedweek2014.xls
2014-02-21,Under 1,58,2014,False,2014_publishedweek2014.xls
2014-02-28,Under 1,70,2014,False,2014_publishedweek2014.xls
2014-03-07,Under 1,44,2014,False,2014_publishedweek2014.xls
2014-03-14,Under 1,52,2014,False,2014_publishedweek2014.xls
2014-03-21,Under 1,54,2014,False,2014_publishedweek2014.xls
2014-03-28,Under 1,76,2014,False,2014_publishedweek2014.xls
2014-04-04,Under 1,45,2014,False,2014_publishedweek2014.xls
2014-04-11,Under 1,59,2014,False,2014_publishedweek2014.xls
2014-04-18,Under 1,49,2014,False,2014_publishedweek2014.xls
2014-04-25,Under 1,55,2014,False,2014_publishedweek2014.xls
2014-05-02,Under 1,49,2014,False,2014_publishedweek2014.xls
2014-05-09,Under 1,40,2014,False,2014_publishedweek2014.xls
2014-05-16,Under 1,48,2014,False,2014_publishedweek2014.xls
2014-05-23,Under 1,65,2014,False,2014_publishedweek2014.xls
2014-05-30,Under 1,45,2014,False,2014_publishedweek2014.xls
2014-06-06,Under 1,56,2014,False,2014_publishedweek2014.xls
2014-06-13,Under 1,58,2014,False,2014_publishedweek2014.xls
2014-06-20,Under 1,52,2014,False,2014_publishedweek2014.xls
2014-06-27,Under 1,51,2014,False,2014_publishedweek2014.xls
2014-07-04,Under 1,38,2014,False,2014_publishedweek2014.xls
2014-07-11,Under 1,44,2014,False,2014_publishedweek2014.xls
2014-07-18,Under 1,42,2014,False,2014_publishedweek2014.xls
2014-07-25,Under 1,57,2014,False,2014_publishedweek2014.xls
2014-08-01,Under 1,52,2014,False,2014_publishedweek2014.xls
2014-08-08,Under 1,58,2014,False,2014_publishedweek2014.xls
2014-08-15,Under 1,57,2014,False,2014_publishedweek2014.xls
2014-08-22,Under 1,58,2014,False,2014_publishedweek2014.xls
2014-08-29,Under 1,40,2014,False,2014_publishedweek2014.xls
2014-09-05,Under 1,50,2014,False,2014_publishedweek2014.xls
2014-09-12,Under 1,57,2014,False,2014_publishedweek2014.xls
2014-09-19,Under 1,57,2014,False,2014_publishedweek2014.xls
2014-09-26,Under 1,56,2014,False,2014_publishedweek2014.xls
2014-10-03,Under 1,54,2014,False,2014_publishedweek2014.xls
2014-10-10,Under 1,66,2014,False,2014_publishedweek2014.xls
2014-10-17,Under 1,49,2014,False,2014_publishedweek2014.xls
2014-10-24,Under 1,56,2014,False,2014_publishedweek2014.xls
2014-10-31,Under 1,51,2014,False,2014_publishedweek2014.xls
2014-11-07,Under 1,47,2014,False,2014_publishedweek2014.xls
2014-11-14,Under 1,60,2014,False,2014_publishedweek2014.xls
2014-11-21,Under 1,49,2014,False,2014_publishedweek2014.xls
2014-11-28,Under 1,64,2014,False,2014_publishedweek2014.xls
2014-12-05,Under 1,62,2014,False,2014_publishedweek2014.xls
2014-12-12,Under 1,40,2014,False,2014_publishedweek2014.xls
2014-12-19,Under 1,50,2014,False,2014_publishedweek2014.xls
2014-12-26,Under 1,37,2014,False,2014_publishedweek2014.xls
2015-01-02,Under 1,56,2015,False,2015_publishedweek2015.xls
2015-01-09,Under 1,80,2015,False,2015_publishedweek2015.xls
2015-01-16,Under 1,46,2015,False,2015_publishedweek2015.xls
2015-01-23,Under 1,61,2015,False,2015_publishedweek2015.xls
2015-01-30,Under 1,66,2015,False,2015_publishedweek2015.xls
2015-02-06,Under 1,66,2015,False,2015_publishedweek2015.xls
2015-02-13,Under 1,66,2015,False,2015_publishedweek2015.xls
2015-02-20,Under 1,47,2015,False,2015_publishedweek2015.xls
2015-02-27,Under 1,48,2015,False,2015_publishedweek2015.xls
2015-03-06,Under 1,44,2015,False,2015_publishedweek2015.xls
2015-03-13,Under 1,38,2015,False,2015_publishedweek2015.xls
2015-03-20,Under 1,44,2015,False,2015_publishedweek2015.xls
2015-03-27,Under 1,45,2015,False,2015_publishedweek2015.xls
2015-04-03,Under 1,47,2015,False,2015_publishedweek2015.xls
2015-04-10,Under 1,57,2015,False,2015_publishedweek2015.xls
2015-04-17,Under 1,47,2015,False,2015_publishedweek2015.xls
2015-04-24,Under 1,56,2015,False,2015_publishedweek2015.xls
2015-05-01,Under 1,55,2015,False,2015_publishedweek2015.xls
2015-05-08,Under 1,35,2015,False,2015_publishedweek2015.xls
2015-05-15,Under 1,50,2015,False,2015_publishedweek2015.xls
2015-05-22,Under 1,57,2015,False,2015_publishedweek2015.xls
2015-05-29,Under 1,53,2015,False,2015_publishedweek2015.xls
2015-06-05,Under 1,48,2015,False,2015_publishedweek2015.xls
2015-06-12,Under 1,52,2015,False,2015_publishedweek2015.xls
2015-06-19,Under 1,54,2015,False,2015_publishedweek2015.xls
2015-06-26,Under 1,51,2015,False,2015_publishedweek2015.xls
2015-07-03,Under 1,49,2015,False,2015_publishedweek2015.xls
2015-07-10,Under 1,65,2015,False,2015_publishedweek2015.xls
2015-07-17,Under 1,58,2015,False,2015_publishedweek2015.xls
2015-07-24,Under 1,57,2015,False,2015_publishedweek2015.xls
2015-07-31,Under 1,51,2015,False,2015_publishedweek2015.xls
2015-08-07,Under 1,54,2015,False,2015_publishedweek2015.xls
2015-08-14,Under 1,51,2015,False,2015_publishedweek2015.xls
2015-08-21,Under 1,66,2015,False,2015_publishedweek2015.xls
2015-08-28,Under 1,54,2015,False,2015_publishedweek2015.xls
2015-09-04,Under 1,48,2015,False,2015_publishedweek2015.xls
2015-09-11,Under 1,54,2015,False,2015_publishedweek2015.xls
2015-09-18,Under 1,40,2015,False,2015_publishedweek2015.xls
2015-09-25,Under 1,56,2015,False,2015_publishedweek2015.xls
2015-10-02,Under 1,65,2015,False,2015_publishedweek2015.xls
2015-10-09,Under 1,43,2015,False,2015_publishedweek2015.xls
2015-10-16,Under 1,59,2015,False,2015_publishedweek2015.xls
2015-10-23,Under 1,60,2015,False,2015_publishedweek2015.xls
2015-10-30,Under 1,50,2015,False,2015_publishedweek2015.xls
2015-11-06,Under 1,48,2015,False,2015_publishedweek2015.xls
2015-11-13,Under 1,53,2015,False,2015_publishedweek2015.xls
2015-11-20,Under 1,56,2015,False,2015_publishedweek2015.xls
2015-11-27,Under 1,33,2015,False,2015_publishedweek2015.xls
2015-12-04,Under 1,59,2015,False,2015_publishedweek2015.xls
2015-12-11,Under 1,37,2015,False,2015_publishedweek2015.xls
2015-12-18,Under 1,66,2015,False,2015_publishedweek2015.xls
2015-12-25,Under 1,49,2015,False,2015_publishedweek2015.xls
2016-01-01,Under 1,39,2015,False,2015_publishedweek2015.xls
2016-01-08,Under 1,49,2016,False,2016_publishedweek522016.xls
2016-01-15,Under 1,64,2016,False,2016_publishedweek522016.xls
2016-01-22,Under 1,50,2016,False,2016_publishedweek522016.xls
2016-01-29,Under 1,47,2016,False,2016_publishedweek522016.xls
2016-02-05,Under 1,60,2016,False,2016_publishedweek522016.xls
2016-02-12,Under 1,60,2016,False,2016_publishedweek522016.xls
2016-02-19,Under 1,52,2016,False,2016_publishedweek522016.xls
2016-02-26,Under 1,58,2016,False,2016_publishedweek522016.xls
2016-03-04,Under 1,39,2016,False,2016_publishedweek522016.xls
2016-03-11,Under 1,54,2016,False,2016_publishedweek522016.xls
2016-03-18,Under 1,55,2016,False,2016_publishedweek522016.xls
2016-03-25,Under 1,55,2016,False,2016_publishedweek522016.xls
2016-04-01,Under 1,49,2016,False,2016_publishedweek522016.xls
2016-04-08,Under 1,53,2016,False,2016_publishedweek522016.xls
2016-04-15,Under 1,63,2016,False,2016_publishedweek522016.xls
2016-04-22,Under 1,65,2016,False,2016_publishedweek522016.xls
2016-04-29,Under 1,43,2016,False,2016_publishedweek522016.xls
2016-05-06,Under 1,55,2016,False,2016_publishedweek522016.xls
2016-05-13,Under 1,49,2016,False,2016_publishedweek522016.xls
2016-05-20,Under 1,61,2016,False,2016_publishedweek522016.xls
2016-05-27,Under 1,63,2016,False,2016_publishedweek522016.xls
2016-06-03,Under 1,35,2016,False,2016_publishedweek522016.xls
2016-06-10,Under 1,58,2016,False,2016_publishedweek522016.xls
2016-06-17,Under 1,49,2016,False,2016_publishedweek522016.xls
2016-06-24,Under 1,57,2016,False,2016_publishedweek522016.xls
2016-07-01,Under 1,46,2016,False,2016_publishedweek522016.xls
2016-07-08,Under 1,49,2016,False,2016_publishedweek522016.xls
2016-07-15,Under 1,54,2016,False,2016_publishedweek522016.xls
2016-07-22,Under 1,55,2016,False,2016_publishedweek522016.xls
2016-07-29,Under 1,39,2016,False,2016_publishedweek522016.xls
2016-08-05,Under 1,56,2016,False,2016_publishedweek522016.xls
2016-08-12,Under 1,57,2016,False,2016_publishedweek522016.xls
2016-08-19,Under 1,42,2016,False,2016_publishedweek522016.xls
2016-08-26,Under 1,48,2016,False,2016_publishedweek522016.xls
2016-09-02,Under 1,43,2016,False,2016_publishedweek522016.xls
2016-09-09,Under 1,48,2016,False,2016_publishedweek522016.xls
2016-09-16,Under 1,56,2016,False,2016_publishedweek522016.xls
2016-09-23,Under 1,58,2016,False,2016_publishedweek522016.xls
2016-09-30,Under 1,53,2016,False,2016_publishedweek522016.xls
2016-10-07,Under 1,57,2016,False,2016_publishedweek522016.xls
2016-10-14,Under 1,72,2016,False,2016_publishedweek522016.xls
2016-10-21,Under 1,50,2016,False,2016_publishedweek522016.xls
2016-10-28,Under 1,58,2016,False,2016_publishedweek522016.xls
2016-11-04,Under 1,52,2016,False,2016_publishedweek522016.xls
2016-11-11,Under 1,54,2016,False,2016_publishedweek522016.xls
2016-11-18,Under 1,57,2016,False,2016_publishedweek522016.xls
2016-11-25,Under 1,49,2016,False,2016_publishedweek522016.xls
2016-12-02,Under 1,58,2016,False,2016_publishedweek522016.xls
2016-12-09,Under 1,57,2016,False,2016_publishedweek522016.xls
2016-12-16,Under 1,72,2016,False,2016_publishedweek522016.xls
2016-12-23,Under 1,56,2016,False,2016_publishedweek522016.xls
2016-12-30,Under 1,41,2016,False,2016_publishedweek522016.xls
2017-01-06,Under 1,58,2017,False,2017_publishedweek522017.xls
2017-01-13,Under 1,56,2017,False,2017_publishedweek522017.xls
2017-01-20,Under 1,54,2017,False,2017_publishedweek522017.xls
2017-01-27,Under 1,52,2017,False,2017_publishedweek522017.xls
2017-02-03,Under 1,55,2017,False,2017_publishedweek522017.xls
2017-02-10,Under 1,57,2017,False,2017_publishedweek522017.xls
2017-02-17,Under 1,49,2017,False,2017_publishedweek522017.xls
2017-02-24,Under 1,47,2017,False,2017_publishedweek522017.xls
2017-03-03,Under 1,53,2017,False,2017_publishedweek522017.xls
2017-03-10,Under 1,54,2017,False,2017_publishedweek522017.xls
2017-03-17,Under 1,59,2017,False,2017_publishedweek522017.xls
2017-03-24,Under 1,55,2017,False,2017_publishedweek522017.xls
2017-03-31,Under 1,65,2017,False,2017_publishedweek522017.xls
2017-04-07,Under 1,59,2017,False,2017_publishedweek522017.xls
2017-04-14,Under 1,38,2017,False,2017_publishedweek522017.xls
2017-04-21,Under 1,68,2017,False,2017_publishedweek522017.xls
2017-04-28,Under 1,70,2017,False,2017_publishedweek522017.xls
2017-05-05,Under 1,44,2017,False,2017_publishedweek522017.xls
2017-05-12,Under 1,41,2017,False,2017_publishedweek522017.xls
2017-05-19,Under 1,38,2017,False,2017_publishedweek522017.xls
2017-05-26,Under 1,71,2017,False,2017_publishedweek522017.xls
2017-06-02,Under 1,49,2017,False,2017_publishedweek522017.xls
2017-06-09,Under 1,57,2017,False,2017_publishedweek522017.xls
2017-06-16,Under 1,60,2017,False,2017_publishedweek522017.xls
2017-06-23,Under 1,65,2017,False,2017_publishedweek522017.xls
2017-06-30,Under 1,54,2017,False,2017_publishedweek522017.xls
2017-07-07,Under 1,60,2017,False,2017_publishedweek522017.xls
2017-07-14,Under 1,56,2017,False,2017_publishedweek522017.xls
2017-07-21,Under 1,64,2017,False,2017_publishedweek522017.xls
2017-07-28,Under 1,37,2017,False,2017_publishedweek522017.xls
2017-08-04,Under 1,47,2017,False,2017_publishedweek522017.xls
2017-08-11,Under 1,55,2017,False,2017_publishedweek522017.xls
2017-08-18,Under 1,50,2017,False,2017_publishedweek522017.xls
2017-08-25,Under 1,51,2017,False,2017_publishedweek522017.xls
2017-09-01,Under 1,45,2017,False,2017_publishedweek522017.xls
2017-09-08,Under 1,53,2017,False,2017_publishedweek522017.xls
2017-09-15,Under 1,48,2017,False,2017_publishedweek522017.xls
2017-09-22,Under 1,49,2017,False,2017_publishedweek522017.xls
2017-09-29,Under 1,45,2017,False,2017_publishedweek522017.xls
2017-10-06,Under 1,66,2017,False,2017_publishedweek522017.xls
2017-10-13,Under 1,48,2017,False,2017_publishedweek522017.xls
2017-10-20,Under 1,62,2017,False,2017_publishedweek522017.xls
2017-10-27,Under 1,54,2017,False,2017_publishedweek522017.xls
2017-11-03,Under 1,40,2017,False,2017_publishedweek522017.xls
2017-11-10,Under 1,47,2017,False,2017_publishedweek522017.xls
2017-11-17,Under 1,48,2017,False,2017_publishedweek522017.xls
2017-11-24,Under 1,50,2017,False,2017_publishedweek522017.xls
2017-12-01,Under 1,56,2017,False,2017_publishedweek522017.xls
2017-12-08,Under 1,58,2017,False,2017_publishedweek522017.xls
2017-12-15,Under 1,39,2017,False,2017_publishedweek522017.xls
2017-12-22,Under 1,52,2017,False,2017_publishedweek522017.xls
2017-12-29,Under 1,23,2017,False,2017_publishedweek522017.xls
2018-01-05,Under 1,52,2018,False,2018_publishedweek522018withupdatedrespiratoryrow.xls
2018-01-12,Under 1,73,2018,False,2018_publishedweek522018withupdatedrespiratoryrow.xls
2018-01-19,Under 1,59,2018,False,2018_publishedweek522018withupdatedrespiratoryrow.xls
2018-01-26,Under 1,50,2018,False,2018_publishedweek522018withupdatedrespiratoryrow.xls
2018-02-02,Under 1,41,2018,False,2018_publishedweek522018withupdatedrespiratoryrow.xls
2018-02-09,Under 1,45,2018,False,2018_publishedweek522018withupdatedrespiratoryrow.xls
2018-02-16,Under 1,48,2018,False,2018_publishedweek522018withupdatedrespiratoryrow.xls
2018-02-23,Under 1,26,2018,False,2018_publishedweek522018withupdatedrespiratoryrow.xls
2018-03-02,Under 1,45,2018,False,2018_publishedweek522018withupdatedrespiratoryrow.xls
2018-03-09,Under 1,47,2018,False,2018_publishedweek522018withupdatedrespiratoryrow.xls
2018-03-16,Under 1,47,2018,False,2018_publishedweek522018withupdatedrespiratoryrow.xls
2018-03-23,Under 1,46,2018,False,2018_publishedweek522018withupdatedrespiratoryrow.xls
2018-03-30,Under 1,43,2018,False,2018_publishedweek522018withupdatedrespiratoryrow.xls
2018-04-06,Under 1,46,2018,False,2018_publishedweek522018withupdatedrespiratoryrow.xls
2018-04-13,Under 1,36,2018,False,2018_publishedweek522018withupdatedrespiratoryrow.xls
2018-04-20,Under 1,54,2018,False,2018_publishedweek522018withupdatedrespiratoryrow.xls
2018-04-27,Under 1,57,2018,False,2018_publishedweek522018withupdatedrespiratoryrow.xls
2018-05-04,Under 1,51,2018,False,2018_publishedweek522018withupdatedrespiratoryrow.xls
2018-05-11,Under 1,48,2018,False,2018_publishedweek522018withupdatedrespiratoryrow.xls
2018-05-18,Under 1,52,2018,False,2018_publishedweek522018withupdatedrespiratoryrow.xls
2018-05-25,Under 1,60,2018,False,2018_publishedweek522018withupdatedrespiratoryrow.xls
2018-06-01,Under 1,46,2018,False,2018_publishedweek522018withupdatedrespiratoryrow.xls
2018-06-08,Under 1,46,2018,False,2018_publishedweek522018withupdatedrespiratoryrow.xls
2018-06-15,Under 1,60,2018,False,2018_publishedweek522018withupdatedrespiratoryrow.xls
2018-06-22,Under 1,55,2018,False,2018_publishedweek522018withupdatedrespiratoryrow.xls
2018-06-29,Under 1,43,2018,False,2018_publishedweek522018withupdatedrespiratoryrow.xls
2018-07-06,Under 1,50,2018,False,2018_publishedweek522018withupdatedrespiratoryrow.xls
2018-07-13,Under 1,48,2018,False,2018_publishedweek522018withupdatedrespiratoryrow.xls
2018-07-20,Under 1,45,2018,False,2018_publishedweek522018withupdatedrespiratoryrow.xls
2018-07-27,Under 1,59,2018,False,2018_publishedweek522018withupdatedrespiratoryrow.xls
2018-08-03,Under 1,62,2018,False,2018_publishedweek522018withupdatedrespiratoryrow.xls
2018-08-10,Under 1,59,2018,False,2018_publishedweek522018withupdatedrespiratoryrow.xls
2018-08-17,Under 1,64,2018,False,2018_publishedweek522018withupdatedrespiratoryrow.xls
2018-08-24,Under 1,44,2018,False,2018_publishedweek522018withupdatedrespiratoryrow.xls
2018-08-31,Under 1,51,2018,False,2018_publishedweek522018withupdatedrespiratoryrow.xls
2018-09-07,Under 1,45,2018,False,2018_publishedweek522018withupdatedrespiratoryrow.xls
2018-09-14,Under 1,55,2018,False,2018_publishedweek522018withupdatedrespiratoryrow.xls
2018-09-21,Under 1,69,2018,False,2018_publishedweek522018withupdatedrespiratoryrow.xls
2018-09-28,Under 1,50,2018,False,2018_publishedweek522018withupdatedrespiratoryrow.xls
2018-10-05,Under 1,40,2018,False,2018_publishedweek522018withupdatedrespiratoryrow.xls
2018-10-12,Under 1,47,2018,False,2018_publishedweek522018withupdatedrespiratoryrow.xls
2018-10-19,Under 1,43,2018,False,2018_publishedweek522018withupdatedrespiratoryrow.xls
2018-10-26,Under 1,65,2018,False,2018_publishedweek522018withupdatedrespiratoryrow.xls
2018-11-02,Under 1,46,2018,False,2018_publishedweek522018withupdatedrespiratoryrow.xls
2018-11-09,Under 1,44,2018,False,2018_publishedweek522018withupdatedrespiratoryrow.xls
2018-11-16,Under 1,47,2018,False,2018_publishedweek522018withupdatedrespiratoryrow.xls
2018-11-23,Under 1,62,2018,False,2018_publishedweek522018withupdatedrespiratoryrow.xls
2018-11-30,Under 1,58,2018,False,2018_publishedweek522018withupdatedrespiratoryrow.xls
2018-12-07,Under 1,45,2018,False,2018_publishedweek522018withupdatedrespiratoryrow.xls
2018-12-14,Under 1,51,2018,False,2018_publishedweek522018withupdatedrespiratoryrow.xls
2018-12-21,Under 1,41,2018,False,2018_publishedweek522018withupdatedrespiratoryrow.xls
2018-12-28,Under 1,22,2018,False,2018_publishedweek522018withupdatedrespiratoryrow.xls
2019-01-04,Under 1,43,2019,False,2019_publishedweek522019.xls
2019-01-11,Under 1,50,2019,False,2019_publishedweek522019.xls
2019-01-18,Under 1,59,2019,False,2019_publishedweek522019.xls
2019-01-25,Under 1,42,2019,False,2019_publishedweek522019.xls
2019-02-01,Under 1,57,2019,False,2019_publishedweek522019.xls
2019-02-08,Under 1,54,2019,False,2019_publishedweek522019.xls
2019-02-15,Under 1,49,2019,False,2019_publishedweek522019.xls
2019-02-22,Under 1,59,2019,False,2019_publishedweek522019.xls
2019-03-01,Under 1,52,2019,False,2019_publishedweek522019.xls
2019-03-08,Under 1,45,2019,False,2019_publishedweek522019.xls
2019-03-15,Under 1,57,2019,False,2019_publishedweek522019.xls
2019-03-22,Under 1,49,2019,False,2019_publishedweek522019.xls
2019-03-29,Under 1,45,2019,False,2019_publishedweek522019.xls
2019-04-05,Under 1,41,2019,False,2019_publishedweek522019.xls
2019-04-12,Under 1,47,2019,False,2019_publishedweek522019.xls
2019-04-19,Under 1,48,2019,False,2019_publishedweek522019.xls
2019-04-26,Under 1,34,2019,False,2019_publishedweek522019.xls
2019-05-03,Under 1,46,2019,False,2019_publishedweek522019.xls
2019-05-10,Under 1,56,2019,False,2019_publishedweek522019.xls
2019-05-17,Under 1,44,2019,False,2019_publishedweek522019.xls
2019-05-24,Under 1,51,2019,False,2019_publishedweek522019.xls
2019-05-31,Under 1,45,2019,False,2019_publishedweek522019.xls
2019-06-07,Under 1,48,2019,False,2019_publishedweek522019.xls
2019-06-14,Under 1,46,2019,False,2019_publishedweek522019.xls
2019-06-21,Under 1,46,2019,False,2019_publishedweek522019.xls
2019-06-28,Under 1,39,2019,False,2019_publishedweek522019.xls
2019-07-05,Under 1,33,2019,False,2019_publishedweek522019.xls
2019-07-12,Under 1,44,2019,False,2019_publishedweek522019.xls
2019-07-19,Under 1,45,2019,False,2019_publishedweek522019.xls
2019-07-26,Under 1,57,2019,False,2019_publishedweek522019.xls
2019-08-02,Under 1,57,2019,False,2019_publishedweek522019.xls
2019-08-09,Under 1,57,2019,False,2019_publishedweek522019.xls
2019-08-16,Under 1,54,2019,False,2019_publishedweek522019.xls
2019-08-23,Under 1,47,2019,False,2019_publishedweek522019.xls
2019-08-30,Under 1,45,2019,False,2019_publishedweek522019.xls
2019-09-06,Under 1,54,2019,False,2019_publishedweek522019.xls
2019-09-13,Under 1,60,2019,False,2019_publishedweek522019.xls
2019-09-20,Under 1,45,2019,False,2019_publishedweek522019.xls
2019-09-27,Under 1,55,2019,False,2019_publishedweek522019.xls
2019-10-04,Under 1,68,2019,False,2019_publishedweek522019.xls
2019-10-11,Under 1,46,2019,False,2019_publishedweek522019.xls
2019-10-18,Under 1,54,2019,False,2019_publishedweek522019.xls
2019-10-25,Under 1,49,2019,False,2019_publishedweek522019.xls
2019-11-01,Under 1,45,2019,False,2019_publishedweek522019.xls
2019-11-08,Under 1,52,2019,False,2019_publishedweek522019.xls
2019-11-15,Under 1,46,2019,False,2019_publishedweek522019.xls
2019-11-22,Under 1,57,2019,False,2019_publishedweek522019.xls
2019-11-29,Under 1,56,2019,False,2019_publishedweek522019.xls
2019-12-06,Under 1,50,2019,False,2019_publishedweek522019.xls
2019-12-13,Under 1,52,2019,False,2019_publishedweek522019.xls
2019-12-20,Under 1,53,2019,False,2019_publishedweek522019.xls
2019-12-27,Under 1,34,2019,False,2019_publishedweek522019.xls
2020-01-03,Under 1,48,2020,False,2020_publishedweek532020.xlsx
2020-01-10,Under 1,50,2020,False,2020_publishedweek532020.xlsx
2020-01-17,Under 1,69,2020,False,2020_publishedweek532020.xlsx
2020-01-24,Under 1,53,2020,False,2020_publishedweek532020.xlsx
2020-01-31,Under 1,50,2020,False,2020_publishedweek532020.xlsx
2020-02-07,Under 1,30,2020,False,2020_publishedweek532020.xlsx
2020-02-14,Under 1,43,2020,False,2020_publishedweek532020.xlsx
2020-02-21,Under 1,51,2020,False,2020_publishedweek532020.xlsx
2020-02-28,Under 1,49,2020,False,2020_publishedweek532020.xlsx
2020-03-06,Under 1,56,2020,False,2020_publishedweek532020.xlsx
2020-03-13,Under 1,53,2020,False,2020_publishedweek532020.xlsx
2020-03-20,Under 1,44,2020,False,2020_publishedweek532020.xlsx
2020-03-27,Under 1,49,2020,False,2020_publishedweek532020.xlsx
2020-04-03,Under 1,51,2020,False,2020_publishedweek532020.xlsx
2020-04-10,Under 1,38,2020,False,2020_publishedweek532020.xlsx
2020-04-17,Under 1,51,2020,False,2020_publishedweek532020.xlsx
2020-04-24,Under 1,54,2020,False,2020_publishedweek532020.xlsx
2020-05-01,Under 1,48,2020,False,2020_publishedweek532020.xlsx
2020-05-08,Under 1,28,2020,False,2020_publishedweek532020.xlsx
2020-05-15,Under 1,56,2020,False,2020_publishedweek532020.xlsx
2020-05-22,Under 1,51,2020,False,2020_publishedweek532020.xlsx
2020-05-29,Under 1,40,2020,False,2020_publishedweek532020.xlsx
2020-06-05,Under 1,44,2020,False,2020_publishedweek532020.xlsx
2020-06-12,Under 1,44,2020,False,2020_publishedweek532020.xlsx
2020-06-19,Under 1,48,2020,False,2020_publishedweek532020.xlsx
2020-06-26,Under 1,47,2020,False,2020_publishedweek532020.xlsx
2020-07-03,Under 1,47,2020,False,2020_publishedweek532020.xlsx
2020-07-10,Under 1,58,2020,False,2020_publishedweek532020.xlsx
2020-07-17,Under 1,35,2020,False,2020_publishedweek532020.xlsx
2020-07-24,Under 1,49,2020,False,2020_publishedweek532020.xlsx
2020-07-31,Under 1,45,2020,False,2020_publishedweek532020.xlsx
2020-08-07,Under 1,44,2020,False,2020_publishedweek532020.xlsx
2020-08-14,Under 1,50,2020,False,2020_publishedweek532020.xlsx
2020-08-21,Under 1,49,2020,False,2020_publishedweek532020.xlsx
2020-08-28,Under 1,38,2020,False,2020_publishedweek532020.xlsx
2020-09-04,Under 1,29,2020,False,2020_publishedweek532020.xlsx
2020-09-11,Under 1,39,2020,False,2020_publishedweek532020.xlsx
2020-09-18,Under 1,36,2020,False,2020_publishedweek532020.xlsx
2020-09-25,Under 1,45,2020,False,2020_publishedweek532020.xlsx
2020-10-02,Under 1,47,2020,False,2020_publishedweek532020.xlsx
2020-10-09,Under 1,45,2020,False,2020_publishedweek532020.xlsx
2020-10-16,Under 1,41,2020,False,2020_publishedweek532020.xlsx
2020-10-23,Under 1,34,2020,False,2020_publishedweek532020.xlsx
2020-10-30,Under 1,31,2020,False,2020_publishedweek532020.xlsx
2020-11-06,Under 1,43,2020,False,2020_publishedweek532020.xlsx
2020-11-13,Under 1,45,2020,False,2020_publishedweek532020.xlsx
2020-11-20,Under 1,54,2020,False,2020_publishedweek532020.xlsx
2020-11-27,Under 1,44,2020,False,2020_publishedweek532020.xlsx
2020-12-04,Under 1,50,2020,False,2020_publishedweek532020.xlsx
2020-12-11,Under 1,45,2020,False,2020_publishedweek532020.xlsx
2020-12-18,Under 1,46,2020,False,2020_publishedweek532020.xlsx
2020-12-25,Under 1,33,2020,False,2020_publishedweek532020.xlsx
2021-01-01,Under 1,32,2020,False,2020_publishedweek532020.xlsx
2021-01-08,Under 1,52,2021,False,2021_publishedweek522021.xlsx
2021-01-15,Under 1,52,2021,False,2021_publishedweek522021.xlsx
2021-01-22,Under 1,48,2021,False,2021_publishedweek522021.xlsx
2021-01-29,Under 1,59,2021,False,2021_publishedweek522021.xlsx
2021-02-05,Under 1,40,2021,False,2021_publishedweek522021.xlsx
2021-02-12,Under 1,57,2021,False,2021_publishedweek522021.xlsx
2021-02-19,Under 1,36,2021,False,2021_publishedweek522021.xlsx
2021-02-26,Under 1,64,2021,False,2021_publishedweek522021.xlsx
2021-03-05,Under 1,52,2021,False,2021_publishedweek522021.xlsx
2021-03-12,Under 1,64,2021,False,2021_publishedweek522021.xlsx
2021-03-19,Under 1,47,2021,False,2021_publishedweek522021.xlsx
2021-03-26,Under 1,56,2021,False,2021_publishedweek522021.xlsx
2021-04-02,Under 1,38,2021,False,2021_publishedweek522021.xlsx
2021-04-09,Under 1,44,2021,False,2021_publishedweek522021.xlsx
2021-04-16,Under 1,42,2021,False,2021_publishedweek522021.xlsx
2021-04-23,Under 1,50,2021,False,2021_publishedweek522021.xlsx
2021-04-30,Under 1,35,2021,False,2021_publishedweek522021.xlsx
2021-05-07,Under 1,42,2021,False,2021_publishedweek522021.xlsx
2021-05-14,Under 1,55,2021,False,2021_publishedweek522021.xlsx
2021-05-21,Under 1,52,2021,False,2021_publishedweek522021.xlsx
2021-05-28,Under 1,48,2021,False,2021_publishedweek522021.xlsx
2021-06-04,Under 1,48,2021,False,2021_publishedweek522021.xlsx
2021-06-11,Under 1,64,2021,False,2021_publishedweek522021.xlsx
2021-06-18,Under 1,47,2021,False,2021_publishedweek522021.xlsx
2021-06-25,Under 1,39,2021,False,2021_publishedweek522021.xlsx
2021-07-02,Under 1,31,2021,False,2021_publishedweek522021.xlsx
2021-07-09,Under 1,50,2021,False,2021_publishedweek522021.xlsx
2021-07-16,Under 1,47,2021,False,2021_publishedweek522021.xlsx
2021-07-23,Under 1,51,2021,False,2021_publishedweek522021.xlsx
2021-07-30,Under 1,52,2021,False,2021_publishedweek522021.xlsx
2021-08-06,Under 1,43,2021,False,2021_publishedweek522021.xlsx
2021-08-13,Under 1,45,2021,False,2021_publishedweek522021.xlsx
2021-08-20,Under 1,43,2021,False,2021_publishedweek522021.xlsx
2021-08-27,Under 1,38,2021,False,2021_publishedweek522021.xlsx
2021-09-03,Under 1,35,2021,False,2021_publishedweek522021.xlsx
2021-09-10,Under 1,42,2021,False,2021_publishedweek522021.xlsx
2021-09-17,Under 1,50,2021,False,2021_publishedweek522021.xlsx
2021-09-24,Under 1,45,2021,False,2021_publishedweek522021.xlsx
2021-10-01,Under 1,43,2021,False,2021_publishedweek522021.xlsx
2021-10-08,Under 1,55,2021,False,2021_publishedweek522021.xlsx
2021-10-15,Under 1,40,2021,False,2021_publishedweek522021.xlsx
2021-10-22,Under 1,40,2021,False,2021_publishedweek522021.xlsx
2021-10-29,Under 1,50,2021,False,2021_publishedweek522021.xlsx
2021-11-05,Under 1,59,2021,False,2021_publishedweek522021.xlsx
2021-11-12,Under 1,71,2021,False,2021_publishedweek522021.xlsx
2021-11-19,Under 1,52,2021,False,2021_publishedweek522021.xlsx
2021-11-26,Under 1,51,2021,False,2021_publishedweek522021.xlsx
2021-12-03,Under 1,58,2021,False,2021_publishedweek522021.xlsx
2021-12-10,Under 1,58,2021,False,2021_publishedweek522021.xlsx
2021-12-17,Under 1,47,2021,False,2021_publishedweek522021.xlsx
2021-12-24,Under 1,51,2021,False,2021_publishedweek522021.xlsx
2021-12-31,Under 1,28,2021,False,2021_publishedweek522021.xlsx
2022-01-07,Under 1,49,2022,False,2022_publicationfileweek522022.xlsx
2022-01-14,Under 1,49,2022,False,2022_publicationfileweek522022.xlsx
2022-01-21,Under 1,42,2022,False,2022_publicationfileweek522022.xlsx
2022-01-28,Under 1,44,2022,False,2022_publicationfileweek522022.xlsx
2022-02-04,Under 1,41,2022,False,2022_publicationfileweek522022.xlsx
2022-02-11,Under 1,50,2022,False,2022_publicationfileweek522022.xlsx
2022-02-18,Under 1,51,2022,False,2022_publicationfileweek522022.xlsx
2022-02-25,Under 1,43,2022,False,2022_publicationfileweek522022.xlsx
2022-03-04,Under 1,52,2022,False,2022_publicationfileweek522022.xlsx
2022-03-11,Under 1,48,2022,False,2022_publicationfileweek522022.xlsx
2022-03-18,Under 1,47,2022,False,2022_publicationfileweek522022.xlsx
2022-03-25,Under 1,45,2022,False,2022_publicationfileweek522022.xlsx
2022-04-01,Under 1,35,2022,False,2022_publicationfileweek522022.xlsx
2022-04-08,Under 1,39,2022,False,2022_publicationfileweek522022.xlsx
2022-04-15,Under 1,27,2022,False,2022_publicationfileweek522022.xlsx
2022-04-22,Under 1,39,2022,False,2022_publicationfileweek522022.xlsx
2022-04-29,Under 1,43,2022,False,2022_publicationfileweek522022.xlsx
2022-05-06,Under 1,39,2022,False,2022_publicationfileweek522022.xlsx
2022-05-13,Under 1,47,2022,False,2022_publicationfileweek522022.xlsx
2022-05-20,Under 1,52,2022,False,2022_publicationfileweek522022.xlsx
2022-05-27,Under 1,55,2022,False,2022_publicationfileweek522022.xlsx
2022-06-03,Under 1,41,2022,False,2022_publicationfileweek522022.xlsx
2022-06-10,Under 1,47,2022,False,2022_publicationfileweek522022.xlsx
2022-06-17,Under 1,53,2022,False,2022_publicationfileweek522022.xlsx
2022-06-24,Under 1,46,2022,False,2022_publicationfileweek522022.xlsx
2022-07-01,Under 1,54,2022,False,2022_publicationfileweek522022.xlsx
2022-07-08,Under 1,45,2022,False,2022_publicationfileweek522022.xlsx
2022-07-15,Under 1,46,2022,False,2022_publicationfileweek522022.xlsx
2022-07-22,Under 1,54,2022,False,2022_publicationfileweek522022.xlsx
2022-07-29,Under 1,50,2022,False,2022_publicationfileweek522022.xlsx
2022-08-05,Under 1,39,2022,False,2022_publicationfileweek522022.xlsx
2022-08-12,Under 1,48,2022,False,2022_publicationfileweek522022.xlsx
2022-08-19,Under 1,48,2022,False,2022_publicationfileweek522022.xlsx
2022-08-26,Under 1,52,2022,False,2022_publicationfileweek522022.xlsx
2022-09-02,Under 1,30,2022,False,2022_publicationfileweek522022.xlsx
2022-09-09,Under 1,57,2022,False,2022_publicationfileweek522022.xlsx
2022-09-16,Under 1,47,2022,False,2022_publicationfileweek522022.xlsx
2022-09-23,Under 1,43,2022,False,2022_publicationfileweek522022.xlsx
2022-09-30,Under 1,41,2022,False,2022_publicationfileweek522022.xlsx
2022-10-07,Under 1,56,2022,False,2022_publicationfileweek522022.xlsx
2022-10-14,Under 1,43,2022,False,2022_publicationfileweek522022.xlsx
2022-10-21,Under 1,61,2022,False,2022_publicationfileweek522022.xlsx
2022-10-28,Under 1,49,2022,False,2022_publicationfileweek522022.xlsx
2022-11-04,Under 1,47,2022,False,2022_publicationfileweek522022.xlsx
2022-11-11,Under 1,50,2022,False,2022_publicationfileweek522022.xlsx
2022-11-18,Under 1,49,2022,False,2022_publicationfileweek522022.xlsx
2022-11-25,Under 1,57,2022,False,2022_publicationfileweek522022.xlsx
2022-12-02,Under 1,50,2022,False,2022_publicationfileweek522022.xlsx
2022-12-09,Under 1,41,2022,False,2022_publicationfileweek522022.xlsx
2022-12-16,Under 1,51,2022,False,2022_publicationfileweek522022.xlsx
2022-12-23,Under 1,53,2022,False,2022_publicationfileweek522022.xlsx
2022-12-30,Under 1,29,2022,False,2022_publicationfileweek522022.xlsx
2023-01-06,Under 1,44,2023,False,2023_publicationfileweek522023rerun.xlsx
2023-01-13,Under 1,55,2023,False,2023_publicationfileweek522023rerun.xlsx
2023-01-20,Under 1,50,2023,False,2023_publicationfileweek522023rerun.xlsx
2023-01-27,Under 1,56,2023,False,2023_publicationfileweek522023rerun.xlsx
2023-02-03,Under 1,59,2023,False,2023_publicationfileweek522023rerun.xlsx
2023-02-10,Under 1,45,2023,False,2023_publicationfileweek522023rerun.xlsx
2023-02-17,Under 1,60,2023,False,2023_publicationfileweek522023rerun.xlsx
2023-02-24,Under 1,55,2023,False,2023_publicationfileweek522023rerun.xlsx
2023-03-03,Under 1,51,2023,False,2023_publicationfileweek522023rerun.xlsx
2023-03-10,Under 1,41,2023,False,2023_publicationfileweek522023rerun.xlsx
2023-03-17,Under 1,47,2023,False,2023_publicationfileweek522023rerun.xlsx
2023-03-24,Under 1,41,2023,False,2023_publicationfileweek522023rerun.xlsx
2023-03-31,Under 1,45,2023,False,2023_publicationfileweek522023rerun.xlsx
2023-04-07,Under 1,45,2023,False,2023_publicationfileweek522023rerun.xlsx
2023-04-14,Under 1,42,2023,False,2023_publicationfileweek522023rerun.xlsx
2023-04-21,Under 1,58,2023,False,2023_publicationfileweek522023rerun.xlsx
2023-04-28,Under 1,52,2023,False,2023_publicationfileweek522023rerun.xlsx
2023-05-05,Under 1,44,2023,False,2023_publicationfileweek522023rerun.xlsx
2023-05-12,Under 1,34,2023,False,2023_publicationfileweek522023rerun.xlsx
2023-05-19,Under 1,62,2023,False,2023_publicationfileweek522023rerun.xlsx
2023-05-26,Under 1,50,2023,False,2023_publicationfileweek522023rerun.xlsx
2023-06-02,Under 1,46,2023,False,2023_publicationfileweek522023rerun.xlsx
2023-06-09,Under 1,50,2023,False,2023_publicationfileweek522023rerun.xlsx
2023-06-16,Under 1,56,2023,False,2023_publicationfileweek522023rerun.xlsx
2023-06-23,Under 1,50,2023,False,2023_publicationfileweek522023rerun.xlsx
2023-06-30,Under 1,43,2023,False,2023_publicationfileweek522023rerun.xlsx
2023-07-07,Under 1,38,2023,False,2023_publicationfileweek522023rerun.xlsx
2023-07-14,Under 1,46,2023,False,2023_publicationfileweek522023rerun.xlsx
2023-07-21,Under 1,42,2023,False,2023_publicationfileweek522023rerun.xlsx
2023-07-28,Under 1,57,2023,False,2023_publicationfileweek522023rerun.xlsx
2023-08-04,Under 1,46,2023,False,2023_publicationfileweek522023rerun.xlsx
2023-08-11,Under 1,45,2023,False,2023_publicationfileweek522023rerun.xlsx
2023-08-18,Under 1,43,2023,False,2023_publicationfileweek522023rerun.xlsx
2023-08-25,Under 1,47,2023,False,2023_publicationfileweek522023rerun.xlsx
2023-09-01,Under 1,38,2023,False,2023_publicationfileweek522023rerun.xlsx
2023-09-08,Under 1,50,2023,False,2023_publicationfileweek522023rerun.xlsx
2023-09-15,Under 1,48,2023,False,2023_publicationfileweek522023rerun.xlsx
2023-09-22,Under 1,55,2023,False,2023_publicationfileweek522023rerun.xlsx
2023-09-29,Under 1,53,2023,False,2023_publicationfileweek522023rerun.xlsx
2023-10-06,Under 1,53,2023,False,2023_publicationfileweek522023rerun.xlsx
2023-10-13,Under 1,50,2023,False,2023_publicationfileweek522023rerun.xlsx
2023-10-20,Under 1,55,2023,False,2023_publicationfileweek522023rerun.xlsx
2023-10-27,Under 1,49,2023,False,2023_publicationfileweek522023rerun.xlsx
2023-11-03,Under 1,43,2023,False,2023_publicationfileweek522023rerun.xlsx
2023-11-10,Under 1,54,2023,False,2023_publicationfileweek522023rerun.xlsx
2023-11-17,Under 1,55,2023,False,2023_publicationfileweek522023rerun.xlsx
2023-11-24,Under 1,48,2023,False,2023_publicationfileweek522023rerun.xlsx
2023-12-01,Under 1,44,2023,False,2023_publicationfileweek522023rerun.xlsx
2023-12-08,Under 1,59,2023,False,2023_publicationfileweek522023rerun.xlsx
2023-12-15,Under 1,46,2023,False,2023_publicationfileweek522023rerun.xlsx
2023-12-22,Under 1,50,2023,False,2023_publicationfileweek522023rerun.xlsx
2023-12-29,Under 1,29,2023,False,2023_publicationfileweek522023rerun.xlsx
2024-01-05,Under 1,39,2024,False,2024_weeklydeathsweek522024.xlsx
2024-01-12,Under 1,53,2024,False,2024_weeklydeathsweek522024.xlsx
2024-01-19,Under 1,47,2024,False,2024_weeklydeathsweek522024.xlsx
2024-01-26,Under 1,46,2024,False,2024_weeklydeathsweek522024.xlsx
2024-02-02,Under 1,57,2024,False,2024_weeklydeathsweek522024.xlsx
2024-02-09,Under 1,53,2024,False,2024_weeklydeathsweek522024.xlsx
2024-02-16,Under 1,68,2024,False,2024_weeklydeathsweek522024.xlsx
2024-02-23,Under 1,53,2024,False,2024_weeklydeathsweek522024.xlsx
2024-03-01,Under 1,73,2024,False,2024_weeklydeathsweek522024.xlsx
2024-03-08,Under 1,45,2024,False,2024_weeklydeathsweek522024.xlsx
2024-03-15,Under 1,48,2024,False,2024_weeklydeathsweek522024.xlsx
2024-03-22,Under 1,52,2024,False,2024_weeklydeathsweek522024.xlsx
2024-03-29,Under 1,55,2024,False,2024_weeklydeathsweek522024.xlsx
2024-04-05,Under 1,39,2024,False,2024_weeklydeathsweek522024.xlsx
2024-04-12,Under 1,51,2024,False,2024_weeklydeathsweek522024.xlsx
2024-04-19,Under 1,47,2024,False,2024_weeklydeathsweek522024.xlsx
2024-04-26,Under 1,47,2024,False,2024_weeklydeathsweek522024.xlsx
2024-05-03,Under 1,47,2024,False,2024_weeklydeathsweek522024.xlsx
2024-05-10,Under 1,37,2024,False,2024_weeklydeathsweek522024.xlsx
2024-05-17,Under 1,62,2024,False,2024_weeklydeathsweek522024.xlsx
2024-05-24,Under 1,47,2024,False,2024_weeklydeathsweek522024.xlsx
2024-05-31,Under 1,37,2024,False,2024_weeklydeathsweek522024.xlsx
2024-06-07,Under 1,41,2024,False,2024_weeklydeathsweek522024.xlsx
2024-06-14,Under 1,39,2024,False,2024_weeklydeathsweek522024.xlsx
2024-06-21,Under 1,63,2024,False,2024_weeklydeathsweek522024.xlsx
2024-06-28,Under 1,43,2024,False,2024_weeklydeathsweek522024.xlsx
2024-07-05,Under 1,58,2024,False,2024_weeklydeathsweek522024.xlsx
2024-07-12,Under 1,44,2024,False,2024_weeklydeathsweek522024.xlsx
2024-07-19,Under 1,50,2024,False,2024_weeklydeathsweek522024.xlsx
2024-07-26,Under 1,50,2024,False,2024_weeklydeathsweek522024.xlsx
2024-08-02,Under 1,39,2024,False,2024_weeklydeathsweek522024.xlsx
2024-08-09,Under 1,47,2024,False,2024_weeklydeathsweek522024.xlsx
2024-08-16,Under 1,40,2024,False,2024_weeklydeathsweek522024.xlsx
2024-08-23,Under 1,48,2024,False,2024_weeklydeathsweek522024.xlsx
2024-08-30,Under 1,44,2024,False,2024_weeklydeathsweek522024.xlsx
2024-09-06,Under 1,41,2024,False,2024_weeklydeathsweek522024.xlsx
2024-09-13,Under 1,65,2024,False,2024_weeklydeathsweek522024.xlsx
2024-09-20,Under 1,47,2024,False,2024_weeklydeathsweek522024.xlsx
2024-09-27,Under 1,54,2024,False,2024_weeklydeathsweek522024.xlsx
2024-10-04,Under 1,52,2024,False,2024_weeklydeathsweek522024.xlsx
2024-10-11,Under 1,56,2024,False,2024_weeklydeathsweek522024.xlsx
2024-10-18,Under 1,57,2024,False,2024_weeklydeathsweek522024.xlsx
2024-10-25,Under 1,62,2024,False,2024_weeklydeathsweek522024.xlsx
2024-11-01,Under 1,43,2024,False,2024_weeklydeathsweek522024.xlsx
2024-11-08,Under 1,42,2024,False,2024_weeklydeathsweek522024.xlsx
2024-11-15,Under 1,39,2024,False,2024_weeklydeathsweek522024.xlsx
2024-11-22,Under 1,55,2024,False,2024_weeklydeathsweek522024.xlsx
2024-11-29,Under 1,49,2024,False,2024_weeklydeathsweek522024.xlsx
2024-12-06,Under 1,54,2024,False,2024_weeklydeathsweek522024.xlsx
2024-12-13,Under 1,46,2024,False,2024_weeklydeathsweek522024.xlsx
2024-12-20,Under 1,39,2024,False,2024_weeklydeathsweek522024.xlsx
2024-12-27,Under 1,29,2024,False,2024_weeklydeathsweek522024.xlsx
2025-01-03,Under 1,33,2025,False,2025_weeklydeathsweek522025.xlsx
2025-01-10,Under 1,37,2025,False,2025_weeklydeathsweek522025.xlsx
2025-01-17,Under 1,55,2025,False,2025_weeklydeathsweek522025.xlsx
2025-01-24,Under 1,56,2025,False,2025_weeklydeathsweek522025.xlsx
2025-01-31,Under 1,58,2025,False,2025_weeklydeathsweek522025.xlsx
2025-02-07,Under 1,50,2025,False,2025_weeklydeathsweek522025.xlsx
2025-02-14,Under 1,48,2025,False,2025_weeklydeathsweek522025.xlsx
2025-02-21,Under 1,42,2025,False,2025_weeklydeathsweek522025.xlsx
2025-02-28,Under 1,53,2025,False,2025_weeklydeathsweek522025.xlsx
2025-03-07,Under 1,58,2025,False,2025_weeklydeathsweek522025.xlsx
2025-03-14,Under 1,49,2025,False,2025_weeklydeathsweek522025.xlsx
2025-03-21,Under 1,66,2025,False,2025_weeklydeathsweek522025.xlsx
2025-03-28,Under 1,64,2025,False,2025_weeklydeathsweek522025.xlsx
2025-04-04,Under 1,44,2025,False,2025_weeklydeathsweek522025.xlsx
2025-04-11,Under 1,53,2025,False,2025_weeklydeathsweek522025.xlsx
2025-04-18,Under 1,38,2025,False,2025_weeklydeathsweek522025.xlsx
2025-04-25,Under 1,32,2025,False,2025_weeklydeathsweek522025.xlsx
2025-05-02,Under 1,53,2025,False,2025_weeklydeathsweek522025.xlsx
2025-05-09,Under 1,53,2025,False,2025_weeklydeathsweek522025.xlsx
2025-05-16,Under 1,55,2025,False,2025_weeklydeathsweek522025.xlsx
2025-05-23,Under 1,52,2025,False,2025_weeklydeathsweek522025.xlsx
2025-05-30,Under 1,41,2025,False,2025_weeklydeathsweek522025.xlsx
2025-06-06,Under 1,42,2025,False,2025_weeklydeathsweek522025.xlsx
2025-06-13,Under 1,53,2025,False,2025_weeklydeathsweek522025.xlsx
2025-06-20,Under 1,44,2025,False,2025_weeklydeathsweek522025.xlsx
2025-06-27,Under 1,35,2025,False,2025_weeklydeathsweek522025.xlsx
2025-07-04,Under 1,45,2025,False,2025_weeklydeathsweek522025.xlsx
2025-07-11,Under 1,47,2025,False,2025_weeklydeathsweek522025.xlsx
2025-07-18,Under 1,41,2025,False,2025_weeklydeathsweek522025.xlsx
2025-07-25,Under 1,47,2025,False,2025_weeklydeathsweek522025.xlsx
2025-08-01,Under 1,47,2025,False,2025_weeklydeathsweek522025.xlsx
2025-08-08,Under 1,40,2025,False,2025_weeklydeathsweek522025.xlsx
2025-08-15,Under 1,47,2025,False,2025_weeklydeathsweek522025.xlsx
2025-08-22,Under 1,44,2025,False,2025_weeklydeathsweek522025.xlsx
2025-08-29,Under 1,36,2025,False,2025_weeklydeathsweek522025.xlsx
2025-09-05,Under 1,58,2025,False,2025_weeklydeathsweek522025.xlsx
2025-09-12,Under 1,44,2025,False,2025_weeklydeathsweek522025.xlsx
2025-09-19,Under 1,38,2025,False,2025_weeklydeathsweek522025.xlsx
2025-09-26,Under 1,48,2025,False,2025_weeklydeathsweek522025.xlsx
2025-10-03,Under 1,52,2025,False,2025_weeklydeathsweek522025.xlsx
2025-10-10,Under 1,40,2025,False,2025_weeklydeathsweek522025.xlsx
2025-10-17,Under 1,45,2025,False,2025_weeklydeathsweek522025.xlsx
2025-10-24,Under 1,54,2025,False,2025_weeklydeathsweek522025.xlsx
2025-10-31,Under 1,34,2025,False,2025_weeklydeathsweek522025.xlsx
2025-11-07,Under 1,36,2025,False,2025_weeklydeathsweek522025.xlsx
2025-11-14,Under 1,54,2025,False,2025_weeklydeathsweek522025.xlsx
2025-11-21,Under 1,49,2025,False,2025_weeklydeathsweek522025.xlsx
2025-11-28,Under 1,45,2025,False,2025_weeklydeathsweek522025.xlsx
2025-12-05,Under 1,51,2025,False,2025_weeklydeathsweek522025.xlsx
2025-12-12,Under 1,45,2025,False,2025_weeklydeathsweek522025.xlsx
2025-12-19,Under 1,52,2025,False,2025_weeklydeathsweek522025.xlsx
2025-12-26,Under 1,32,2025,False,2025_weeklydeathsweek522025.xlsx
2026-01-02,Under 1,37,2026,False,2026_weeklydeathsweek192026.xlsx
2026-01-09,Under 1,58,2026,False,2026_weeklydeathsweek192026.xlsx
2026-01-16,Under 1,55,2026,False,2026_weeklydeathsweek192026.xlsx
2026-01-23,Under 1,45,2026,False,2026_weeklydeathsweek192026.xlsx
2026-01-30,Under 1,58,2026,False,2026_weeklydeathsweek192026.xlsx
2026-02-06,Under 1,43,2026,False,2026_weeklydeathsweek192026.xlsx
2026-02-13,Under 1,45,2026,False,2026_weeklydeathsweek192026.xlsx
2026-02-20,Under 1,53,2026,False,2026_weeklydeathsweek192026.xlsx
2026-02-27,Under 1,36,2026,False,2026_weeklydeathsweek192026.xlsx
2026-03-06,Under 1,42,2026,False,2026_weeklydeathsweek192026.xlsx
2026-03-13,Under 1,54,2026,False,2026_weeklydeathsweek192026.xlsx
2026-03-20,Under 1,44,2026,False,2026_weeklydeathsweek192026.xlsx
2026-03-27,Under 1,56,2026,False,2026_weeklydeathsweek192026.xlsx
2026-04-03,Under 1,42,2026,False,2026_weeklydeathsweek192026.xlsx
2026-04-10,Under 1,45,2026,False,2026_weeklydeathsweek192026.xlsx
2026-04-17,Under 1,58,2026,False,2026_weeklydeathsweek192026.xlsx
2026-04-24,Under 1,46,2026,False,2026_weeklydeathsweek192026.xlsx
2026-05-01,Under 1,64,2026,False,2026_weeklydeathsweek192026.xlsx
2026-05-08,Under 1,37,2026,False,2026_weeklydeathsweek192026.xlsx
