month_date,region_code,region_name,observed_deaths,edition_year,is_final,source_filename
2006-01-01,E12000001,North East,2570,2006,True,2006_publishedoutput200tcm772274163.xls
2006-02-01,E12000001,North East,2194,2006,True,2006_publishedoutput200tcm772274163.xls
2006-03-01,E12000001,North East,2517,2006,True,2006_publishedoutput200tcm772274163.xls
2006-04-01,E12000001,North East,2221,2006,True,2006_publishedoutput200tcm772274163.xls
2006-05-01,E12000001,North East,2381,2006,True,2006_publishedoutput200tcm772274163.xls
2006-06-01,E12000001,North East,2136,2006,True,2006_publishedoutput200tcm772274163.xls
2006-07-01,E12000001,North East,2030,2006,True,2006_publishedoutput200tcm772274163.xls
2006-08-01,E12000001,North East,2078,2006,True,2006_publishedoutput200tcm772274163.xls
2006-09-01,E12000001,North East,1929,2006,True,2006_publishedoutput200tcm772274163.xls
2006-10-01,E12000001,North East,2218,2006,True,2006_publishedoutput200tcm772274163.xls
2006-11-01,E12000001,North East,2268,2006,True,2006_publishedoutput200tcm772274163.xls
2006-12-01,E12000001,North East,2328,2006,True,2006_publishedoutput200tcm772274163.xls
2007-01-01,E12000001,North East,2736,2007,True,2007_publishedoutput200tcm772274233.xls
2007-02-01,E12000001,North East,2300,2007,True,2007_publishedoutput200tcm772274233.xls
2007-03-01,E12000001,North East,2447,2007,True,2007_publishedoutput200tcm772274233.xls
2007-04-01,E12000001,North East,2165,2007,True,2007_publishedoutput200tcm772274233.xls
2007-05-01,E12000001,North East,2192,2007,True,2007_publishedoutput200tcm772274233.xls
2007-06-01,E12000001,North East,1959,2007,True,2007_publishedoutput200tcm772274233.xls
2007-07-01,E12000001,North East,2131,2007,True,2007_publishedoutput200tcm772274233.xls
2007-08-01,E12000001,North East,2007,2007,True,2007_publishedoutput200tcm772274233.xls
2007-09-01,E12000001,North East,1890,2007,True,2007_publishedoutput200tcm772274233.xls
2007-10-01,E12000001,North East,2320,2007,True,2007_publishedoutput200tcm772274233.xls
2007-11-01,E12000001,North East,2237,2007,True,2007_publishedoutput200tcm772274233.xls
2007-12-01,E12000001,North East,2349,2007,True,2007_publishedoutput200tcm772274233.xls
2008-01-01,E12000001,North East,2876,2008,True,2008_publishedoutput200tcm772274292.xls
2008-02-01,E12000001,North East,2293,2008,True,2008_publishedoutput200tcm772274292.xls
2008-03-01,E12000001,North East,2255,2008,True,2008_publishedoutput200tcm772274292.xls
2008-04-01,E12000001,North East,2363,2008,True,2008_publishedoutput200tcm772274292.xls
2008-05-01,E12000001,North East,2100,2008,True,2008_publishedoutput200tcm772274292.xls
2008-06-01,E12000001,North East,1984,2008,True,2008_publishedoutput200tcm772274292.xls
2008-07-01,E12000001,North East,2148,2008,True,2008_publishedoutput200tcm772274292.xls
2008-08-01,E12000001,North East,1852,2008,True,2008_publishedoutput200tcm772274292.xls
2008-09-01,E12000001,North East,2183,2008,True,2008_publishedoutput200tcm772274292.xls
2008-10-01,E12000001,North East,2270,2008,True,2008_publishedoutput200tcm772274292.xls
2008-11-01,E12000001,North East,2166,2008,True,2008_publishedoutput200tcm772274292.xls
2008-12-01,E12000001,North East,2896,2008,True,2008_publishedoutput200tcm772274292.xls
2009-01-01,E12000001,North East,2772,2009,True,2009_publishedoutput200tcm772274362.xls
2009-02-01,E12000001,North East,2198,2009,True,2009_publishedoutput200tcm772274362.xls
2009-03-01,E12000001,North East,2241,2009,True,2009_publishedoutput200tcm772274362.xls
2009-04-01,E12000001,North East,2179,2009,True,2009_publishedoutput200tcm772274362.xls
2009-05-01,E12000001,North East,2031,2009,True,2009_publishedoutput200tcm772274362.xls
2009-06-01,E12000001,North East,2026,2009,True,2009_publishedoutput200tcm772274362.xls
2009-07-01,E12000001,North East,2037,2009,True,2009_publishedoutput200tcm772274362.xls
2009-08-01,E12000001,North East,1809,2009,True,2009_publishedoutput200tcm772274362.xls
2009-09-01,E12000001,North East,2064,2009,True,2009_publishedoutput200tcm772274362.xls
2009-10-01,E12000001,North East,2154,2009,True,2009_publishedoutput200tcm772274362.xls
2009-11-01,E12000001,North East,2075,2009,True,2009_publishedoutput200tcm772274362.xls
2009-12-01,E12000001,North East,2425,2009,True,2009_publishedoutput200tcm772274362.xls
2010-01-01,E12000001,North East,2365,2010,True,2010_publishedoutputfeb021tcm772274383.xls
2010-02-01,E12000001,North East,2103,2010,True,2010_publishedoutputfeb021tcm772274383.xls
2010-03-01,E12000001,North East,2381,2010,True,2010_publishedoutputfeb021tcm772274383.xls
2010-04-01,E12000001,North East,2117,2010,True,2010_publishedoutputfeb021tcm772274383.xls
2010-05-01,E12000001,North East,1940,2010,True,2010_publishedoutputfeb021tcm772274383.xls
2010-06-01,E12000001,North East,2203,2010,True,2010_publishedoutputfeb021tcm772274383.xls
2010-07-01,E12000001,North East,1997,2010,True,2010_publishedoutputfeb021tcm772274383.xls
2010-08-01,E12000001,North East,1940,2010,True,2010_publishedoutputfeb021tcm772274383.xls
2010-09-01,E12000001,North East,2004,2010,True,2010_publishedoutputfeb021tcm772274383.xls
2010-10-01,E12000001,North East,2099,2010,True,2010_publishedoutputfeb021tcm772274383.xls
2010-11-01,E12000001,North East,2189,2010,True,2010_publishedoutputfeb021tcm772274383.xls
2010-12-01,E12000001,North East,2487,2010,True,2010_publishedoutputfeb021tcm772274383.xls
2011-01-01,E12000001,North East,2523,2011,True,2011_publishedoutput2011finaltcm772738151.xls
2011-02-01,E12000001,North East,2209,2011,True,2011_publishedoutput2011finaltcm772738151.xls
2011-03-01,E12000001,North East,2320,2011,True,2011_publishedoutput2011finaltcm772738151.xls
2011-04-01,E12000001,North East,1911,2011,True,2011_publishedoutput2011finaltcm772738151.xls
2011-05-01,E12000001,North East,2193,2011,True,2011_publishedoutput2011finaltcm772738151.xls
2011-06-01,E12000001,North East,2080,2011,True,2011_publishedoutput2011finaltcm772738151.xls
2011-07-01,E12000001,North East,1912,2011,True,2011_publishedoutput2011finaltcm772738151.xls
2011-08-01,E12000001,North East,2061,2011,True,2011_publishedoutput2011finaltcm772738151.xls
2011-09-01,E12000001,North East,2015,2011,True,2011_publishedoutput2011finaltcm772738151.xls
2011-10-01,E12000001,North East,1978,2011,True,2011_publishedoutput2011finaltcm772738151.xls
2011-11-01,E12000001,North East,2163,2011,True,2011_publishedoutput2011finaltcm772738151.xls
2011-12-01,E12000001,North East,2346,2011,True,2011_publishedoutput2011finaltcm772738151.xls
2012-01-01,E12000001,North East,2472,2012,True,2012_publishedoutput2012finaltcm773197501.xls
2012-02-01,E12000001,North East,2187,2012,True,2012_publishedoutput2012finaltcm773197501.xls
2012-03-01,E12000001,North East,2188,2012,True,2012_publishedoutput2012finaltcm773197501.xls
2012-04-01,E12000001,North East,2241,2012,True,2012_publishedoutput2012finaltcm773197501.xls
2012-05-01,E12000001,North East,2287,2012,True,2012_publishedoutput2012finaltcm773197501.xls
2012-06-01,E12000001,North East,1978,2012,True,2012_publishedoutput2012finaltcm773197501.xls
2012-07-01,E12000001,North East,2113,2012,True,2012_publishedoutput2012finaltcm773197501.xls
2012-08-01,E12000001,North East,2024,2012,True,2012_publishedoutput2012finaltcm773197501.xls
2012-09-01,E12000001,North East,1922,2012,True,2012_publishedoutput2012finaltcm773197501.xls
2012-10-01,E12000001,North East,2247,2012,True,2012_publishedoutput2012finaltcm773197501.xls
2012-11-01,E12000001,North East,2249,2012,True,2012_publishedoutput2012finaltcm773197501.xls
2012-12-01,E12000001,North East,2420,2012,True,2012_publishedoutput2012finaltcm773197501.xls
2013-01-01,E12000001,North East,2986,2013,True,2013_publishedoutput2013finaltcm773717241.xls
2013-02-01,E12000001,North East,2264,2013,True,2013_publishedoutput2013finaltcm773717241.xls
2013-03-01,E12000001,North East,2119,2013,True,2013_publishedoutput2013finaltcm773717241.xls
2013-04-01,E12000001,North East,2433,2013,True,2013_publishedoutput2013finaltcm773717241.xls
2013-05-01,E12000001,North East,2251,2013,True,2013_publishedoutput2013finaltcm773717241.xls
2013-06-01,E12000001,North East,1914,2013,True,2013_publishedoutput2013finaltcm773717241.xls
2013-07-01,E12000001,North East,2037,2013,True,2013_publishedoutput2013finaltcm773717241.xls
2013-08-01,E12000001,North East,1847,2013,True,2013_publishedoutput2013finaltcm773717241.xls
2013-09-01,E12000001,North East,1946,2013,True,2013_publishedoutput2013finaltcm773717241.xls
2013-10-01,E12000001,North East,2327,2013,True,2013_publishedoutput2013finaltcm773717241.xls
2013-11-01,E12000001,North East,2187,2013,True,2013_publishedoutput2013finaltcm773717241.xls
2013-12-01,E12000001,North East,2154,2013,True,2013_publishedoutput2013finaltcm773717241.xls
2014-01-01,E12000001,North East,2556,2014,True,2014_publishedoutput2014finaltcm774115982.xls
2014-02-01,E12000001,North East,2196,2014,True,2014_publishedoutput2014finaltcm774115982.xls
2014-03-01,E12000001,North East,2220,2014,True,2014_publishedoutput2014finaltcm774115982.xls
2014-04-01,E12000001,North East,2205,2014,True,2014_publishedoutput2014finaltcm774115982.xls
2014-05-01,E12000001,North East,2129,2014,True,2014_publishedoutput2014finaltcm774115982.xls
2014-06-01,E12000001,North East,2017,2014,True,2014_publishedoutput2014finaltcm774115982.xls
2014-07-01,E12000001,North East,2221,2014,True,2014_publishedoutput2014finaltcm774115982.xls
2014-08-01,E12000001,North East,2023,2014,True,2014_publishedoutput2014finaltcm774115982.xls
2014-09-01,E12000001,North East,2238,2014,True,2014_publishedoutput2014finaltcm774115982.xls
2014-10-01,E12000001,North East,2360,2014,True,2014_publishedoutput2014finaltcm774115982.xls
2014-11-01,E12000001,North East,2020,2014,True,2014_publishedoutput2014finaltcm774115982.xls
2014-12-01,E12000001,North East,2703,2014,True,2014_publishedoutput2014finaltcm774115982.xls
2015-01-01,E12000001,North East,3239,2015,True,2015_publishedoutput2015final.xls
2015-02-01,E12000001,North East,2596,2015,True,2015_publishedoutput2015final.xls
2015-03-01,E12000001,North East,2503,2015,True,2015_publishedoutput2015final.xls
2015-04-01,E12000001,North East,2451,2015,True,2015_publishedoutput2015final.xls
2015-05-01,E12000001,North East,2109,2015,True,2015_publishedoutput2015final.xls
2015-06-01,E12000001,North East,2191,2015,True,2015_publishedoutput2015final.xls
2015-07-01,E12000001,North East,2125,2015,True,2015_publishedoutput2015final.xls
2015-08-01,E12000001,North East,1847,2015,True,2015_publishedoutput2015final.xls
2015-09-01,E12000001,North East,2152,2015,True,2015_publishedoutput2015final.xls
2015-10-01,E12000001,North East,2190,2015,True,2015_publishedoutput2015final.xls
2015-11-01,E12000001,North East,2197,2015,True,2015_publishedoutput2015final.xls
2015-12-01,E12000001,North East,2475,2015,True,2015_publishedoutput2015final.xls
2016-01-01,E12000001,North East,2555,2016,True,2016_publishedoutput2016final.xls
2016-02-01,E12000001,North East,2492,2016,True,2016_publishedoutput2016final.xls
2016-03-01,E12000001,North East,2515,2016,True,2016_publishedoutput2016final.xls
2016-04-01,E12000001,North East,2460,2016,True,2016_publishedoutput2016final.xls
2016-05-01,E12000001,North East,2165,2016,True,2016_publishedoutput2016final.xls
2016-06-01,E12000001,North East,2255,2016,True,2016_publishedoutput2016final.xls
2016-07-01,E12000001,North East,2109,2016,True,2016_publishedoutput2016final.xls
2016-08-01,E12000001,North East,2119,2016,True,2016_publishedoutput2016final.xls
2016-09-01,E12000001,North East,2121,2016,True,2016_publishedoutput2016final.xls
2016-10-01,E12000001,North East,2123,2016,True,2016_publishedoutput2016final.xls
2016-11-01,E12000001,North East,2415,2016,True,2016_publishedoutput2016final.xls
2016-12-01,E12000001,North East,2507,2016,True,2016_publishedoutput2016final.xls
2017-01-01,E12000001,North East,2905,2017,True,2017_publishedoutputannual2017final.xls
2017-02-01,E12000001,North East,2504,2017,True,2017_publishedoutputannual2017final.xls
2017-03-01,E12000001,North East,2548,2017,True,2017_publishedoutputannual2017final.xls
2017-04-01,E12000001,North East,2044,2017,True,2017_publishedoutputannual2017final.xls
2017-05-01,E12000001,North East,2301,2017,True,2017_publishedoutputannual2017final.xls
2017-06-01,E12000001,North East,2178,2017,True,2017_publishedoutputannual2017final.xls
2017-07-01,E12000001,North East,2081,2017,True,2017_publishedoutputannual2017final.xls
2017-08-01,E12000001,North East,2145,2017,True,2017_publishedoutputannual2017final.xls
2017-09-01,E12000001,North East,2180,2017,True,2017_publishedoutputannual2017final.xls
2017-10-01,E12000001,North East,2286,2017,True,2017_publishedoutputannual2017final.xls
2017-11-01,E12000001,North East,2335,2017,True,2017_publishedoutputannual2017final.xls
2017-12-01,E12000001,North East,2527,2017,True,2017_publishedoutputannual2017final.xls
2018-01-01,E12000001,North East,3502,2018,True,2018_publishedannual2018.xls
2018-02-01,E12000001,North East,2578,2018,True,2018_publishedannual2018.xls
2018-03-01,E12000001,North East,2586,2018,True,2018_publishedannual2018.xls
2018-04-01,E12000001,North East,2355,2018,True,2018_publishedannual2018.xls
2018-05-01,E12000001,North East,2276,2018,True,2018_publishedannual2018.xls
2018-06-01,E12000001,North East,2086,2018,True,2018_publishedannual2018.xls
2018-07-01,E12000001,North East,2125,2018,True,2018_publishedannual2018.xls
2018-08-01,E12000001,North East,2057,2018,True,2018_publishedannual2018.xls
2018-09-01,E12000001,North East,1961,2018,True,2018_publishedannual2018.xls
2018-10-01,E12000001,North East,2365,2018,True,2018_publishedannual2018.xls
2018-11-01,E12000001,North East,2221,2018,True,2018_publishedannual2018.xls
2018-12-01,E12000001,North East,2319,2018,True,2018_publishedannual2018.xls
2019-01-01,E12000001,North East,2848,2019,True,2019_annual2019publishedoutputrefresh.xls
2019-02-01,E12000001,North East,2365,2019,True,2019_annual2019publishedoutputrefresh.xls
2019-03-01,E12000001,North East,2302,2019,True,2019_annual2019publishedoutputrefresh.xls
2019-04-01,E12000001,North East,2260,2019,True,2019_annual2019publishedoutputrefresh.xls
2019-05-01,E12000001,North East,2319,2019,True,2019_annual2019publishedoutputrefresh.xls
2019-06-01,E12000001,North East,2018,2019,True,2019_annual2019publishedoutputrefresh.xls
2019-07-01,E12000001,North East,2216,2019,True,2019_annual2019publishedoutputrefresh.xls
2019-08-01,E12000001,North East,2225,2019,True,2019_annual2019publishedoutputrefresh.xls
2019-09-01,E12000001,North East,2086,2019,True,2019_annual2019publishedoutputrefresh.xls
2019-10-01,E12000001,North East,2454,2019,True,2019_annual2019publishedoutputrefresh.xls
2019-11-01,E12000001,North East,2413,2019,True,2019_annual2019publishedoutputrefresh.xls
2019-12-01,E12000001,North East,2531,2019,True,2019_annual2019publishedoutputrefresh.xls
2020-01-01,E12000001,North East,2892,2020,True,2020_annual2020publishedoutputrefresh.xls
2020-02-01,E12000001,North East,2250,2020,True,2020_annual2020publishedoutputrefresh.xls
2020-03-01,E12000001,North East,2497,2020,True,2020_annual2020publishedoutputrefresh.xls
2020-04-01,E12000001,North East,4352,2020,True,2020_annual2020publishedoutputrefresh.xls
2020-05-01,E12000001,North East,3052,2020,True,2020_annual2020publishedoutputrefresh.xls
2020-06-01,E12000001,North East,2249,2020,True,2020_annual2020publishedoutputrefresh.xls
2020-07-01,E12000001,North East,2216,2020,True,2020_annual2020publishedoutputrefresh.xls
2020-08-01,E12000001,North East,1948,2020,True,2020_annual2020publishedoutputrefresh.xls
2020-09-01,E12000001,North East,2257,2020,True,2020_annual2020publishedoutputrefresh.xls
2020-10-01,E12000001,North East,2551,2020,True,2020_annual2020publishedoutputrefresh.xls
2020-11-01,E12000001,North East,2876,2020,True,2020_annual2020publishedoutputrefresh.xls
2020-12-01,E12000001,North East,3088,2020,True,2020_annual2020publishedoutputrefresh.xls
2021-01-01,E12000001,North East,3245,2021,True,2021_deathsregisteredmonthly2021finalised.xlsx
2021-02-01,E12000001,North East,2794,2021,True,2021_deathsregisteredmonthly2021finalised.xlsx
2021-03-01,E12000001,North East,2522,2021,True,2021_deathsregisteredmonthly2021finalised.xlsx
2021-04-01,E12000001,North East,2188,2021,True,2021_deathsregisteredmonthly2021finalised.xlsx
2021-05-01,E12000001,North East,2056,2021,True,2021_deathsregisteredmonthly2021finalised.xlsx
2021-06-01,E12000001,North East,2223,2021,True,2021_deathsregisteredmonthly2021finalised.xlsx
2021-07-01,E12000001,North East,2329,2021,True,2021_deathsregisteredmonthly2021finalised.xlsx
2021-08-01,E12000001,North East,2399,2021,True,2021_deathsregisteredmonthly2021finalised.xlsx
2021-09-01,E12000001,North East,2498,2021,True,2021_deathsregisteredmonthly2021finalised.xlsx
2021-10-01,E12000001,North East,2462,2021,True,2021_deathsregisteredmonthly2021finalised.xlsx
2021-11-01,E12000001,North East,2713,2021,True,2021_deathsregisteredmonthly2021finalised.xlsx
2021-12-01,E12000001,North East,2845,2021,True,2021_deathsregisteredmonthly2021finalised.xlsx
2022-01-01,E12000001,North East,2743,2022,True,2022_processorannualdeaths2022.xlsx
2022-02-01,E12000001,North East,2477,2022,True,2022_processorannualdeaths2022.xlsx
2022-03-01,E12000001,North East,2712,2022,True,2022_processorannualdeaths2022.xlsx
2022-04-01,E12000001,North East,2398,2022,True,2022_processorannualdeaths2022.xlsx
2022-05-01,E12000001,North East,2429,2022,True,2022_processorannualdeaths2022.xlsx
2022-06-01,E12000001,North East,2301,2022,True,2022_processorannualdeaths2022.xlsx
2022-07-01,E12000001,North East,2328,2022,True,2022_processorannualdeaths2022.xlsx
2022-08-01,E12000001,North East,2364,2022,True,2022_processorannualdeaths2022.xlsx
2022-09-01,E12000001,North East,2392,2022,True,2022_processorannualdeaths2022.xlsx
2022-10-01,E12000001,North East,2409,2022,True,2022_processorannualdeaths2022.xlsx
2022-11-01,E12000001,North East,2744,2022,True,2022_processorannualdeaths2022.xlsx
2022-12-01,E12000001,North East,2871,2022,True,2022_processorannualdeaths2022.xlsx
2023-01-01,E12000001,North East,3591,2023,True,2023_monthlydeathsfinalised2023.xlsx
2023-02-01,E12000001,North East,2520,2023,True,2023_monthlydeathsfinalised2023.xlsx
2023-03-01,E12000001,North East,2740,2023,True,2023_monthlydeathsfinalised2023.xlsx
2023-04-01,E12000001,North East,2500,2023,True,2023_monthlydeathsfinalised2023.xlsx
2023-05-01,E12000001,North East,2418,2023,True,2023_monthlydeathsfinalised2023.xlsx
2023-06-01,E12000001,North East,2497,2023,True,2023_monthlydeathsfinalised2023.xlsx
2023-07-01,E12000001,North East,2191,2023,True,2023_monthlydeathsfinalised2023.xlsx
2023-08-01,E12000001,North East,2389,2023,True,2023_monthlydeathsfinalised2023.xlsx
2023-09-01,E12000001,North East,2310,2023,True,2023_monthlydeathsfinalised2023.xlsx
2023-10-01,E12000001,North East,2388,2023,True,2023_monthlydeathsfinalised2023.xlsx
2023-11-01,E12000001,North East,2741,2023,True,2023_monthlydeathsfinalised2023.xlsx
2023-12-01,E12000001,North East,2496,2023,True,2023_monthlydeathsfinalised2023.xlsx
2024-01-01,E12000001,North East,3038,2024,True,2024_monthlydeaths2024final1.xlsx
2024-02-01,E12000001,North East,2682,2024,True,2024_monthlydeaths2024final1.xlsx
2024-03-01,E12000001,North East,2501,2024,True,2024_monthlydeaths2024final1.xlsx
2024-04-01,E12000001,North East,2608,2024,True,2024_monthlydeaths2024final1.xlsx
2024-05-01,E12000001,North East,2446,2024,True,2024_monthlydeaths2024final1.xlsx
2024-06-01,E12000001,North East,2216,2024,True,2024_monthlydeaths2024final1.xlsx
2024-07-01,E12000001,North East,2443,2024,True,2024_monthlydeaths2024final1.xlsx
2024-08-01,E12000001,North East,2232,2024,True,2024_monthlydeaths2024final1.xlsx
2024-09-01,E12000001,North East,2105,2024,True,2024_monthlydeaths2024final1.xlsx
2024-10-01,E12000001,North East,2633,2024,True,2024_monthlydeaths2024final1.xlsx
2024-11-01,E12000001,North East,2388,2024,True,2024_monthlydeaths2024final1.xlsx
2024-12-01,E12000001,North East,2493,2024,True,2024_monthlydeaths2024final1.xlsx
2006-01-01,E12000002,North West,6797,2006,True,2006_publishedoutput200tcm772274163.xls
2006-02-01,E12000002,North West,5832,2006,True,2006_publishedoutput200tcm772274163.xls
2006-03-01,E12000002,North West,6628,2006,True,2006_publishedoutput200tcm772274163.xls
2006-04-01,E12000002,North West,5756,2006,True,2006_publishedoutput200tcm772274163.xls
2006-05-01,E12000002,North West,6013,2006,True,2006_publishedoutput200tcm772274163.xls
2006-06-01,E12000002,North West,5662,2006,True,2006_publishedoutput200tcm772274163.xls
2006-07-01,E12000002,North West,5450,2006,True,2006_publishedoutput200tcm772274163.xls
2006-08-01,E12000002,North West,5445,2006,True,2006_publishedoutput200tcm772274163.xls
2006-09-01,E12000002,North West,5223,2006,True,2006_publishedoutput200tcm772274163.xls
2006-10-01,E12000002,North West,5674,2006,True,2006_publishedoutput200tcm772274163.xls
2006-11-01,E12000002,North West,5780,2006,True,2006_publishedoutput200tcm772274163.xls
2006-12-01,E12000002,North West,5566,2006,True,2006_publishedoutput200tcm772274163.xls
2007-01-01,E12000002,North West,7136,2007,True,2007_publishedoutput200tcm772274233.xls
2007-02-01,E12000002,North West,6309,2007,True,2007_publishedoutput200tcm772274233.xls
2007-03-01,E12000002,North West,6282,2007,True,2007_publishedoutput200tcm772274233.xls
2007-04-01,E12000002,North West,5803,2007,True,2007_publishedoutput200tcm772274233.xls
2007-05-01,E12000002,North West,5768,2007,True,2007_publishedoutput200tcm772274233.xls
2007-06-01,E12000002,North West,5323,2007,True,2007_publishedoutput200tcm772274233.xls
2007-07-01,E12000002,North West,5592,2007,True,2007_publishedoutput200tcm772274233.xls
2007-08-01,E12000002,North West,5342,2007,True,2007_publishedoutput200tcm772274233.xls
2007-09-01,E12000002,North West,4966,2007,True,2007_publishedoutput200tcm772274233.xls
2007-10-01,E12000002,North West,5996,2007,True,2007_publishedoutput200tcm772274233.xls
2007-11-01,E12000002,North West,6006,2007,True,2007_publishedoutput200tcm772274233.xls
2007-12-01,E12000002,North West,5989,2007,True,2007_publishedoutput200tcm772274233.xls
2008-01-01,E12000002,North West,7157,2008,True,2008_publishedoutput200tcm772274292.xls
2008-02-01,E12000002,North West,5939,2008,True,2008_publishedoutput200tcm772274292.xls
2008-03-01,E12000002,North West,5896,2008,True,2008_publishedoutput200tcm772274292.xls
2008-04-01,E12000002,North West,6418,2008,True,2008_publishedoutput200tcm772274292.xls
2008-05-01,E12000002,North West,5325,2008,True,2008_publishedoutput200tcm772274292.xls
2008-06-01,E12000002,North West,5258,2008,True,2008_publishedoutput200tcm772274292.xls
2008-07-01,E12000002,North West,5645,2008,True,2008_publishedoutput200tcm772274292.xls
2008-08-01,E12000002,North West,4865,2008,True,2008_publishedoutput200tcm772274292.xls
2008-09-01,E12000002,North West,5463,2008,True,2008_publishedoutput200tcm772274292.xls
2008-10-01,E12000002,North West,5661,2008,True,2008_publishedoutput200tcm772274292.xls
2008-11-01,E12000002,North West,5541,2008,True,2008_publishedoutput200tcm772274292.xls
2008-12-01,E12000002,North West,7572,2008,True,2008_publishedoutput200tcm772274292.xls
2009-01-01,E12000002,North West,7327,2009,True,2009_publishedoutput200tcm772274362.xls
2009-02-01,E12000002,North West,5677,2009,True,2009_publishedoutput200tcm772274362.xls
2009-03-01,E12000002,North West,5885,2009,True,2009_publishedoutput200tcm772274362.xls
2009-04-01,E12000002,North West,5595,2009,True,2009_publishedoutput200tcm772274362.xls
2009-05-01,E12000002,North West,5094,2009,True,2009_publishedoutput200tcm772274362.xls
2009-06-01,E12000002,North West,5289,2009,True,2009_publishedoutput200tcm772274362.xls
2009-07-01,E12000002,North West,5291,2009,True,2009_publishedoutput200tcm772274362.xls
2009-08-01,E12000002,North West,4767,2009,True,2009_publishedoutput200tcm772274362.xls
2009-09-01,E12000002,North West,5348,2009,True,2009_publishedoutput200tcm772274362.xls
2009-10-01,E12000002,North West,5569,2009,True,2009_publishedoutput200tcm772274362.xls
2009-11-01,E12000002,North West,5545,2009,True,2009_publishedoutput200tcm772274362.xls
2009-12-01,E12000002,North West,6550,2009,True,2009_publishedoutput200tcm772274362.xls
2010-01-01,E12000002,North West,6539,2010,True,2010_publishedoutputfeb021tcm772274383.xls
2010-02-01,E12000002,North West,5520,2010,True,2010_publishedoutputfeb021tcm772274383.xls
2010-03-01,E12000002,North West,6259,2010,True,2010_publishedoutputfeb021tcm772274383.xls
2010-04-01,E12000002,North West,5598,2010,True,2010_publishedoutputfeb021tcm772274383.xls
2010-05-01,E12000002,North West,4969,2010,True,2010_publishedoutputfeb021tcm772274383.xls
2010-06-01,E12000002,North West,5472,2010,True,2010_publishedoutputfeb021tcm772274383.xls
2010-07-01,E12000002,North West,5032,2010,True,2010_publishedoutputfeb021tcm772274383.xls
2010-08-01,E12000002,North West,4914,2010,True,2010_publishedoutputfeb021tcm772274383.xls
2010-09-01,E12000002,North West,5517,2010,True,2010_publishedoutputfeb021tcm772274383.xls
2010-10-01,E12000002,North West,5287,2010,True,2010_publishedoutputfeb021tcm772274383.xls
2010-11-01,E12000002,North West,5943,2010,True,2010_publishedoutputfeb021tcm772274383.xls
2010-12-01,E12000002,North West,6688,2010,True,2010_publishedoutputfeb021tcm772274383.xls
2011-01-01,E12000002,North West,6762,2011,True,2011_publishedoutput2011finaltcm772738151.xls
2011-02-01,E12000002,North West,5434,2011,True,2011_publishedoutput2011finaltcm772738151.xls
2011-03-01,E12000002,North West,5978,2011,True,2011_publishedoutput2011finaltcm772738151.xls
2011-04-01,E12000002,North West,5122,2011,True,2011_publishedoutput2011finaltcm772738151.xls
2011-05-01,E12000002,North West,5491,2011,True,2011_publishedoutput2011finaltcm772738151.xls
2011-06-01,E12000002,North West,5478,2011,True,2011_publishedoutput2011finaltcm772738151.xls
2011-07-01,E12000002,North West,4917,2011,True,2011_publishedoutput2011finaltcm772738151.xls
2011-08-01,E12000002,North West,5341,2011,True,2011_publishedoutput2011finaltcm772738151.xls
2011-09-01,E12000002,North West,5120,2011,True,2011_publishedoutput2011finaltcm772738151.xls
2011-10-01,E12000002,North West,5062,2011,True,2011_publishedoutput2011finaltcm772738151.xls
2011-11-01,E12000002,North West,5553,2011,True,2011_publishedoutput2011finaltcm772738151.xls
2011-12-01,E12000002,North West,6114,2011,True,2011_publishedoutput2011finaltcm772738151.xls
2012-01-01,E12000002,North West,6329,2012,True,2012_publishedoutput2012finaltcm773197501.xls
2012-02-01,E12000002,North West,5926,2012,True,2012_publishedoutput2012finaltcm773197501.xls
2012-03-01,E12000002,North West,5910,2012,True,2012_publishedoutput2012finaltcm773197501.xls
2012-04-01,E12000002,North West,5717,2012,True,2012_publishedoutput2012finaltcm773197501.xls
2012-05-01,E12000002,North West,6164,2012,True,2012_publishedoutput2012finaltcm773197501.xls
2012-06-01,E12000002,North West,5035,2012,True,2012_publishedoutput2012finaltcm773197501.xls
2012-07-01,E12000002,North West,5406,2012,True,2012_publishedoutput2012finaltcm773197501.xls
2012-08-01,E12000002,North West,5269,2012,True,2012_publishedoutput2012finaltcm773197501.xls
2012-09-01,E12000002,North West,4905,2012,True,2012_publishedoutput2012finaltcm773197501.xls
2012-10-01,E12000002,North West,6112,2012,True,2012_publishedoutput2012finaltcm773197501.xls
2012-11-01,E12000002,North West,5666,2012,True,2012_publishedoutput2012finaltcm773197501.xls
2012-12-01,E12000002,North West,5823,2012,True,2012_publishedoutput2012finaltcm773197501.xls
2013-01-01,E12000002,North West,7179,2013,True,2013_publishedoutput2013finaltcm773717241.xls
2013-02-01,E12000002,North West,6091,2013,True,2013_publishedoutput2013finaltcm773717241.xls
2013-03-01,E12000002,North West,6238,2013,True,2013_publishedoutput2013finaltcm773717241.xls
2013-04-01,E12000002,North West,6778,2013,True,2013_publishedoutput2013finaltcm773717241.xls
2013-05-01,E12000002,North West,5713,2013,True,2013_publishedoutput2013finaltcm773717241.xls
2013-06-01,E12000002,North West,4779,2013,True,2013_publishedoutput2013finaltcm773717241.xls
2013-07-01,E12000002,North West,5448,2013,True,2013_publishedoutput2013finaltcm773717241.xls
2013-08-01,E12000002,North West,4866,2013,True,2013_publishedoutput2013finaltcm773717241.xls
2013-09-01,E12000002,North West,4979,2013,True,2013_publishedoutput2013finaltcm773717241.xls
2013-10-01,E12000002,North West,5720,2013,True,2013_publishedoutput2013finaltcm773717241.xls
2013-11-01,E12000002,North West,5419,2013,True,2013_publishedoutput2013finaltcm773717241.xls
2013-12-01,E12000002,North West,5835,2013,True,2013_publishedoutput2013finaltcm773717241.xls
2014-01-01,E12000002,North West,6611,2014,True,2014_publishedoutput2014finaltcm774115982.xls
2014-02-01,E12000002,North West,5724,2014,True,2014_publishedoutput2014finaltcm774115982.xls
2014-03-01,E12000002,North West,5655,2014,True,2014_publishedoutput2014finaltcm774115982.xls
2014-04-01,E12000002,North West,5711,2014,True,2014_publishedoutput2014finaltcm774115982.xls
2014-05-01,E12000002,North West,5314,2014,True,2014_publishedoutput2014finaltcm774115982.xls
2014-06-01,E12000002,North West,5228,2014,True,2014_publishedoutput2014finaltcm774115982.xls
2014-07-01,E12000002,North West,5625,2014,True,2014_publishedoutput2014finaltcm774115982.xls
2014-08-01,E12000002,North West,4917,2014,True,2014_publishedoutput2014finaltcm774115982.xls
2014-09-01,E12000002,North West,5470,2014,True,2014_publishedoutput2014finaltcm774115982.xls
2014-10-01,E12000002,North West,5781,2014,True,2014_publishedoutput2014finaltcm774115982.xls
2014-11-01,E12000002,North West,5303,2014,True,2014_publishedoutput2014finaltcm774115982.xls
2014-12-01,E12000002,North West,6979,2014,True,2014_publishedoutput2014finaltcm774115982.xls
2015-01-01,E12000002,North West,8073,2015,True,2015_publishedoutput2015final.xls
2015-02-01,E12000002,North West,6120,2015,True,2015_publishedoutput2015final.xls
2015-03-01,E12000002,North West,6428,2015,True,2015_publishedoutput2015final.xls
2015-04-01,E12000002,North West,6058,2015,True,2015_publishedoutput2015final.xls
2015-05-01,E12000002,North West,5332,2015,True,2015_publishedoutput2015final.xls
2015-06-01,E12000002,North West,5614,2015,True,2015_publishedoutput2015final.xls
2015-07-01,E12000002,North West,5545,2015,True,2015_publishedoutput2015final.xls
2015-08-01,E12000002,North West,4965,2015,True,2015_publishedoutput2015final.xls
2015-09-01,E12000002,North West,5516,2015,True,2015_publishedoutput2015final.xls
2015-10-01,E12000002,North West,5637,2015,True,2015_publishedoutput2015final.xls
2015-11-01,E12000002,North West,5680,2015,True,2015_publishedoutput2015final.xls
2015-12-01,E12000002,North West,6331,2015,True,2015_publishedoutput2015final.xls
2016-01-01,E12000002,North West,6415,2016,True,2016_publishedoutput2016final.xls
2016-02-01,E12000002,North West,6134,2016,True,2016_publishedoutput2016final.xls
2016-03-01,E12000002,North West,6599,2016,True,2016_publishedoutput2016final.xls
2016-04-01,E12000002,North West,6254,2016,True,2016_publishedoutput2016final.xls
2016-05-01,E12000002,North West,5547,2016,True,2016_publishedoutput2016final.xls
2016-06-01,E12000002,North West,5628,2016,True,2016_publishedoutput2016final.xls
2016-07-01,E12000002,North West,5237,2016,True,2016_publishedoutput2016final.xls
2016-08-01,E12000002,North West,5675,2016,True,2016_publishedoutput2016final.xls
2016-09-01,E12000002,North West,5526,2016,True,2016_publishedoutput2016final.xls
2016-10-01,E12000002,North West,5644,2016,True,2016_publishedoutput2016final.xls
2016-11-01,E12000002,North West,6364,2016,True,2016_publishedoutput2016final.xls
2016-12-01,E12000002,North West,6292,2016,True,2016_publishedoutput2016final.xls
2017-01-01,E12000002,North West,7622,2017,True,2017_publishedoutputannual2017final.xls
2017-02-01,E12000002,North West,6229,2017,True,2017_publishedoutputannual2017final.xls
2017-03-01,E12000002,North West,6432,2017,True,2017_publishedoutputannual2017final.xls
2017-04-01,E12000002,North West,5462,2017,True,2017_publishedoutputannual2017final.xls
2017-05-01,E12000002,North West,5949,2017,True,2017_publishedoutputannual2017final.xls
2017-06-01,E12000002,North West,5646,2017,True,2017_publishedoutputannual2017final.xls
2017-07-01,E12000002,North West,5090,2017,True,2017_publishedoutputannual2017final.xls
2017-08-01,E12000002,North West,5566,2017,True,2017_publishedoutputannual2017final.xls
2017-09-01,E12000002,North West,5361,2017,True,2017_publishedoutputannual2017final.xls
2017-10-01,E12000002,North West,5942,2017,True,2017_publishedoutputannual2017final.xls
2017-11-01,E12000002,North West,6113,2017,True,2017_publishedoutputannual2017final.xls
2017-12-01,E12000002,North West,6245,2017,True,2017_publishedoutputannual2017final.xls
2018-01-01,E12000002,North West,8624,2018,True,2018_publishedannual2018.xls
2018-02-01,E12000002,North West,6555,2018,True,2018_publishedannual2018.xls
2018-03-01,E12000002,North West,6817,2018,True,2018_publishedannual2018.xls
2018-04-01,E12000002,North West,6195,2018,True,2018_publishedannual2018.xls
2018-05-01,E12000002,North West,5745,2018,True,2018_publishedannual2018.xls
2018-06-01,E12000002,North West,5190,2018,True,2018_publishedannual2018.xls
2018-07-01,E12000002,North West,5494,2018,True,2018_publishedannual2018.xls
2018-08-01,E12000002,North West,5301,2018,True,2018_publishedannual2018.xls
2018-09-01,E12000002,North West,4873,2018,True,2018_publishedannual2018.xls
2018-10-01,E12000002,North West,5892,2018,True,2018_publishedannual2018.xls
2018-11-01,E12000002,North West,6013,2018,True,2018_publishedannual2018.xls
2018-12-01,E12000002,North West,5579,2018,True,2018_publishedannual2018.xls
2019-01-01,E12000002,North West,7127,2019,True,2019_annual2019publishedoutputrefresh.xls
2019-02-01,E12000002,North West,6160,2019,True,2019_annual2019publishedoutputrefresh.xls
2019-03-01,E12000002,North West,5830,2019,True,2019_annual2019publishedoutputrefresh.xls
2019-04-01,E12000002,North West,5838,2019,True,2019_annual2019publishedoutputrefresh.xls
2019-05-01,E12000002,North West,6048,2019,True,2019_annual2019publishedoutputrefresh.xls
2019-06-01,E12000002,North West,5265,2019,True,2019_annual2019publishedoutputrefresh.xls
2019-07-01,E12000002,North West,5880,2019,True,2019_annual2019publishedoutputrefresh.xls
2019-08-01,E12000002,North West,5157,2019,True,2019_annual2019publishedoutputrefresh.xls
2019-09-01,E12000002,North West,5388,2019,True,2019_annual2019publishedoutputrefresh.xls
2019-10-01,E12000002,North West,6381,2019,True,2019_annual2019publishedoutputrefresh.xls
2019-11-01,E12000002,North West,6009,2019,True,2019_annual2019publishedoutputrefresh.xls
2019-12-01,E12000002,North West,6933,2019,True,2019_annual2019publishedoutputrefresh.xls
2020-01-01,E12000002,North West,7513,2020,True,2020_annual2020publishedoutputrefresh.xls
2020-02-01,E12000002,North West,5914,2020,True,2020_annual2020publishedoutputrefresh.xls
2020-03-01,E12000002,North West,6739,2020,True,2020_annual2020publishedoutputrefresh.xls
2020-04-01,E12000002,North West,12354,2020,True,2020_annual2020publishedoutputrefresh.xls
2020-05-01,E12000002,North West,7151,2020,True,2020_annual2020publishedoutputrefresh.xls
2020-06-01,E12000002,North West,5896,2020,True,2020_annual2020publishedoutputrefresh.xls
2020-07-01,E12000002,North West,5485,2020,True,2020_annual2020publishedoutputrefresh.xls
2020-08-01,E12000002,North West,4949,2020,True,2020_annual2020publishedoutputrefresh.xls
2020-09-01,E12000002,North West,5609,2020,True,2020_annual2020publishedoutputrefresh.xls
2020-10-01,E12000002,North West,6953,2020,True,2020_annual2020publishedoutputrefresh.xls
2020-11-01,E12000002,North West,7875,2020,True,2020_annual2020publishedoutputrefresh.xls
2020-12-01,E12000002,North West,7552,2020,True,2020_annual2020publishedoutputrefresh.xls
2021-01-01,E12000002,North West,8624,2021,True,2021_deathsregisteredmonthly2021finalised.xlsx
2021-02-01,E12000002,North West,7745,2021,True,2021_deathsregisteredmonthly2021finalised.xlsx
2021-03-01,E12000002,North West,6647,2021,True,2021_deathsregisteredmonthly2021finalised.xlsx
2021-04-01,E12000002,North West,5511,2021,True,2021_deathsregisteredmonthly2021finalised.xlsx
2021-05-01,E12000002,North West,5202,2021,True,2021_deathsregisteredmonthly2021finalised.xlsx
2021-06-01,E12000002,North West,5805,2021,True,2021_deathsregisteredmonthly2021finalised.xlsx
2021-07-01,E12000002,North West,6123,2021,True,2021_deathsregisteredmonthly2021finalised.xlsx
2021-08-01,E12000002,North West,5892,2021,True,2021_deathsregisteredmonthly2021finalised.xlsx
2021-09-01,E12000002,North West,6655,2021,True,2021_deathsregisteredmonthly2021finalised.xlsx
2021-10-01,E12000002,North West,6483,2021,True,2021_deathsregisteredmonthly2021finalised.xlsx
2021-11-01,E12000002,North West,7045,2021,True,2021_deathsregisteredmonthly2021finalised.xlsx
2021-12-01,E12000002,North West,7227,2021,True,2021_deathsregisteredmonthly2021finalised.xlsx
2022-01-01,E12000002,North West,7143,2022,True,2022_processorannualdeaths2022.xlsx
2022-02-01,E12000002,North West,6228,2022,True,2022_processorannualdeaths2022.xlsx
2022-03-01,E12000002,North West,6788,2022,True,2022_processorannualdeaths2022.xlsx
2022-04-01,E12000002,North West,6322,2022,True,2022_processorannualdeaths2022.xlsx
2022-05-01,E12000002,North West,6493,2022,True,2022_processorannualdeaths2022.xlsx
2022-06-01,E12000002,North West,5910,2022,True,2022_processorannualdeaths2022.xlsx
2022-07-01,E12000002,North West,6060,2022,True,2022_processorannualdeaths2022.xlsx
2022-08-01,E12000002,North West,6388,2022,True,2022_processorannualdeaths2022.xlsx
2022-09-01,E12000002,North West,6221,2022,True,2022_processorannualdeaths2022.xlsx
2022-10-01,E12000002,North West,6644,2022,True,2022_processorannualdeaths2022.xlsx
2022-11-01,E12000002,North West,6800,2022,True,2022_processorannualdeaths2022.xlsx
2022-12-01,E12000002,North West,7629,2022,True,2022_processorannualdeaths2022.xlsx
2023-01-01,E12000002,North West,9316,2023,True,2023_monthlydeathsfinalised2023.xlsx
2023-02-01,E12000002,North West,6586,2023,True,2023_monthlydeathsfinalised2023.xlsx
2023-03-01,E12000002,North West,7450,2023,True,2023_monthlydeathsfinalised2023.xlsx
2023-04-01,E12000002,North West,6070,2023,True,2023_monthlydeathsfinalised2023.xlsx
2023-05-01,E12000002,North West,6351,2023,True,2023_monthlydeathsfinalised2023.xlsx
2023-06-01,E12000002,North West,6174,2023,True,2023_monthlydeathsfinalised2023.xlsx
2023-07-01,E12000002,North West,5486,2023,True,2023_monthlydeathsfinalised2023.xlsx
2023-08-01,E12000002,North West,6084,2023,True,2023_monthlydeathsfinalised2023.xlsx
2023-09-01,E12000002,North West,5828,2023,True,2023_monthlydeathsfinalised2023.xlsx
2023-10-01,E12000002,North West,6328,2023,True,2023_monthlydeathsfinalised2023.xlsx
2023-11-01,E12000002,North West,6729,2023,True,2023_monthlydeathsfinalised2023.xlsx
2023-12-01,E12000002,North West,6468,2023,True,2023_monthlydeathsfinalised2023.xlsx
2024-01-01,E12000002,North West,7907,2024,True,2024_monthlydeaths2024final1.xlsx
2024-02-01,E12000002,North West,6864,2024,True,2024_monthlydeaths2024final1.xlsx
2024-03-01,E12000002,North West,6302,2024,True,2024_monthlydeaths2024final1.xlsx
2024-04-01,E12000002,North West,6516,2024,True,2024_monthlydeaths2024final1.xlsx
2024-05-01,E12000002,North West,6437,2024,True,2024_monthlydeaths2024final1.xlsx
2024-06-01,E12000002,North West,5720,2024,True,2024_monthlydeaths2024final1.xlsx
2024-07-01,E12000002,North West,6449,2024,True,2024_monthlydeaths2024final1.xlsx
2024-08-01,E12000002,North West,5749,2024,True,2024_monthlydeaths2024final1.xlsx
2024-09-01,E12000002,North West,5501,2024,True,2024_monthlydeaths2024final1.xlsx
2024-10-01,E12000002,North West,6564,2024,True,2024_monthlydeaths2024final1.xlsx
2024-11-01,E12000002,North West,6140,2024,True,2024_monthlydeaths2024final1.xlsx
2024-12-01,E12000002,North West,6626,2024,True,2024_monthlydeaths2024final1.xlsx
2006-01-01,E12000003,Yorkshire and The Humber,4789,2006,True,2006_publishedoutput200tcm772274163.xls
2006-02-01,E12000003,Yorkshire and The Humber,4081,2006,True,2006_publishedoutput200tcm772274163.xls
2006-03-01,E12000003,Yorkshire and The Humber,4636,2006,True,2006_publishedoutput200tcm772274163.xls
2006-04-01,E12000003,Yorkshire and The Humber,3986,2006,True,2006_publishedoutput200tcm772274163.xls
2006-05-01,E12000003,Yorkshire and The Humber,4193,2006,True,2006_publishedoutput200tcm772274163.xls
2006-06-01,E12000003,Yorkshire and The Humber,4010,2006,True,2006_publishedoutput200tcm772274163.xls
2006-07-01,E12000003,Yorkshire and The Humber,3792,2006,True,2006_publishedoutput200tcm772274163.xls
2006-08-01,E12000003,Yorkshire and The Humber,3905,2006,True,2006_publishedoutput200tcm772274163.xls
2006-09-01,E12000003,Yorkshire and The Humber,3660,2006,True,2006_publishedoutput200tcm772274163.xls
2006-10-01,E12000003,Yorkshire and The Humber,4068,2006,True,2006_publishedoutput200tcm772274163.xls
2006-11-01,E12000003,Yorkshire and The Humber,4235,2006,True,2006_publishedoutput200tcm772274163.xls
2006-12-01,E12000003,Yorkshire and The Humber,4046,2006,True,2006_publishedoutput200tcm772274163.xls
2007-01-01,E12000003,Yorkshire and The Humber,5024,2007,True,2007_publishedoutput200tcm772274233.xls
2007-02-01,E12000003,Yorkshire and The Humber,4543,2007,True,2007_publishedoutput200tcm772274233.xls
2007-03-01,E12000003,Yorkshire and The Humber,4326,2007,True,2007_publishedoutput200tcm772274233.xls
2007-04-01,E12000003,Yorkshire and The Humber,4263,2007,True,2007_publishedoutput200tcm772274233.xls
2007-05-01,E12000003,Yorkshire and The Humber,4079,2007,True,2007_publishedoutput200tcm772274233.xls
2007-06-01,E12000003,Yorkshire and The Humber,3830,2007,True,2007_publishedoutput200tcm772274233.xls
2007-07-01,E12000003,Yorkshire and The Humber,3940,2007,True,2007_publishedoutput200tcm772274233.xls
2007-08-01,E12000003,Yorkshire and The Humber,3886,2007,True,2007_publishedoutput200tcm772274233.xls
2007-09-01,E12000003,Yorkshire and The Humber,3518,2007,True,2007_publishedoutput200tcm772274233.xls
2007-10-01,E12000003,Yorkshire and The Humber,4254,2007,True,2007_publishedoutput200tcm772274233.xls
2007-11-01,E12000003,Yorkshire and The Humber,4229,2007,True,2007_publishedoutput200tcm772274233.xls
2007-12-01,E12000003,Yorkshire and The Humber,4525,2007,True,2007_publishedoutput200tcm772274233.xls
2008-01-01,E12000003,Yorkshire and The Humber,5119,2008,True,2008_publishedoutput200tcm772274292.xls
2008-02-01,E12000003,Yorkshire and The Humber,4160,2008,True,2008_publishedoutput200tcm772274292.xls
2008-03-01,E12000003,Yorkshire and The Humber,4207,2008,True,2008_publishedoutput200tcm772274292.xls
2008-04-01,E12000003,Yorkshire and The Humber,4512,2008,True,2008_publishedoutput200tcm772274292.xls
2008-05-01,E12000003,Yorkshire and The Humber,3984,2008,True,2008_publishedoutput200tcm772274292.xls
2008-06-01,E12000003,Yorkshire and The Humber,3874,2008,True,2008_publishedoutput200tcm772274292.xls
2008-07-01,E12000003,Yorkshire and The Humber,3971,2008,True,2008_publishedoutput200tcm772274292.xls
2008-08-01,E12000003,Yorkshire and The Humber,3441,2008,True,2008_publishedoutput200tcm772274292.xls
2008-09-01,E12000003,Yorkshire and The Humber,3830,2008,True,2008_publishedoutput200tcm772274292.xls
2008-10-01,E12000003,Yorkshire and The Humber,4141,2008,True,2008_publishedoutput200tcm772274292.xls
2008-11-01,E12000003,Yorkshire and The Humber,3908,2008,True,2008_publishedoutput200tcm772274292.xls
2008-12-01,E12000003,Yorkshire and The Humber,5392,2008,True,2008_publishedoutput200tcm772274292.xls
2009-01-01,E12000003,Yorkshire and The Humber,5233,2009,True,2009_publishedoutput200tcm772274362.xls
2009-02-01,E12000003,Yorkshire and The Humber,4128,2009,True,2009_publishedoutput200tcm772274362.xls
2009-03-01,E12000003,Yorkshire and The Humber,4189,2009,True,2009_publishedoutput200tcm772274362.xls
2009-04-01,E12000003,Yorkshire and The Humber,3926,2009,True,2009_publishedoutput200tcm772274362.xls
2009-05-01,E12000003,Yorkshire and The Humber,3649,2009,True,2009_publishedoutput200tcm772274362.xls
2009-06-01,E12000003,Yorkshire and The Humber,3839,2009,True,2009_publishedoutput200tcm772274362.xls
2009-07-01,E12000003,Yorkshire and The Humber,3729,2009,True,2009_publishedoutput200tcm772274362.xls
2009-08-01,E12000003,Yorkshire and The Humber,3308,2009,True,2009_publishedoutput200tcm772274362.xls
2009-09-01,E12000003,Yorkshire and The Humber,3902,2009,True,2009_publishedoutput200tcm772274362.xls
2009-10-01,E12000003,Yorkshire and The Humber,4049,2009,True,2009_publishedoutput200tcm772274362.xls
2009-11-01,E12000003,Yorkshire and The Humber,3997,2009,True,2009_publishedoutput200tcm772274362.xls
2009-12-01,E12000003,Yorkshire and The Humber,4676,2009,True,2009_publishedoutput200tcm772274362.xls
2010-01-01,E12000003,Yorkshire and The Humber,4653,2010,True,2010_publishedoutputfeb021tcm772274383.xls
2010-02-01,E12000003,Yorkshire and The Humber,3936,2010,True,2010_publishedoutputfeb021tcm772274383.xls
2010-03-01,E12000003,Yorkshire and The Humber,4422,2010,True,2010_publishedoutputfeb021tcm772274383.xls
2010-04-01,E12000003,Yorkshire and The Humber,3974,2010,True,2010_publishedoutputfeb021tcm772274383.xls
2010-05-01,E12000003,Yorkshire and The Humber,3700,2010,True,2010_publishedoutputfeb021tcm772274383.xls
2010-06-01,E12000003,Yorkshire and The Humber,4014,2010,True,2010_publishedoutputfeb021tcm772274383.xls
2010-07-01,E12000003,Yorkshire and The Humber,3617,2010,True,2010_publishedoutputfeb021tcm772274383.xls
2010-08-01,E12000003,Yorkshire and The Humber,3679,2010,True,2010_publishedoutputfeb021tcm772274383.xls
2010-09-01,E12000003,Yorkshire and The Humber,3876,2010,True,2010_publishedoutputfeb021tcm772274383.xls
2010-10-01,E12000003,Yorkshire and The Humber,3845,2010,True,2010_publishedoutputfeb021tcm772274383.xls
2010-11-01,E12000003,Yorkshire and The Humber,4161,2010,True,2010_publishedoutputfeb021tcm772274383.xls
2010-12-01,E12000003,Yorkshire and The Humber,4849,2010,True,2010_publishedoutputfeb021tcm772274383.xls
2011-01-01,E12000003,Yorkshire and The Humber,5020,2011,True,2011_publishedoutput2011finaltcm772738151.xls
2011-02-01,E12000003,Yorkshire and The Humber,3884,2011,True,2011_publishedoutput2011finaltcm772738151.xls
2011-03-01,E12000003,Yorkshire and The Humber,4395,2011,True,2011_publishedoutput2011finaltcm772738151.xls
2011-04-01,E12000003,Yorkshire and The Humber,3760,2011,True,2011_publishedoutput2011finaltcm772738151.xls
2011-05-01,E12000003,Yorkshire and The Humber,3988,2011,True,2011_publishedoutput2011finaltcm772738151.xls
2011-06-01,E12000003,Yorkshire and The Humber,3943,2011,True,2011_publishedoutput2011finaltcm772738151.xls
2011-07-01,E12000003,Yorkshire and The Humber,3573,2011,True,2011_publishedoutput2011finaltcm772738151.xls
2011-08-01,E12000003,Yorkshire and The Humber,3800,2011,True,2011_publishedoutput2011finaltcm772738151.xls
2011-09-01,E12000003,Yorkshire and The Humber,3913,2011,True,2011_publishedoutput2011finaltcm772738151.xls
2011-10-01,E12000003,Yorkshire and The Humber,3782,2011,True,2011_publishedoutput2011finaltcm772738151.xls
2011-11-01,E12000003,Yorkshire and The Humber,4063,2011,True,2011_publishedoutput2011finaltcm772738151.xls
2011-12-01,E12000003,Yorkshire and The Humber,4406,2011,True,2011_publishedoutput2011finaltcm772738151.xls
2012-01-01,E12000003,Yorkshire and The Humber,4826,2012,True,2012_publishedoutput2012finaltcm773197501.xls
2012-02-01,E12000003,Yorkshire and The Humber,4448,2012,True,2012_publishedoutput2012finaltcm773197501.xls
2012-03-01,E12000003,Yorkshire and The Humber,4280,2012,True,2012_publishedoutput2012finaltcm773197501.xls
2012-04-01,E12000003,Yorkshire and The Humber,4087,2012,True,2012_publishedoutput2012finaltcm773197501.xls
2012-05-01,E12000003,Yorkshire and The Humber,4259,2012,True,2012_publishedoutput2012finaltcm773197501.xls
2012-06-01,E12000003,Yorkshire and The Humber,3678,2012,True,2012_publishedoutput2012finaltcm773197501.xls
2012-07-01,E12000003,Yorkshire and The Humber,3985,2012,True,2012_publishedoutput2012finaltcm773197501.xls
2012-08-01,E12000003,Yorkshire and The Humber,3891,2012,True,2012_publishedoutput2012finaltcm773197501.xls
2012-09-01,E12000003,Yorkshire and The Humber,3567,2012,True,2012_publishedoutput2012finaltcm773197501.xls
2012-10-01,E12000003,Yorkshire and The Humber,4260,2012,True,2012_publishedoutput2012finaltcm773197501.xls
2012-11-01,E12000003,Yorkshire and The Humber,4110,2012,True,2012_publishedoutput2012finaltcm773197501.xls
2012-12-01,E12000003,Yorkshire and The Humber,4180,2012,True,2012_publishedoutput2012finaltcm773197501.xls
2013-01-01,E12000003,Yorkshire and The Humber,5314,2013,True,2013_publishedoutput2013finaltcm773717241.xls
2013-02-01,E12000003,Yorkshire and The Humber,4391,2013,True,2013_publishedoutput2013finaltcm773717241.xls
2013-03-01,E12000003,Yorkshire and The Humber,4452,2013,True,2013_publishedoutput2013finaltcm773717241.xls
2013-04-01,E12000003,Yorkshire and The Humber,4883,2013,True,2013_publishedoutput2013finaltcm773717241.xls
2013-05-01,E12000003,Yorkshire and The Humber,4207,2013,True,2013_publishedoutput2013finaltcm773717241.xls
2013-06-01,E12000003,Yorkshire and The Humber,3463,2013,True,2013_publishedoutput2013finaltcm773717241.xls
2013-07-01,E12000003,Yorkshire and The Humber,3983,2013,True,2013_publishedoutput2013finaltcm773717241.xls
2013-08-01,E12000003,Yorkshire and The Humber,3606,2013,True,2013_publishedoutput2013finaltcm773717241.xls
2013-09-01,E12000003,Yorkshire and The Humber,3697,2013,True,2013_publishedoutput2013finaltcm773717241.xls
2013-10-01,E12000003,Yorkshire and The Humber,4081,2013,True,2013_publishedoutput2013finaltcm773717241.xls
2013-11-01,E12000003,Yorkshire and The Humber,3893,2013,True,2013_publishedoutput2013finaltcm773717241.xls
2013-12-01,E12000003,Yorkshire and The Humber,4372,2013,True,2013_publishedoutput2013finaltcm773717241.xls
2014-01-01,E12000003,Yorkshire and The Humber,4820,2014,True,2014_publishedoutput2014finaltcm774115982.xls
2014-02-01,E12000003,Yorkshire and The Humber,3980,2014,True,2014_publishedoutput2014finaltcm774115982.xls
2014-03-01,E12000003,Yorkshire and The Humber,4014,2014,True,2014_publishedoutput2014finaltcm774115982.xls
2014-04-01,E12000003,Yorkshire and The Humber,4034,2014,True,2014_publishedoutput2014finaltcm774115982.xls
2014-05-01,E12000003,Yorkshire and The Humber,3873,2014,True,2014_publishedoutput2014finaltcm774115982.xls
2014-06-01,E12000003,Yorkshire and The Humber,3703,2014,True,2014_publishedoutput2014finaltcm774115982.xls
2014-07-01,E12000003,Yorkshire and The Humber,4004,2014,True,2014_publishedoutput2014finaltcm774115982.xls
2014-08-01,E12000003,Yorkshire and The Humber,3575,2014,True,2014_publishedoutput2014finaltcm774115982.xls
2014-09-01,E12000003,Yorkshire and The Humber,4098,2014,True,2014_publishedoutput2014finaltcm774115982.xls
2014-10-01,E12000003,Yorkshire and The Humber,4235,2014,True,2014_publishedoutput2014finaltcm774115982.xls
2014-11-01,E12000003,Yorkshire and The Humber,3865,2014,True,2014_publishedoutput2014finaltcm774115982.xls
2014-12-01,E12000003,Yorkshire and The Humber,5067,2014,True,2014_publishedoutput2014finaltcm774115982.xls
2015-01-01,E12000003,Yorkshire and The Humber,5938,2015,True,2015_publishedoutput2015final.xls
2015-02-01,E12000003,Yorkshire and The Humber,4462,2015,True,2015_publishedoutput2015final.xls
2015-03-01,E12000003,Yorkshire and The Humber,4577,2015,True,2015_publishedoutput2015final.xls
2015-04-01,E12000003,Yorkshire and The Humber,4335,2015,True,2015_publishedoutput2015final.xls
2015-05-01,E12000003,Yorkshire and The Humber,3968,2015,True,2015_publishedoutput2015final.xls
2015-06-01,E12000003,Yorkshire and The Humber,4170,2015,True,2015_publishedoutput2015final.xls
2015-07-01,E12000003,Yorkshire and The Humber,3878,2015,True,2015_publishedoutput2015final.xls
2015-08-01,E12000003,Yorkshire and The Humber,3659,2015,True,2015_publishedoutput2015final.xls
2015-09-01,E12000003,Yorkshire and The Humber,4053,2015,True,2015_publishedoutput2015final.xls
2015-10-01,E12000003,Yorkshire and The Humber,3986,2015,True,2015_publishedoutput2015final.xls
2015-11-01,E12000003,Yorkshire and The Humber,4107,2015,True,2015_publishedoutput2015final.xls
2015-12-01,E12000003,Yorkshire and The Humber,4557,2015,True,2015_publishedoutput2015final.xls
2016-01-01,E12000003,Yorkshire and The Humber,4695,2016,True,2016_publishedoutput2016final.xls
2016-02-01,E12000003,Yorkshire and The Humber,4595,2016,True,2016_publishedoutput2016final.xls
2016-03-01,E12000003,Yorkshire and The Humber,4764,2016,True,2016_publishedoutput2016final.xls
2016-04-01,E12000003,Yorkshire and The Humber,4493,2016,True,2016_publishedoutput2016final.xls
2016-05-01,E12000003,Yorkshire and The Humber,4060,2016,True,2016_publishedoutput2016final.xls
2016-06-01,E12000003,Yorkshire and The Humber,4255,2016,True,2016_publishedoutput2016final.xls
2016-07-01,E12000003,Yorkshire and The Humber,3828,2016,True,2016_publishedoutput2016final.xls
2016-08-01,E12000003,Yorkshire and The Humber,3945,2016,True,2016_publishedoutput2016final.xls
2016-09-01,E12000003,Yorkshire and The Humber,3965,2016,True,2016_publishedoutput2016final.xls
2016-10-01,E12000003,Yorkshire and The Humber,3884,2016,True,2016_publishedoutput2016final.xls
2016-11-01,E12000003,Yorkshire and The Humber,4508,2016,True,2016_publishedoutput2016final.xls
2016-12-01,E12000003,Yorkshire and The Humber,4521,2016,True,2016_publishedoutput2016final.xls
2017-01-01,E12000003,Yorkshire and The Humber,5715,2017,True,2017_publishedoutputannual2017final.xls
2017-02-01,E12000003,Yorkshire and The Humber,4743,2017,True,2017_publishedoutputannual2017final.xls
2017-03-01,E12000003,Yorkshire and The Humber,4999,2017,True,2017_publishedoutputannual2017final.xls
2017-04-01,E12000003,Yorkshire and The Humber,3798,2017,True,2017_publishedoutputannual2017final.xls
2017-05-01,E12000003,Yorkshire and The Humber,4317,2017,True,2017_publishedoutputannual2017final.xls
2017-06-01,E12000003,Yorkshire and The Humber,4074,2017,True,2017_publishedoutputannual2017final.xls
2017-07-01,E12000003,Yorkshire and The Humber,3774,2017,True,2017_publishedoutputannual2017final.xls
2017-08-01,E12000003,Yorkshire and The Humber,3934,2017,True,2017_publishedoutputannual2017final.xls
2017-09-01,E12000003,Yorkshire and The Humber,3866,2017,True,2017_publishedoutputannual2017final.xls
2017-10-01,E12000003,Yorkshire and The Humber,4272,2017,True,2017_publishedoutputannual2017final.xls
2017-11-01,E12000003,Yorkshire and The Humber,4614,2017,True,2017_publishedoutputannual2017final.xls
2017-12-01,E12000003,Yorkshire and The Humber,4301,2017,True,2017_publishedoutputannual2017final.xls
2018-01-01,E12000003,Yorkshire and The Humber,6338,2018,True,2018_publishedannual2018.xls
2018-02-01,E12000003,Yorkshire and The Humber,4827,2018,True,2018_publishedannual2018.xls
2018-03-01,E12000003,Yorkshire and The Humber,4909,2018,True,2018_publishedannual2018.xls
2018-04-01,E12000003,Yorkshire and The Humber,4510,2018,True,2018_publishedannual2018.xls
2018-05-01,E12000003,Yorkshire and The Humber,4009,2018,True,2018_publishedannual2018.xls
2018-06-01,E12000003,Yorkshire and The Humber,3946,2018,True,2018_publishedannual2018.xls
2018-07-01,E12000003,Yorkshire and The Humber,4007,2018,True,2018_publishedannual2018.xls
2018-08-01,E12000003,Yorkshire and The Humber,3939,2018,True,2018_publishedannual2018.xls
2018-09-01,E12000003,Yorkshire and The Humber,3645,2018,True,2018_publishedannual2018.xls
2018-10-01,E12000003,Yorkshire and The Humber,4419,2018,True,2018_publishedannual2018.xls
2018-11-01,E12000003,Yorkshire and The Humber,4345,2018,True,2018_publishedannual2018.xls
2018-12-01,E12000003,Yorkshire and The Humber,4184,2018,True,2018_publishedannual2018.xls
2019-01-01,E12000003,Yorkshire and The Humber,5441,2019,True,2019_annual2019publishedoutputrefresh.xls
2019-02-01,E12000003,Yorkshire and The Humber,4564,2019,True,2019_annual2019publishedoutputrefresh.xls
2019-03-01,E12000003,Yorkshire and The Humber,4392,2019,True,2019_annual2019publishedoutputrefresh.xls
2019-04-01,E12000003,Yorkshire and The Humber,4350,2019,True,2019_annual2019publishedoutputrefresh.xls
2019-05-01,E12000003,Yorkshire and The Humber,4378,2019,True,2019_annual2019publishedoutputrefresh.xls
2019-06-01,E12000003,Yorkshire and The Humber,3836,2019,True,2019_annual2019publishedoutputrefresh.xls
2019-07-01,E12000003,Yorkshire and The Humber,4134,2019,True,2019_annual2019publishedoutputrefresh.xls
2019-08-01,E12000003,Yorkshire and The Humber,3852,2019,True,2019_annual2019publishedoutputrefresh.xls
2019-09-01,E12000003,Yorkshire and The Humber,3909,2019,True,2019_annual2019publishedoutputrefresh.xls
2019-10-01,E12000003,Yorkshire and The Humber,4598,2019,True,2019_annual2019publishedoutputrefresh.xls
2019-11-01,E12000003,Yorkshire and The Humber,4511,2019,True,2019_annual2019publishedoutputrefresh.xls
2019-12-01,E12000003,Yorkshire and The Humber,4581,2019,True,2019_annual2019publishedoutputrefresh.xls
2020-01-01,E12000003,Yorkshire and The Humber,5615,2020,True,2020_annual2020publishedoutputrefresh.xls
2020-02-01,E12000003,Yorkshire and The Humber,4308,2020,True,2020_annual2020publishedoutputrefresh.xls
2020-03-01,E12000003,Yorkshire and The Humber,4677,2020,True,2020_annual2020publishedoutputrefresh.xls
2020-04-01,E12000003,Yorkshire and The Humber,7987,2020,True,2020_annual2020publishedoutputrefresh.xls
2020-05-01,E12000003,Yorkshire and The Humber,5535,2020,True,2020_annual2020publishedoutputrefresh.xls
2020-06-01,E12000003,Yorkshire and The Humber,4291,2020,True,2020_annual2020publishedoutputrefresh.xls
2020-07-01,E12000003,Yorkshire and The Humber,3855,2020,True,2020_annual2020publishedoutputrefresh.xls
2020-08-01,E12000003,Yorkshire and The Humber,3520,2020,True,2020_annual2020publishedoutputrefresh.xls
2020-09-01,E12000003,Yorkshire and The Humber,4227,2020,True,2020_annual2020publishedoutputrefresh.xls
2020-10-01,E12000003,Yorkshire and The Humber,4756,2020,True,2020_annual2020publishedoutputrefresh.xls
2020-11-01,E12000003,Yorkshire and The Humber,5855,2020,True,2020_annual2020publishedoutputrefresh.xls
2020-12-01,E12000003,Yorkshire and The Humber,5825,2020,True,2020_annual2020publishedoutputrefresh.xls
2021-01-01,E12000003,Yorkshire and The Humber,5988,2021,True,2021_deathsregisteredmonthly2021finalised.xlsx
2021-02-01,E12000003,Yorkshire and The Humber,5056,2021,True,2021_deathsregisteredmonthly2021finalised.xlsx
2021-03-01,E12000003,Yorkshire and The Humber,4776,2021,True,2021_deathsregisteredmonthly2021finalised.xlsx
2021-04-01,E12000003,Yorkshire and The Humber,4113,2021,True,2021_deathsregisteredmonthly2021finalised.xlsx
2021-05-01,E12000003,Yorkshire and The Humber,3774,2021,True,2021_deathsregisteredmonthly2021finalised.xlsx
2021-06-01,E12000003,Yorkshire and The Humber,4102,2021,True,2021_deathsregisteredmonthly2021finalised.xlsx
2021-07-01,E12000003,Yorkshire and The Humber,4226,2021,True,2021_deathsregisteredmonthly2021finalised.xlsx
2021-08-01,E12000003,Yorkshire and The Humber,4409,2021,True,2021_deathsregisteredmonthly2021finalised.xlsx
2021-09-01,E12000003,Yorkshire and The Humber,4698,2021,True,2021_deathsregisteredmonthly2021finalised.xlsx
2021-10-01,E12000003,Yorkshire and The Humber,4543,2021,True,2021_deathsregisteredmonthly2021finalised.xlsx
2021-11-01,E12000003,Yorkshire and The Humber,5296,2021,True,2021_deathsregisteredmonthly2021finalised.xlsx
2021-12-01,E12000003,Yorkshire and The Humber,5174,2021,True,2021_deathsregisteredmonthly2021finalised.xlsx
2022-01-01,E12000003,Yorkshire and The Humber,5412,2022,True,2022_processorannualdeaths2022.xlsx
2022-02-01,E12000003,Yorkshire and The Humber,4485,2022,True,2022_processorannualdeaths2022.xlsx
2022-03-01,E12000003,Yorkshire and The Humber,4864,2022,True,2022_processorannualdeaths2022.xlsx
2022-04-01,E12000003,Yorkshire and The Humber,4663,2022,True,2022_processorannualdeaths2022.xlsx
2022-05-01,E12000003,Yorkshire and The Humber,4695,2022,True,2022_processorannualdeaths2022.xlsx
2022-06-01,E12000003,Yorkshire and The Humber,4342,2022,True,2022_processorannualdeaths2022.xlsx
2022-07-01,E12000003,Yorkshire and The Humber,4404,2022,True,2022_processorannualdeaths2022.xlsx
2022-08-01,E12000003,Yorkshire and The Humber,4615,2022,True,2022_processorannualdeaths2022.xlsx
2022-09-01,E12000003,Yorkshire and The Humber,4288,2022,True,2022_processorannualdeaths2022.xlsx
2022-10-01,E12000003,Yorkshire and The Humber,4921,2022,True,2022_processorannualdeaths2022.xlsx
2022-11-01,E12000003,Yorkshire and The Humber,5170,2022,True,2022_processorannualdeaths2022.xlsx
2022-12-01,E12000003,Yorkshire and The Humber,5363,2022,True,2022_processorannualdeaths2022.xlsx
2023-01-01,E12000003,Yorkshire and The Humber,6685,2023,True,2023_monthlydeathsfinalised2023.xlsx
2023-02-01,E12000003,Yorkshire and The Humber,4653,2023,True,2023_monthlydeathsfinalised2023.xlsx
2023-03-01,E12000003,Yorkshire and The Humber,5258,2023,True,2023_monthlydeathsfinalised2023.xlsx
2023-04-01,E12000003,Yorkshire and The Humber,4411,2023,True,2023_monthlydeathsfinalised2023.xlsx
2023-05-01,E12000003,Yorkshire and The Humber,4693,2023,True,2023_monthlydeathsfinalised2023.xlsx
2023-06-01,E12000003,Yorkshire and The Humber,4604,2023,True,2023_monthlydeathsfinalised2023.xlsx
2023-07-01,E12000003,Yorkshire and The Humber,4048,2023,True,2023_monthlydeathsfinalised2023.xlsx
2023-08-01,E12000003,Yorkshire and The Humber,4395,2023,True,2023_monthlydeathsfinalised2023.xlsx
2023-09-01,E12000003,Yorkshire and The Humber,4302,2023,True,2023_monthlydeathsfinalised2023.xlsx
2023-10-01,E12000003,Yorkshire and The Humber,4513,2023,True,2023_monthlydeathsfinalised2023.xlsx
2023-11-01,E12000003,Yorkshire and The Humber,4942,2023,True,2023_monthlydeathsfinalised2023.xlsx
2023-12-01,E12000003,Yorkshire and The Humber,4505,2023,True,2023_monthlydeathsfinalised2023.xlsx
2024-01-01,E12000003,Yorkshire and The Humber,5922,2024,True,2024_monthlydeaths2024final1.xlsx
2024-02-01,E12000003,Yorkshire and The Humber,4982,2024,True,2024_monthlydeaths2024final1.xlsx
2024-03-01,E12000003,Yorkshire and The Humber,4478,2024,True,2024_monthlydeaths2024final1.xlsx
2024-04-01,E12000003,Yorkshire and The Humber,4783,2024,True,2024_monthlydeaths2024final1.xlsx
2024-05-01,E12000003,Yorkshire and The Humber,4653,2024,True,2024_monthlydeaths2024final1.xlsx
2024-06-01,E12000003,Yorkshire and The Humber,4270,2024,True,2024_monthlydeaths2024final1.xlsx
2024-07-01,E12000003,Yorkshire and The Humber,4587,2024,True,2024_monthlydeaths2024final1.xlsx
2024-08-01,E12000003,Yorkshire and The Humber,4234,2024,True,2024_monthlydeaths2024final1.xlsx
2024-09-01,E12000003,Yorkshire and The Humber,4069,2024,True,2024_monthlydeaths2024final1.xlsx
2024-10-01,E12000003,Yorkshire and The Humber,4933,2024,True,2024_monthlydeaths2024final1.xlsx
2024-11-01,E12000003,Yorkshire and The Humber,4613,2024,True,2024_monthlydeaths2024final1.xlsx
2024-12-01,E12000003,Yorkshire and The Humber,4945,2024,True,2024_monthlydeaths2024final1.xlsx
2006-01-01,E12000004,East Midlands,3977,2006,True,2006_publishedoutput200tcm772274163.xls
2006-02-01,E12000004,East Midlands,3559,2006,True,2006_publishedoutput200tcm772274163.xls
2006-03-01,E12000004,East Midlands,4036,2006,True,2006_publishedoutput200tcm772274163.xls
2006-04-01,E12000004,East Midlands,3460,2006,True,2006_publishedoutput200tcm772274163.xls
2006-05-01,E12000004,East Midlands,3444,2006,True,2006_publishedoutput200tcm772274163.xls
2006-06-01,E12000004,East Midlands,3379,2006,True,2006_publishedoutput200tcm772274163.xls
2006-07-01,E12000004,East Midlands,3313,2006,True,2006_publishedoutput200tcm772274163.xls
2006-08-01,E12000004,East Midlands,3280,2006,True,2006_publishedoutput200tcm772274163.xls
2006-09-01,E12000004,East Midlands,2947,2006,True,2006_publishedoutput200tcm772274163.xls
2006-10-01,E12000004,East Midlands,3409,2006,True,2006_publishedoutput200tcm772274163.xls
2006-11-01,E12000004,East Midlands,3593,2006,True,2006_publishedoutput200tcm772274163.xls
2006-12-01,E12000004,East Midlands,3411,2006,True,2006_publishedoutput200tcm772274163.xls
2007-01-01,E12000004,East Midlands,4020,2007,True,2007_publishedoutput200tcm772274233.xls
2007-02-01,E12000004,East Midlands,3786,2007,True,2007_publishedoutput200tcm772274233.xls
2007-03-01,E12000004,East Midlands,3687,2007,True,2007_publishedoutput200tcm772274233.xls
2007-04-01,E12000004,East Midlands,3322,2007,True,2007_publishedoutput200tcm772274233.xls
2007-05-01,E12000004,East Midlands,3437,2007,True,2007_publishedoutput200tcm772274233.xls
2007-06-01,E12000004,East Midlands,3101,2007,True,2007_publishedoutput200tcm772274233.xls
2007-07-01,E12000004,East Midlands,3254,2007,True,2007_publishedoutput200tcm772274233.xls
2007-08-01,E12000004,East Midlands,3228,2007,True,2007_publishedoutput200tcm772274233.xls
2007-09-01,E12000004,East Midlands,2897,2007,True,2007_publishedoutput200tcm772274233.xls
2007-10-01,E12000004,East Midlands,3566,2007,True,2007_publishedoutput200tcm772274233.xls
2007-11-01,E12000004,East Midlands,3497,2007,True,2007_publishedoutput200tcm772274233.xls
2007-12-01,E12000004,East Midlands,3616,2007,True,2007_publishedoutput200tcm772274233.xls
2008-01-01,E12000004,East Midlands,4197,2008,True,2008_publishedoutput200tcm772274292.xls
2008-02-01,E12000004,East Midlands,3471,2008,True,2008_publishedoutput200tcm772274292.xls
2008-03-01,E12000004,East Midlands,3454,2008,True,2008_publishedoutput200tcm772274292.xls
2008-04-01,E12000004,East Midlands,3888,2008,True,2008_publishedoutput200tcm772274292.xls
2008-05-01,E12000004,East Midlands,3224,2008,True,2008_publishedoutput200tcm772274292.xls
2008-06-01,E12000004,East Midlands,3194,2008,True,2008_publishedoutput200tcm772274292.xls
2008-07-01,E12000004,East Midlands,3326,2008,True,2008_publishedoutput200tcm772274292.xls
2008-08-01,E12000004,East Midlands,2926,2008,True,2008_publishedoutput200tcm772274292.xls
2008-09-01,E12000004,East Midlands,3178,2008,True,2008_publishedoutput200tcm772274292.xls
2008-10-01,E12000004,East Midlands,3527,2008,True,2008_publishedoutput200tcm772274292.xls
2008-11-01,E12000004,East Midlands,3324,2008,True,2008_publishedoutput200tcm772274292.xls
2008-12-01,E12000004,East Midlands,4587,2008,True,2008_publishedoutput200tcm772274292.xls
2009-01-01,E12000004,East Midlands,4476,2009,True,2009_publishedoutput200tcm772274362.xls
2009-02-01,E12000004,East Midlands,3354,2009,True,2009_publishedoutput200tcm772274362.xls
2009-03-01,E12000004,East Midlands,3520,2009,True,2009_publishedoutput200tcm772274362.xls
2009-04-01,E12000004,East Midlands,3443,2009,True,2009_publishedoutput200tcm772274362.xls
2009-05-01,E12000004,East Midlands,3107,2009,True,2009_publishedoutput200tcm772274362.xls
2009-06-01,E12000004,East Midlands,3290,2009,True,2009_publishedoutput200tcm772274362.xls
2009-07-01,E12000004,East Midlands,3083,2009,True,2009_publishedoutput200tcm772274362.xls
2009-08-01,E12000004,East Midlands,2847,2009,True,2009_publishedoutput200tcm772274362.xls
2009-09-01,E12000004,East Midlands,3194,2009,True,2009_publishedoutput200tcm772274362.xls
2009-10-01,E12000004,East Midlands,3425,2009,True,2009_publishedoutput200tcm772274362.xls
2009-11-01,E12000004,East Midlands,3340,2009,True,2009_publishedoutput200tcm772274362.xls
2009-12-01,E12000004,East Midlands,3801,2009,True,2009_publishedoutput200tcm772274362.xls
2010-01-01,E12000004,East Midlands,4103,2010,True,2010_publishedoutputfeb021tcm772274383.xls
2010-02-01,E12000004,East Midlands,3413,2010,True,2010_publishedoutputfeb021tcm772274383.xls
2010-03-01,E12000004,East Midlands,3698,2010,True,2010_publishedoutputfeb021tcm772274383.xls
2010-04-01,E12000004,East Midlands,3352,2010,True,2010_publishedoutputfeb021tcm772274383.xls
2010-05-01,E12000004,East Midlands,3025,2010,True,2010_publishedoutputfeb021tcm772274383.xls
2010-06-01,E12000004,East Midlands,3322,2010,True,2010_publishedoutputfeb021tcm772274383.xls
2010-07-01,E12000004,East Midlands,3008,2010,True,2010_publishedoutputfeb021tcm772274383.xls
2010-08-01,E12000004,East Midlands,2883,2010,True,2010_publishedoutputfeb021tcm772274383.xls
2010-09-01,E12000004,East Midlands,3390,2010,True,2010_publishedoutputfeb021tcm772274383.xls
2010-10-01,E12000004,East Midlands,3135,2010,True,2010_publishedoutputfeb021tcm772274383.xls
2010-11-01,E12000004,East Midlands,3616,2010,True,2010_publishedoutputfeb021tcm772274383.xls
2010-12-01,E12000004,East Midlands,4025,2010,True,2010_publishedoutputfeb021tcm772274383.xls
2011-01-01,E12000004,East Midlands,4392,2011,True,2011_publishedoutput2011finaltcm772738151.xls
2011-02-01,E12000004,East Midlands,3291,2011,True,2011_publishedoutput2011finaltcm772738151.xls
2011-03-01,E12000004,East Midlands,3664,2011,True,2011_publishedoutput2011finaltcm772738151.xls
2011-04-01,E12000004,East Midlands,3156,2011,True,2011_publishedoutput2011finaltcm772738151.xls
2011-05-01,E12000004,East Midlands,3209,2011,True,2011_publishedoutput2011finaltcm772738151.xls
2011-06-01,E12000004,East Midlands,3300,2011,True,2011_publishedoutput2011finaltcm772738151.xls
2011-07-01,E12000004,East Midlands,2901,2011,True,2011_publishedoutput2011finaltcm772738151.xls
2011-08-01,E12000004,East Midlands,3125,2011,True,2011_publishedoutput2011finaltcm772738151.xls
2011-09-01,E12000004,East Midlands,3170,2011,True,2011_publishedoutput2011finaltcm772738151.xls
2011-10-01,E12000004,East Midlands,3078,2011,True,2011_publishedoutput2011finaltcm772738151.xls
2011-11-01,E12000004,East Midlands,3442,2011,True,2011_publishedoutput2011finaltcm772738151.xls
2011-12-01,E12000004,East Midlands,3651,2011,True,2011_publishedoutput2011finaltcm772738151.xls
2012-01-01,E12000004,East Midlands,3854,2012,True,2012_publishedoutput2012finaltcm773197501.xls
2012-02-01,E12000004,East Midlands,3724,2012,True,2012_publishedoutput2012finaltcm773197501.xls
2012-03-01,E12000004,East Midlands,3698,2012,True,2012_publishedoutput2012finaltcm773197501.xls
2012-04-01,E12000004,East Midlands,3526,2012,True,2012_publishedoutput2012finaltcm773197501.xls
2012-05-01,E12000004,East Midlands,3660,2012,True,2012_publishedoutput2012finaltcm773197501.xls
2012-06-01,E12000004,East Midlands,3131,2012,True,2012_publishedoutput2012finaltcm773197501.xls
2012-07-01,E12000004,East Midlands,3256,2012,True,2012_publishedoutput2012finaltcm773197501.xls
2012-08-01,E12000004,East Midlands,3265,2012,True,2012_publishedoutput2012finaltcm773197501.xls
2012-09-01,E12000004,East Midlands,2943,2012,True,2012_publishedoutput2012finaltcm773197501.xls
2012-10-01,E12000004,East Midlands,3519,2012,True,2012_publishedoutput2012finaltcm773197501.xls
2012-11-01,E12000004,East Midlands,3444,2012,True,2012_publishedoutput2012finaltcm773197501.xls
2012-12-01,E12000004,East Midlands,3558,2012,True,2012_publishedoutput2012finaltcm773197501.xls
2013-01-01,E12000004,East Midlands,4363,2013,True,2013_publishedoutput2013finaltcm773717241.xls
2013-02-01,E12000004,East Midlands,3633,2013,True,2013_publishedoutput2013finaltcm773717241.xls
2013-03-01,E12000004,East Midlands,3811,2013,True,2013_publishedoutput2013finaltcm773717241.xls
2013-04-01,E12000004,East Midlands,4121,2013,True,2013_publishedoutput2013finaltcm773717241.xls
2013-05-01,E12000004,East Midlands,3482,2013,True,2013_publishedoutput2013finaltcm773717241.xls
2013-06-01,E12000004,East Midlands,3005,2013,True,2013_publishedoutput2013finaltcm773717241.xls
2013-07-01,E12000004,East Midlands,3343,2013,True,2013_publishedoutput2013finaltcm773717241.xls
2013-08-01,E12000004,East Midlands,2902,2013,True,2013_publishedoutput2013finaltcm773717241.xls
2013-09-01,E12000004,East Midlands,3043,2013,True,2013_publishedoutput2013finaltcm773717241.xls
2013-10-01,E12000004,East Midlands,3621,2013,True,2013_publishedoutput2013finaltcm773717241.xls
2013-11-01,E12000004,East Midlands,3365,2013,True,2013_publishedoutput2013finaltcm773717241.xls
2013-12-01,E12000004,East Midlands,3588,2013,True,2013_publishedoutput2013finaltcm773717241.xls
2014-01-01,E12000004,East Midlands,4093,2014,True,2014_publishedoutput2014finaltcm774115982.xls
2014-02-01,E12000004,East Midlands,3498,2014,True,2014_publishedoutput2014finaltcm774115982.xls
2014-03-01,E12000004,East Midlands,3485,2014,True,2014_publishedoutput2014finaltcm774115982.xls
2014-04-01,E12000004,East Midlands,3466,2014,True,2014_publishedoutput2014finaltcm774115982.xls
2014-05-01,E12000004,East Midlands,3300,2014,True,2014_publishedoutput2014finaltcm774115982.xls
2014-06-01,E12000004,East Midlands,3297,2014,True,2014_publishedoutput2014finaltcm774115982.xls
2014-07-01,E12000004,East Midlands,3498,2014,True,2014_publishedoutput2014finaltcm774115982.xls
2014-08-01,E12000004,East Midlands,3003,2014,True,2014_publishedoutput2014finaltcm774115982.xls
2014-09-01,E12000004,East Midlands,3301,2014,True,2014_publishedoutput2014finaltcm774115982.xls
2014-10-01,E12000004,East Midlands,3599,2014,True,2014_publishedoutput2014finaltcm774115982.xls
2014-11-01,E12000004,East Midlands,3323,2014,True,2014_publishedoutput2014finaltcm774115982.xls
2014-12-01,E12000004,East Midlands,4076,2014,True,2014_publishedoutput2014finaltcm774115982.xls
2015-01-01,E12000004,East Midlands,5239,2015,True,2015_publishedoutput2015final.xls
2015-02-01,E12000004,East Midlands,4011,2015,True,2015_publishedoutput2015final.xls
2015-03-01,E12000004,East Midlands,4005,2015,True,2015_publishedoutput2015final.xls
2015-04-01,E12000004,East Midlands,3913,2015,True,2015_publishedoutput2015final.xls
2015-05-01,E12000004,East Midlands,3342,2015,True,2015_publishedoutput2015final.xls
2015-06-01,E12000004,East Midlands,3493,2015,True,2015_publishedoutput2015final.xls
2015-07-01,E12000004,East Midlands,3482,2015,True,2015_publishedoutput2015final.xls
2015-08-01,E12000004,East Midlands,3007,2015,True,2015_publishedoutput2015final.xls
2015-09-01,E12000004,East Midlands,3523,2015,True,2015_publishedoutput2015final.xls
2015-10-01,E12000004,East Midlands,3594,2015,True,2015_publishedoutput2015final.xls
2015-11-01,E12000004,East Midlands,3486,2015,True,2015_publishedoutput2015final.xls
2015-12-01,E12000004,East Midlands,3921,2015,True,2015_publishedoutput2015final.xls
2016-01-01,E12000004,East Midlands,3855,2016,True,2016_publishedoutput2016final.xls
2016-02-01,E12000004,East Midlands,3836,2016,True,2016_publishedoutput2016final.xls
2016-03-01,E12000004,East Midlands,4042,2016,True,2016_publishedoutput2016final.xls
2016-04-01,E12000004,East Midlands,3822,2016,True,2016_publishedoutput2016final.xls
2016-05-01,E12000004,East Midlands,3470,2016,True,2016_publishedoutput2016final.xls
2016-06-01,E12000004,East Midlands,3642,2016,True,2016_publishedoutput2016final.xls
2016-07-01,E12000004,East Midlands,3321,2016,True,2016_publishedoutput2016final.xls
2016-08-01,E12000004,East Midlands,3382,2016,True,2016_publishedoutput2016final.xls
2016-09-01,E12000004,East Midlands,3385,2016,True,2016_publishedoutput2016final.xls
2016-10-01,E12000004,East Midlands,3411,2016,True,2016_publishedoutput2016final.xls
2016-11-01,E12000004,East Midlands,3919,2016,True,2016_publishedoutput2016final.xls
2016-12-01,E12000004,East Midlands,3942,2016,True,2016_publishedoutput2016final.xls
2017-01-01,E12000004,East Midlands,4907,2017,True,2017_publishedoutputannual2017final.xls
2017-02-01,E12000004,East Midlands,3973,2017,True,2017_publishedoutputannual2017final.xls
2017-03-01,E12000004,East Midlands,4381,2017,True,2017_publishedoutputannual2017final.xls
2017-04-01,E12000004,East Midlands,3251,2017,True,2017_publishedoutputannual2017final.xls
2017-05-01,E12000004,East Midlands,3770,2017,True,2017_publishedoutputannual2017final.xls
2017-06-01,E12000004,East Midlands,3659,2017,True,2017_publishedoutputannual2017final.xls
2017-07-01,E12000004,East Midlands,3369,2017,True,2017_publishedoutputannual2017final.xls
2017-08-01,E12000004,East Midlands,3443,2017,True,2017_publishedoutputannual2017final.xls
2017-09-01,E12000004,East Midlands,3324,2017,True,2017_publishedoutputannual2017final.xls
2017-10-01,E12000004,East Midlands,3540,2017,True,2017_publishedoutputannual2017final.xls
2017-11-01,E12000004,East Midlands,3876,2017,True,2017_publishedoutputannual2017final.xls
2017-12-01,E12000004,East Midlands,3869,2017,True,2017_publishedoutputannual2017final.xls
2018-01-01,E12000004,East Midlands,5400,2018,True,2018_publishedannual2018.xls
2018-02-01,E12000004,East Midlands,4191,2018,True,2018_publishedannual2018.xls
2018-03-01,E12000004,East Midlands,4412,2018,True,2018_publishedannual2018.xls
2018-04-01,E12000004,East Midlands,4016,2018,True,2018_publishedannual2018.xls
2018-05-01,E12000004,East Midlands,3764,2018,True,2018_publishedannual2018.xls
2018-06-01,E12000004,East Midlands,3446,2018,True,2018_publishedannual2018.xls
2018-07-01,E12000004,East Midlands,3388,2018,True,2018_publishedannual2018.xls
2018-08-01,E12000004,East Midlands,3425,2018,True,2018_publishedannual2018.xls
2018-09-01,E12000004,East Midlands,3170,2018,True,2018_publishedannual2018.xls
2018-10-01,E12000004,East Midlands,3811,2018,True,2018_publishedannual2018.xls
2018-11-01,E12000004,East Midlands,3691,2018,True,2018_publishedannual2018.xls
2018-12-01,E12000004,East Midlands,3521,2018,True,2018_publishedannual2018.xls
2019-01-01,E12000004,East Midlands,4589,2019,True,2019_annual2019publishedoutputrefresh.xls
2019-02-01,E12000004,East Midlands,3892,2019,True,2019_annual2019publishedoutputrefresh.xls
2019-03-01,E12000004,East Midlands,3800,2019,True,2019_annual2019publishedoutputrefresh.xls
2019-04-01,E12000004,East Midlands,3761,2019,True,2019_annual2019publishedoutputrefresh.xls
2019-05-01,E12000004,East Midlands,3813,2019,True,2019_annual2019publishedoutputrefresh.xls
2019-06-01,E12000004,East Midlands,3254,2019,True,2019_annual2019publishedoutputrefresh.xls
2019-07-01,E12000004,East Midlands,3575,2019,True,2019_annual2019publishedoutputrefresh.xls
2019-08-01,E12000004,East Midlands,3252,2019,True,2019_annual2019publishedoutputrefresh.xls
2019-09-01,E12000004,East Midlands,3471,2019,True,2019_annual2019publishedoutputrefresh.xls
2019-10-01,E12000004,East Midlands,3961,2019,True,2019_annual2019publishedoutputrefresh.xls
2019-11-01,E12000004,East Midlands,3840,2019,True,2019_annual2019publishedoutputrefresh.xls
2019-12-01,E12000004,East Midlands,4221,2019,True,2019_annual2019publishedoutputrefresh.xls
2020-01-01,E12000004,East Midlands,4861,2020,True,2020_annual2020publishedoutputrefresh.xls
2020-02-01,E12000004,East Midlands,3758,2020,True,2020_annual2020publishedoutputrefresh.xls
2020-03-01,E12000004,East Midlands,4146,2020,True,2020_annual2020publishedoutputrefresh.xls
2020-04-01,E12000004,East Midlands,6769,2020,True,2020_annual2020publishedoutputrefresh.xls
2020-05-01,E12000004,East Midlands,4527,2020,True,2020_annual2020publishedoutputrefresh.xls
2020-06-01,E12000004,East Midlands,3866,2020,True,2020_annual2020publishedoutputrefresh.xls
2020-07-01,E12000004,East Midlands,3600,2020,True,2020_annual2020publishedoutputrefresh.xls
2020-08-01,E12000004,East Midlands,3165,2020,True,2020_annual2020publishedoutputrefresh.xls
2020-09-01,E12000004,East Midlands,3597,2020,True,2020_annual2020publishedoutputrefresh.xls
2020-10-01,E12000004,East Midlands,3927,2020,True,2020_annual2020publishedoutputrefresh.xls
2020-11-01,E12000004,East Midlands,4593,2020,True,2020_annual2020publishedoutputrefresh.xls
2020-12-01,E12000004,East Midlands,5247,2020,True,2020_annual2020publishedoutputrefresh.xls
2021-01-01,E12000004,East Midlands,5720,2021,True,2021_deathsregisteredmonthly2021finalised.xlsx
2021-02-01,E12000004,East Midlands,5194,2021,True,2021_deathsregisteredmonthly2021finalised.xlsx
2021-03-01,E12000004,East Midlands,4384,2021,True,2021_deathsregisteredmonthly2021finalised.xlsx
2021-04-01,E12000004,East Midlands,3639,2021,True,2021_deathsregisteredmonthly2021finalised.xlsx
2021-05-01,E12000004,East Midlands,3312,2021,True,2021_deathsregisteredmonthly2021finalised.xlsx
2021-06-01,E12000004,East Midlands,3560,2021,True,2021_deathsregisteredmonthly2021finalised.xlsx
2021-07-01,E12000004,East Midlands,3675,2021,True,2021_deathsregisteredmonthly2021finalised.xlsx
2021-08-01,E12000004,East Midlands,3885,2021,True,2021_deathsregisteredmonthly2021finalised.xlsx
2021-09-01,E12000004,East Midlands,4115,2021,True,2021_deathsregisteredmonthly2021finalised.xlsx
2021-10-01,E12000004,East Midlands,3958,2021,True,2021_deathsregisteredmonthly2021finalised.xlsx
2021-11-01,E12000004,East Midlands,4406,2021,True,2021_deathsregisteredmonthly2021finalised.xlsx
2021-12-01,E12000004,East Midlands,4600,2021,True,2021_deathsregisteredmonthly2021finalised.xlsx
2022-01-01,E12000004,East Midlands,4565,2022,True,2022_processorannualdeaths2022.xlsx
2022-02-01,E12000004,East Midlands,4043,2022,True,2022_processorannualdeaths2022.xlsx
2022-03-01,E12000004,East Midlands,4099,2022,True,2022_processorannualdeaths2022.xlsx
2022-04-01,E12000004,East Midlands,3989,2022,True,2022_processorannualdeaths2022.xlsx
2022-05-01,E12000004,East Midlands,4188,2022,True,2022_processorannualdeaths2022.xlsx
2022-06-01,E12000004,East Midlands,3864,2022,True,2022_processorannualdeaths2022.xlsx
2022-07-01,E12000004,East Midlands,3949,2022,True,2022_processorannualdeaths2022.xlsx
2022-08-01,E12000004,East Midlands,4106,2022,True,2022_processorannualdeaths2022.xlsx
2022-09-01,E12000004,East Midlands,3939,2022,True,2022_processorannualdeaths2022.xlsx
2022-10-01,E12000004,East Midlands,4151,2022,True,2022_processorannualdeaths2022.xlsx
2022-11-01,E12000004,East Midlands,4407,2022,True,2022_processorannualdeaths2022.xlsx
2022-12-01,E12000004,East Midlands,4595,2022,True,2022_processorannualdeaths2022.xlsx
2023-01-01,E12000004,East Midlands,5835,2023,True,2023_monthlydeathsfinalised2023.xlsx
2023-02-01,E12000004,East Midlands,4291,2023,True,2023_monthlydeathsfinalised2023.xlsx
2023-03-01,E12000004,East Midlands,4828,2023,True,2023_monthlydeathsfinalised2023.xlsx
2023-04-01,E12000004,East Midlands,3913,2023,True,2023_monthlydeathsfinalised2023.xlsx
2023-05-01,E12000004,East Midlands,4114,2023,True,2023_monthlydeathsfinalised2023.xlsx
2023-06-01,E12000004,East Midlands,4042,2023,True,2023_monthlydeathsfinalised2023.xlsx
2023-07-01,E12000004,East Midlands,3428,2023,True,2023_monthlydeathsfinalised2023.xlsx
2023-08-01,E12000004,East Midlands,3943,2023,True,2023_monthlydeathsfinalised2023.xlsx
2023-09-01,E12000004,East Midlands,3648,2023,True,2023_monthlydeathsfinalised2023.xlsx
2023-10-01,E12000004,East Midlands,3980,2023,True,2023_monthlydeathsfinalised2023.xlsx
2023-11-01,E12000004,East Midlands,4455,2023,True,2023_monthlydeathsfinalised2023.xlsx
2023-12-01,E12000004,East Midlands,4026,2023,True,2023_monthlydeathsfinalised2023.xlsx
2024-01-01,E12000004,East Midlands,5001,2024,True,2024_monthlydeaths2024final1.xlsx
2024-02-01,E12000004,East Midlands,4305,2024,True,2024_monthlydeaths2024final1.xlsx
2024-03-01,E12000004,East Midlands,3894,2024,True,2024_monthlydeaths2024final1.xlsx
2024-04-01,E12000004,East Midlands,4340,2024,True,2024_monthlydeaths2024final1.xlsx
2024-05-01,E12000004,East Midlands,4063,2024,True,2024_monthlydeaths2024final1.xlsx
2024-06-01,E12000004,East Midlands,3681,2024,True,2024_monthlydeaths2024final1.xlsx
2024-07-01,E12000004,East Midlands,4175,2024,True,2024_monthlydeaths2024final1.xlsx
2024-08-01,E12000004,East Midlands,3729,2024,True,2024_monthlydeaths2024final1.xlsx
2024-09-01,E12000004,East Midlands,3581,2024,True,2024_monthlydeaths2024final1.xlsx
2024-10-01,E12000004,East Midlands,4296,2024,True,2024_monthlydeaths2024final1.xlsx
2024-11-01,E12000004,East Midlands,4109,2024,True,2024_monthlydeaths2024final1.xlsx
2024-12-01,E12000004,East Midlands,4345,2024,True,2024_monthlydeaths2024final1.xlsx
2006-01-01,E12000005,West Midlands,5166,2006,True,2006_publishedoutput200tcm772274163.xls
2006-02-01,E12000005,West Midlands,4358,2006,True,2006_publishedoutput200tcm772274163.xls
2006-03-01,E12000005,West Midlands,5163,2006,True,2006_publishedoutput200tcm772274163.xls
2006-04-01,E12000005,West Midlands,4193,2006,True,2006_publishedoutput200tcm772274163.xls
2006-05-01,E12000005,West Midlands,4492,2006,True,2006_publishedoutput200tcm772274163.xls
2006-06-01,E12000005,West Midlands,4197,2006,True,2006_publishedoutput200tcm772274163.xls
2006-07-01,E12000005,West Midlands,4059,2006,True,2006_publishedoutput200tcm772274163.xls
2006-08-01,E12000005,West Midlands,4008,2006,True,2006_publishedoutput200tcm772274163.xls
2006-09-01,E12000005,West Midlands,3832,2006,True,2006_publishedoutput200tcm772274163.xls
2006-10-01,E12000005,West Midlands,4171,2006,True,2006_publishedoutput200tcm772274163.xls
2006-11-01,E12000005,West Midlands,4363,2006,True,2006_publishedoutput200tcm772274163.xls
2006-12-01,E12000005,West Midlands,4118,2006,True,2006_publishedoutput200tcm772274163.xls
2007-01-01,E12000005,West Midlands,5170,2007,True,2007_publishedoutput200tcm772274233.xls
2007-02-01,E12000005,West Midlands,4735,2007,True,2007_publishedoutput200tcm772274233.xls
2007-03-01,E12000005,West Midlands,4630,2007,True,2007_publishedoutput200tcm772274233.xls
2007-04-01,E12000005,West Midlands,4307,2007,True,2007_publishedoutput200tcm772274233.xls
2007-05-01,E12000005,West Midlands,4319,2007,True,2007_publishedoutput200tcm772274233.xls
2007-06-01,E12000005,West Midlands,3981,2007,True,2007_publishedoutput200tcm772274233.xls
2007-07-01,E12000005,West Midlands,4025,2007,True,2007_publishedoutput200tcm772274233.xls
2007-08-01,E12000005,West Midlands,3965,2007,True,2007_publishedoutput200tcm772274233.xls
2007-09-01,E12000005,West Midlands,3539,2007,True,2007_publishedoutput200tcm772274233.xls
2007-10-01,E12000005,West Midlands,4316,2007,True,2007_publishedoutput200tcm772274233.xls
2007-11-01,E12000005,West Midlands,4365,2007,True,2007_publishedoutput200tcm772274233.xls
2007-12-01,E12000005,West Midlands,4579,2007,True,2007_publishedoutput200tcm772274233.xls
2008-01-01,E12000005,West Midlands,5518,2008,True,2008_publishedoutput200tcm772274292.xls
2008-02-01,E12000005,West Midlands,4364,2008,True,2008_publishedoutput200tcm772274292.xls
2008-03-01,E12000005,West Midlands,4246,2008,True,2008_publishedoutput200tcm772274292.xls
2008-04-01,E12000005,West Midlands,4785,2008,True,2008_publishedoutput200tcm772274292.xls
2008-05-01,E12000005,West Midlands,3928,2008,True,2008_publishedoutput200tcm772274292.xls
2008-06-01,E12000005,West Midlands,3869,2008,True,2008_publishedoutput200tcm772274292.xls
2008-07-01,E12000005,West Midlands,4189,2008,True,2008_publishedoutput200tcm772274292.xls
2008-08-01,E12000005,West Midlands,3608,2008,True,2008_publishedoutput200tcm772274292.xls
2008-09-01,E12000005,West Midlands,3947,2008,True,2008_publishedoutput200tcm772274292.xls
2008-10-01,E12000005,West Midlands,4418,2008,True,2008_publishedoutput200tcm772274292.xls
2008-11-01,E12000005,West Midlands,3885,2008,True,2008_publishedoutput200tcm772274292.xls
2008-12-01,E12000005,West Midlands,5561,2008,True,2008_publishedoutput200tcm772274292.xls
2009-01-01,E12000005,West Midlands,5555,2009,True,2009_publishedoutput200tcm772274362.xls
2009-02-01,E12000005,West Midlands,4282,2009,True,2009_publishedoutput200tcm772274362.xls
2009-03-01,E12000005,West Midlands,4364,2009,True,2009_publishedoutput200tcm772274362.xls
2009-04-01,E12000005,West Midlands,4116,2009,True,2009_publishedoutput200tcm772274362.xls
2009-05-01,E12000005,West Midlands,3687,2009,True,2009_publishedoutput200tcm772274362.xls
2009-06-01,E12000005,West Midlands,3949,2009,True,2009_publishedoutput200tcm772274362.xls
2009-07-01,E12000005,West Midlands,3827,2009,True,2009_publishedoutput200tcm772274362.xls
2009-08-01,E12000005,West Midlands,3467,2009,True,2009_publishedoutput200tcm772274362.xls
2009-09-01,E12000005,West Midlands,3997,2009,True,2009_publishedoutput200tcm772274362.xls
2009-10-01,E12000005,West Midlands,4000,2009,True,2009_publishedoutput200tcm772274362.xls
2009-11-01,E12000005,West Midlands,4057,2009,True,2009_publishedoutput200tcm772274362.xls
2009-12-01,E12000005,West Midlands,4793,2009,True,2009_publishedoutput200tcm772274362.xls
2010-01-01,E12000005,West Midlands,4950,2010,True,2010_publishedoutputfeb021tcm772274383.xls
2010-02-01,E12000005,West Midlands,4169,2010,True,2010_publishedoutputfeb021tcm772274383.xls
2010-03-01,E12000005,West Midlands,4628,2010,True,2010_publishedoutputfeb021tcm772274383.xls
2010-04-01,E12000005,West Midlands,4184,2010,True,2010_publishedoutputfeb021tcm772274383.xls
2010-05-01,E12000005,West Midlands,3654,2010,True,2010_publishedoutputfeb021tcm772274383.xls
2010-06-01,E12000005,West Midlands,4109,2010,True,2010_publishedoutputfeb021tcm772274383.xls
2010-07-01,E12000005,West Midlands,3773,2010,True,2010_publishedoutputfeb021tcm772274383.xls
2010-08-01,E12000005,West Midlands,3779,2010,True,2010_publishedoutputfeb021tcm772274383.xls
2010-09-01,E12000005,West Midlands,3975,2010,True,2010_publishedoutputfeb021tcm772274383.xls
2010-10-01,E12000005,West Midlands,3923,2010,True,2010_publishedoutputfeb021tcm772274383.xls
2010-11-01,E12000005,West Midlands,4212,2010,True,2010_publishedoutputfeb021tcm772274383.xls
2010-12-01,E12000005,West Midlands,5023,2010,True,2010_publishedoutputfeb021tcm772274383.xls
2011-01-01,E12000005,West Midlands,5064,2011,True,2011_publishedoutput2011finaltcm772738151.xls
2011-02-01,E12000005,West Midlands,4023,2011,True,2011_publishedoutput2011finaltcm772738151.xls
2011-03-01,E12000005,West Midlands,4520,2011,True,2011_publishedoutput2011finaltcm772738151.xls
2011-04-01,E12000005,West Midlands,3671,2011,True,2011_publishedoutput2011finaltcm772738151.xls
2011-05-01,E12000005,West Midlands,4054,2011,True,2011_publishedoutput2011finaltcm772738151.xls
2011-06-01,E12000005,West Midlands,4046,2011,True,2011_publishedoutput2011finaltcm772738151.xls
2011-07-01,E12000005,West Midlands,3742,2011,True,2011_publishedoutput2011finaltcm772738151.xls
2011-08-01,E12000005,West Midlands,3851,2011,True,2011_publishedoutput2011finaltcm772738151.xls
2011-09-01,E12000005,West Midlands,3869,2011,True,2011_publishedoutput2011finaltcm772738151.xls
2011-10-01,E12000005,West Midlands,3738,2011,True,2011_publishedoutput2011finaltcm772738151.xls
2011-11-01,E12000005,West Midlands,4161,2011,True,2011_publishedoutput2011finaltcm772738151.xls
2011-12-01,E12000005,West Midlands,4371,2011,True,2011_publishedoutput2011finaltcm772738151.xls
2012-01-01,E12000005,West Midlands,4720,2012,True,2012_publishedoutput2012finaltcm773197501.xls
2012-02-01,E12000005,West Midlands,4445,2012,True,2012_publishedoutput2012finaltcm773197501.xls
2012-03-01,E12000005,West Midlands,4417,2012,True,2012_publishedoutput2012finaltcm773197501.xls
2012-04-01,E12000005,West Midlands,4204,2012,True,2012_publishedoutput2012finaltcm773197501.xls
2012-05-01,E12000005,West Midlands,4566,2012,True,2012_publishedoutput2012finaltcm773197501.xls
2012-06-01,E12000005,West Midlands,3784,2012,True,2012_publishedoutput2012finaltcm773197501.xls
2012-07-01,E12000005,West Midlands,4012,2012,True,2012_publishedoutput2012finaltcm773197501.xls
2012-08-01,E12000005,West Midlands,4079,2012,True,2012_publishedoutput2012finaltcm773197501.xls
2012-09-01,E12000005,West Midlands,3631,2012,True,2012_publishedoutput2012finaltcm773197501.xls
2012-10-01,E12000005,West Midlands,4345,2012,True,2012_publishedoutput2012finaltcm773197501.xls
2012-11-01,E12000005,West Midlands,4339,2012,True,2012_publishedoutput2012finaltcm773197501.xls
2012-12-01,E12000005,West Midlands,4358,2012,True,2012_publishedoutput2012finaltcm773197501.xls
2013-01-01,E12000005,West Midlands,5455,2013,True,2013_publishedoutput2013finaltcm773717241.xls
2013-02-01,E12000005,West Midlands,4538,2013,True,2013_publishedoutput2013finaltcm773717241.xls
2013-03-01,E12000005,West Midlands,4734,2013,True,2013_publishedoutput2013finaltcm773717241.xls
2013-04-01,E12000005,West Midlands,5263,2013,True,2013_publishedoutput2013finaltcm773717241.xls
2013-05-01,E12000005,West Midlands,4326,2013,True,2013_publishedoutput2013finaltcm773717241.xls
2013-06-01,E12000005,West Midlands,3621,2013,True,2013_publishedoutput2013finaltcm773717241.xls
2013-07-01,E12000005,West Midlands,4150,2013,True,2013_publishedoutput2013finaltcm773717241.xls
2013-08-01,E12000005,West Midlands,3655,2013,True,2013_publishedoutput2013finaltcm773717241.xls
2013-09-01,E12000005,West Midlands,3746,2013,True,2013_publishedoutput2013finaltcm773717241.xls
2013-10-01,E12000005,West Midlands,4301,2013,True,2013_publishedoutput2013finaltcm773717241.xls
2013-11-01,E12000005,West Midlands,4057,2013,True,2013_publishedoutput2013finaltcm773717241.xls
2013-12-01,E12000005,West Midlands,4414,2013,True,2013_publishedoutput2013finaltcm773717241.xls
2014-01-01,E12000005,West Midlands,5242,2014,True,2014_publishedoutput2014finaltcm774115982.xls
2014-02-01,E12000005,West Midlands,4271,2014,True,2014_publishedoutput2014finaltcm774115982.xls
2014-03-01,E12000005,West Midlands,4289,2014,True,2014_publishedoutput2014finaltcm774115982.xls
2014-04-01,E12000005,West Midlands,4268,2014,True,2014_publishedoutput2014finaltcm774115982.xls
2014-05-01,E12000005,West Midlands,3929,2014,True,2014_publishedoutput2014finaltcm774115982.xls
2014-06-01,E12000005,West Midlands,3967,2014,True,2014_publishedoutput2014finaltcm774115982.xls
2014-07-01,E12000005,West Midlands,4185,2014,True,2014_publishedoutput2014finaltcm774115982.xls
2014-08-01,E12000005,West Midlands,3694,2014,True,2014_publishedoutput2014finaltcm774115982.xls
2014-09-01,E12000005,West Midlands,4297,2014,True,2014_publishedoutput2014finaltcm774115982.xls
2014-10-01,E12000005,West Midlands,4441,2014,True,2014_publishedoutput2014finaltcm774115982.xls
2014-11-01,E12000005,West Midlands,4089,2014,True,2014_publishedoutput2014finaltcm774115982.xls
2014-12-01,E12000005,West Midlands,5032,2014,True,2014_publishedoutput2014finaltcm774115982.xls
2015-01-01,E12000005,West Midlands,6373,2015,True,2015_publishedoutput2015final.xls
2015-02-01,E12000005,West Midlands,4674,2015,True,2015_publishedoutput2015final.xls
2015-03-01,E12000005,West Midlands,4927,2015,True,2015_publishedoutput2015final.xls
2015-04-01,E12000005,West Midlands,4743,2015,True,2015_publishedoutput2015final.xls
2015-05-01,E12000005,West Midlands,4081,2015,True,2015_publishedoutput2015final.xls
2015-06-01,E12000005,West Midlands,4317,2015,True,2015_publishedoutput2015final.xls
2015-07-01,E12000005,West Midlands,4211,2015,True,2015_publishedoutput2015final.xls
2015-08-01,E12000005,West Midlands,3668,2015,True,2015_publishedoutput2015final.xls
2015-09-01,E12000005,West Midlands,4250,2015,True,2015_publishedoutput2015final.xls
2015-10-01,E12000005,West Midlands,4329,2015,True,2015_publishedoutput2015final.xls
2015-11-01,E12000005,West Midlands,4372,2015,True,2015_publishedoutput2015final.xls
2015-12-01,E12000005,West Midlands,4618,2015,True,2015_publishedoutput2015final.xls
2016-01-01,E12000005,West Midlands,5025,2016,True,2016_publishedoutput2016final.xls
2016-02-01,E12000005,West Midlands,4874,2016,True,2016_publishedoutput2016final.xls
2016-03-01,E12000005,West Midlands,4762,2016,True,2016_publishedoutput2016final.xls
2016-04-01,E12000005,West Midlands,4838,2016,True,2016_publishedoutput2016final.xls
2016-05-01,E12000005,West Midlands,4188,2016,True,2016_publishedoutput2016final.xls
2016-06-01,E12000005,West Midlands,4362,2016,True,2016_publishedoutput2016final.xls
2016-07-01,E12000005,West Midlands,3933,2016,True,2016_publishedoutput2016final.xls
2016-08-01,E12000005,West Midlands,4314,2016,True,2016_publishedoutput2016final.xls
2016-09-01,E12000005,West Midlands,4095,2016,True,2016_publishedoutput2016final.xls
2016-10-01,E12000005,West Midlands,4038,2016,True,2016_publishedoutput2016final.xls
2016-11-01,E12000005,West Midlands,4746,2016,True,2016_publishedoutput2016final.xls
2016-12-01,E12000005,West Midlands,4639,2016,True,2016_publishedoutput2016final.xls
2017-01-01,E12000005,West Midlands,5975,2017,True,2017_publishedoutputannual2017final.xls
2017-02-01,E12000005,West Midlands,4938,2017,True,2017_publishedoutputannual2017final.xls
2017-03-01,E12000005,West Midlands,5066,2017,True,2017_publishedoutputannual2017final.xls
2017-04-01,E12000005,West Midlands,4027,2017,True,2017_publishedoutputannual2017final.xls
2017-05-01,E12000005,West Midlands,4557,2017,True,2017_publishedoutputannual2017final.xls
2017-06-01,E12000005,West Midlands,4481,2017,True,2017_publishedoutputannual2017final.xls
2017-07-01,E12000005,West Midlands,4033,2017,True,2017_publishedoutputannual2017final.xls
2017-08-01,E12000005,West Midlands,4159,2017,True,2017_publishedoutputannual2017final.xls
2017-09-01,E12000005,West Midlands,4179,2017,True,2017_publishedoutputannual2017final.xls
2017-10-01,E12000005,West Midlands,4483,2017,True,2017_publishedoutputannual2017final.xls
2017-11-01,E12000005,West Midlands,4741,2017,True,2017_publishedoutputannual2017final.xls
2017-12-01,E12000005,West Midlands,4587,2017,True,2017_publishedoutputannual2017final.xls
2018-01-01,E12000005,West Midlands,6611,2018,True,2018_publishedannual2018.xls
2018-02-01,E12000005,West Midlands,5299,2018,True,2018_publishedannual2018.xls
2018-03-01,E12000005,West Midlands,5498,2018,True,2018_publishedannual2018.xls
2018-04-01,E12000005,West Midlands,4633,2018,True,2018_publishedannual2018.xls
2018-05-01,E12000005,West Midlands,4471,2018,True,2018_publishedannual2018.xls
2018-06-01,E12000005,West Midlands,4170,2018,True,2018_publishedannual2018.xls
2018-07-01,E12000005,West Midlands,4218,2018,True,2018_publishedannual2018.xls
2018-08-01,E12000005,West Midlands,4178,2018,True,2018_publishedannual2018.xls
2018-09-01,E12000005,West Midlands,3878,2018,True,2018_publishedannual2018.xls
2018-10-01,E12000005,West Midlands,4612,2018,True,2018_publishedannual2018.xls
2018-11-01,E12000005,West Midlands,4539,2018,True,2018_publishedannual2018.xls
2018-12-01,E12000005,West Midlands,4196,2018,True,2018_publishedannual2018.xls
2019-01-01,E12000005,West Midlands,5502,2019,True,2019_annual2019publishedoutputrefresh.xls
2019-02-01,E12000005,West Midlands,4779,2019,True,2019_annual2019publishedoutputrefresh.xls
2019-03-01,E12000005,West Midlands,4467,2019,True,2019_annual2019publishedoutputrefresh.xls
2019-04-01,E12000005,West Midlands,4529,2019,True,2019_annual2019publishedoutputrefresh.xls
2019-05-01,E12000005,West Midlands,4568,2019,True,2019_annual2019publishedoutputrefresh.xls
2019-06-01,E12000005,West Midlands,3989,2019,True,2019_annual2019publishedoutputrefresh.xls
2019-07-01,E12000005,West Midlands,4319,2019,True,2019_annual2019publishedoutputrefresh.xls
2019-08-01,E12000005,West Midlands,4012,2019,True,2019_annual2019publishedoutputrefresh.xls
2019-09-01,E12000005,West Midlands,4125,2019,True,2019_annual2019publishedoutputrefresh.xls
2019-10-01,E12000005,West Midlands,4725,2019,True,2019_annual2019publishedoutputrefresh.xls
2019-11-01,E12000005,West Midlands,4720,2019,True,2019_annual2019publishedoutputrefresh.xls
2019-12-01,E12000005,West Midlands,4866,2019,True,2019_annual2019publishedoutputrefresh.xls
2020-01-01,E12000005,West Midlands,6031,2020,True,2020_annual2020publishedoutputrefresh.xls
2020-02-01,E12000005,West Midlands,4505,2020,True,2020_annual2020publishedoutputrefresh.xls
2020-03-01,E12000005,West Midlands,5151,2020,True,2020_annual2020publishedoutputrefresh.xls
2020-04-01,E12000005,West Midlands,9932,2020,True,2020_annual2020publishedoutputrefresh.xls
2020-05-01,E12000005,West Midlands,5457,2020,True,2020_annual2020publishedoutputrefresh.xls
2020-06-01,E12000005,West Midlands,4563,2020,True,2020_annual2020publishedoutputrefresh.xls
2020-07-01,E12000005,West Midlands,4287,2020,True,2020_annual2020publishedoutputrefresh.xls
2020-08-01,E12000005,West Midlands,3871,2020,True,2020_annual2020publishedoutputrefresh.xls
2020-09-01,E12000005,West Midlands,4488,2020,True,2020_annual2020publishedoutputrefresh.xls
2020-10-01,E12000005,West Midlands,4854,2020,True,2020_annual2020publishedoutputrefresh.xls
2020-11-01,E12000005,West Midlands,5463,2020,True,2020_annual2020publishedoutputrefresh.xls
2020-12-01,E12000005,West Midlands,6137,2020,True,2020_annual2020publishedoutputrefresh.xls
2021-01-01,E12000005,West Midlands,7576,2021,True,2021_deathsregisteredmonthly2021finalised.xlsx
2021-02-01,E12000005,West Midlands,6449,2021,True,2021_deathsregisteredmonthly2021finalised.xlsx
2021-03-01,E12000005,West Midlands,5209,2021,True,2021_deathsregisteredmonthly2021finalised.xlsx
2021-04-01,E12000005,West Midlands,4266,2021,True,2021_deathsregisteredmonthly2021finalised.xlsx
2021-05-01,E12000005,West Midlands,3972,2021,True,2021_deathsregisteredmonthly2021finalised.xlsx
2021-06-01,E12000005,West Midlands,4139,2021,True,2021_deathsregisteredmonthly2021finalised.xlsx
2021-07-01,E12000005,West Midlands,4603,2021,True,2021_deathsregisteredmonthly2021finalised.xlsx
2021-08-01,E12000005,West Midlands,4471,2021,True,2021_deathsregisteredmonthly2021finalised.xlsx
2021-09-01,E12000005,West Midlands,4916,2021,True,2021_deathsregisteredmonthly2021finalised.xlsx
2021-10-01,E12000005,West Midlands,4910,2021,True,2021_deathsregisteredmonthly2021finalised.xlsx
2021-11-01,E12000005,West Midlands,5480,2021,True,2021_deathsregisteredmonthly2021finalised.xlsx
2021-12-01,E12000005,West Midlands,5537,2021,True,2021_deathsregisteredmonthly2021finalised.xlsx
2022-01-01,E12000005,West Midlands,5706,2022,True,2022_processorannualdeaths2022.xlsx
2022-02-01,E12000005,West Midlands,4899,2022,True,2022_processorannualdeaths2022.xlsx
2022-03-01,E12000005,West Midlands,5022,2022,True,2022_processorannualdeaths2022.xlsx
2022-04-01,E12000005,West Midlands,4758,2022,True,2022_processorannualdeaths2022.xlsx
2022-05-01,E12000005,West Midlands,5111,2022,True,2022_processorannualdeaths2022.xlsx
2022-06-01,E12000005,West Midlands,4467,2022,True,2022_processorannualdeaths2022.xlsx
2022-07-01,E12000005,West Midlands,4534,2022,True,2022_processorannualdeaths2022.xlsx
2022-08-01,E12000005,West Midlands,4934,2022,True,2022_processorannualdeaths2022.xlsx
2022-09-01,E12000005,West Midlands,4819,2022,True,2022_processorannualdeaths2022.xlsx
2022-10-01,E12000005,West Midlands,4875,2022,True,2022_processorannualdeaths2022.xlsx
2022-11-01,E12000005,West Midlands,5301,2022,True,2022_processorannualdeaths2022.xlsx
2022-12-01,E12000005,West Midlands,5362,2022,True,2022_processorannualdeaths2022.xlsx
2023-01-01,E12000005,West Midlands,7162,2023,True,2023_monthlydeathsfinalised2023.xlsx
2023-02-01,E12000005,West Midlands,5238,2023,True,2023_monthlydeathsfinalised2023.xlsx
2023-03-01,E12000005,West Midlands,5645,2023,True,2023_monthlydeathsfinalised2023.xlsx
2023-04-01,E12000005,West Midlands,4659,2023,True,2023_monthlydeathsfinalised2023.xlsx
2023-05-01,E12000005,West Midlands,4896,2023,True,2023_monthlydeathsfinalised2023.xlsx
2023-06-01,E12000005,West Midlands,4826,2023,True,2023_monthlydeathsfinalised2023.xlsx
2023-07-01,E12000005,West Midlands,4333,2023,True,2023_monthlydeathsfinalised2023.xlsx
2023-08-01,E12000005,West Midlands,4582,2023,True,2023_monthlydeathsfinalised2023.xlsx
2023-09-01,E12000005,West Midlands,4359,2023,True,2023_monthlydeathsfinalised2023.xlsx
2023-10-01,E12000005,West Midlands,4709,2023,True,2023_monthlydeathsfinalised2023.xlsx
2023-11-01,E12000005,West Midlands,5259,2023,True,2023_monthlydeathsfinalised2023.xlsx
2023-12-01,E12000005,West Midlands,4825,2023,True,2023_monthlydeathsfinalised2023.xlsx
2024-01-01,E12000005,West Midlands,6077,2024,True,2024_monthlydeaths2024final1.xlsx
2024-02-01,E12000005,West Midlands,5095,2024,True,2024_monthlydeaths2024final1.xlsx
2024-03-01,E12000005,West Midlands,4830,2024,True,2024_monthlydeaths2024final1.xlsx
2024-04-01,E12000005,West Midlands,5049,2024,True,2024_monthlydeaths2024final1.xlsx
2024-05-01,E12000005,West Midlands,5025,2024,True,2024_monthlydeaths2024final1.xlsx
2024-06-01,E12000005,West Midlands,4433,2024,True,2024_monthlydeaths2024final1.xlsx
2024-07-01,E12000005,West Midlands,4924,2024,True,2024_monthlydeaths2024final1.xlsx
2024-08-01,E12000005,West Midlands,4254,2024,True,2024_monthlydeaths2024final1.xlsx
2024-09-01,E12000005,West Midlands,4399,2024,True,2024_monthlydeaths2024final1.xlsx
2024-10-01,E12000005,West Midlands,5170,2024,True,2024_monthlydeaths2024final1.xlsx
2024-11-01,E12000005,West Midlands,4895,2024,True,2024_monthlydeaths2024final1.xlsx
2024-12-01,E12000005,West Midlands,5150,2024,True,2024_monthlydeaths2024final1.xlsx
2006-01-01,E12000006,East of England,5083,2006,True,2006_publishedoutput200tcm772274163.xls
2006-02-01,E12000006,East of England,4494,2006,True,2006_publishedoutput200tcm772274163.xls
2006-03-01,E12000006,East of England,5130,2006,True,2006_publishedoutput200tcm772274163.xls
2006-04-01,E12000006,East of England,4212,2006,True,2006_publishedoutput200tcm772274163.xls
2006-05-01,E12000006,East of England,4409,2006,True,2006_publishedoutput200tcm772274163.xls
2006-06-01,E12000006,East of England,4174,2006,True,2006_publishedoutput200tcm772274163.xls
2006-07-01,E12000006,East of England,3933,2006,True,2006_publishedoutput200tcm772274163.xls
2006-08-01,E12000006,East of England,4004,2006,True,2006_publishedoutput200tcm772274163.xls
2006-09-01,E12000006,East of England,3724,2006,True,2006_publishedoutput200tcm772274163.xls
2006-10-01,E12000006,East of England,4075,2006,True,2006_publishedoutput200tcm772274163.xls
2006-11-01,E12000006,East of England,4379,2006,True,2006_publishedoutput200tcm772274163.xls
2006-12-01,E12000006,East of England,4229,2006,True,2006_publishedoutput200tcm772274163.xls
2007-01-01,E12000006,East of England,5227,2007,True,2007_publishedoutput200tcm772274233.xls
2007-02-01,E12000006,East of England,4475,2007,True,2007_publishedoutput200tcm772274233.xls
2007-03-01,E12000006,East of England,4520,2007,True,2007_publishedoutput200tcm772274233.xls
2007-04-01,E12000006,East of England,4215,2007,True,2007_publishedoutput200tcm772274233.xls
2007-05-01,E12000006,East of England,4321,2007,True,2007_publishedoutput200tcm772274233.xls
2007-06-01,E12000006,East of England,3789,2007,True,2007_publishedoutput200tcm772274233.xls
2007-07-01,E12000006,East of England,4051,2007,True,2007_publishedoutput200tcm772274233.xls
2007-08-01,E12000006,East of England,4028,2007,True,2007_publishedoutput200tcm772274233.xls
2007-09-01,E12000006,East of England,3652,2007,True,2007_publishedoutput200tcm772274233.xls
2007-10-01,E12000006,East of England,4375,2007,True,2007_publishedoutput200tcm772274233.xls
2007-11-01,E12000006,East of England,4346,2007,True,2007_publishedoutput200tcm772274233.xls
2007-12-01,E12000006,East of England,4564,2007,True,2007_publishedoutput200tcm772274233.xls
2008-01-01,E12000006,East of England,5330,2008,True,2008_publishedoutput200tcm772274292.xls
2008-02-01,E12000006,East of England,4450,2008,True,2008_publishedoutput200tcm772274292.xls
2008-03-01,E12000006,East of England,4421,2008,True,2008_publishedoutput200tcm772274292.xls
2008-04-01,E12000006,East of England,4832,2008,True,2008_publishedoutput200tcm772274292.xls
2008-05-01,E12000006,East of England,4141,2008,True,2008_publishedoutput200tcm772274292.xls
2008-06-01,E12000006,East of England,3842,2008,True,2008_publishedoutput200tcm772274292.xls
2008-07-01,E12000006,East of England,4077,2008,True,2008_publishedoutput200tcm772274292.xls
2008-08-01,E12000006,East of England,3570,2008,True,2008_publishedoutput200tcm772274292.xls
2008-09-01,E12000006,East of England,4064,2008,True,2008_publishedoutput200tcm772274292.xls
2008-10-01,E12000006,East of England,4501,2008,True,2008_publishedoutput200tcm772274292.xls
2008-11-01,E12000006,East of England,4038,2008,True,2008_publishedoutput200tcm772274292.xls
2008-12-01,E12000006,East of England,5423,2008,True,2008_publishedoutput200tcm772274292.xls
2009-01-01,E12000006,East of England,5738,2009,True,2009_publishedoutput200tcm772274362.xls
2009-02-01,E12000006,East of England,4298,2009,True,2009_publishedoutput200tcm772274362.xls
2009-03-01,E12000006,East of England,4487,2009,True,2009_publishedoutput200tcm772274362.xls
2009-04-01,E12000006,East of England,4214,2009,True,2009_publishedoutput200tcm772274362.xls
2009-05-01,E12000006,East of England,3775,2009,True,2009_publishedoutput200tcm772274362.xls
2009-06-01,E12000006,East of England,4012,2009,True,2009_publishedoutput200tcm772274362.xls
2009-07-01,E12000006,East of England,3959,2009,True,2009_publishedoutput200tcm772274362.xls
2009-08-01,E12000006,East of England,3453,2009,True,2009_publishedoutput200tcm772274362.xls
2009-09-01,E12000006,East of England,4077,2009,True,2009_publishedoutput200tcm772274362.xls
2009-10-01,E12000006,East of England,4095,2009,True,2009_publishedoutput200tcm772274362.xls
2009-11-01,E12000006,East of England,4224,2009,True,2009_publishedoutput200tcm772274362.xls
2009-12-01,E12000006,East of England,4734,2009,True,2009_publishedoutput200tcm772274362.xls
2010-01-01,E12000006,East of England,4999,2010,True,2010_publishedoutputfeb021tcm772274383.xls
2010-02-01,E12000006,East of England,4437,2010,True,2010_publishedoutputfeb021tcm772274383.xls
2010-03-01,E12000006,East of England,4781,2010,True,2010_publishedoutputfeb021tcm772274383.xls
2010-04-01,E12000006,East of England,4374,2010,True,2010_publishedoutputfeb021tcm772274383.xls
2010-05-01,E12000006,East of England,3843,2010,True,2010_publishedoutputfeb021tcm772274383.xls
2010-06-01,E12000006,East of England,4220,2010,True,2010_publishedoutputfeb021tcm772274383.xls
2010-07-01,E12000006,East of England,3832,2010,True,2010_publishedoutputfeb021tcm772274383.xls
2010-08-01,E12000006,East of England,3688,2010,True,2010_publishedoutputfeb021tcm772274383.xls
2010-09-01,E12000006,East of England,4030,2010,True,2010_publishedoutputfeb021tcm772274383.xls
2010-10-01,E12000006,East of England,4138,2010,True,2010_publishedoutputfeb021tcm772274383.xls
2010-11-01,E12000006,East of England,4421,2010,True,2010_publishedoutputfeb021tcm772274383.xls
2010-12-01,E12000006,East of England,5013,2010,True,2010_publishedoutputfeb021tcm772274383.xls
2011-01-01,E12000006,East of England,5041,2011,True,2011_publishedoutput2011finaltcm772738151.xls
2011-02-01,E12000006,East of England,4086,2011,True,2011_publishedoutput2011finaltcm772738151.xls
2011-03-01,E12000006,East of England,4681,2011,True,2011_publishedoutput2011finaltcm772738151.xls
2011-04-01,E12000006,East of England,3892,2011,True,2011_publishedoutput2011finaltcm772738151.xls
2011-05-01,E12000006,East of England,4185,2011,True,2011_publishedoutput2011finaltcm772738151.xls
2011-06-01,E12000006,East of England,4248,2011,True,2011_publishedoutput2011finaltcm772738151.xls
2011-07-01,E12000006,East of England,3718,2011,True,2011_publishedoutput2011finaltcm772738151.xls
2011-08-01,E12000006,East of England,3963,2011,True,2011_publishedoutput2011finaltcm772738151.xls
2011-09-01,E12000006,East of England,4049,2011,True,2011_publishedoutput2011finaltcm772738151.xls
2011-10-01,E12000006,East of England,3872,2011,True,2011_publishedoutput2011finaltcm772738151.xls
2011-11-01,E12000006,East of England,4248,2011,True,2011_publishedoutput2011finaltcm772738151.xls
2011-12-01,E12000006,East of England,4578,2011,True,2011_publishedoutput2011finaltcm772738151.xls
2012-01-01,E12000006,East of England,4862,2012,True,2012_publishedoutput2012finaltcm773197501.xls
2012-02-01,E12000006,East of England,4779,2012,True,2012_publishedoutput2012finaltcm773197501.xls
2012-03-01,E12000006,East of England,4815,2012,True,2012_publishedoutput2012finaltcm773197501.xls
2012-04-01,E12000006,East of England,4469,2012,True,2012_publishedoutput2012finaltcm773197501.xls
2012-05-01,E12000006,East of England,4644,2012,True,2012_publishedoutput2012finaltcm773197501.xls
2012-06-01,E12000006,East of England,3810,2012,True,2012_publishedoutput2012finaltcm773197501.xls
2012-07-01,E12000006,East of England,4084,2012,True,2012_publishedoutput2012finaltcm773197501.xls
2012-08-01,E12000006,East of England,4186,2012,True,2012_publishedoutput2012finaltcm773197501.xls
2012-09-01,E12000006,East of England,3604,2012,True,2012_publishedoutput2012finaltcm773197501.xls
2012-10-01,E12000006,East of England,4466,2012,True,2012_publishedoutput2012finaltcm773197501.xls
2012-11-01,E12000006,East of England,4449,2012,True,2012_publishedoutput2012finaltcm773197501.xls
2012-12-01,E12000006,East of England,4415,2012,True,2012_publishedoutput2012finaltcm773197501.xls
2013-01-01,E12000006,East of England,5584,2013,True,2013_publishedoutput2013finaltcm773717241.xls
2013-02-01,E12000006,East of England,4581,2013,True,2013_publishedoutput2013finaltcm773717241.xls
2013-03-01,E12000006,East of England,4656,2013,True,2013_publishedoutput2013finaltcm773717241.xls
2013-04-01,E12000006,East of England,5180,2013,True,2013_publishedoutput2013finaltcm773717241.xls
2013-05-01,E12000006,East of England,4474,2013,True,2013_publishedoutput2013finaltcm773717241.xls
2013-06-01,E12000006,East of England,3972,2013,True,2013_publishedoutput2013finaltcm773717241.xls
2013-07-01,E12000006,East of England,4109,2013,True,2013_publishedoutput2013finaltcm773717241.xls
2013-08-01,E12000006,East of England,3684,2013,True,2013_publishedoutput2013finaltcm773717241.xls
2013-09-01,E12000006,East of England,3886,2013,True,2013_publishedoutput2013finaltcm773717241.xls
2013-10-01,E12000006,East of England,4544,2013,True,2013_publishedoutput2013finaltcm773717241.xls
2013-11-01,E12000006,East of England,4172,2013,True,2013_publishedoutput2013finaltcm773717241.xls
2013-12-01,E12000006,East of England,4427,2013,True,2013_publishedoutput2013finaltcm773717241.xls
2014-01-01,E12000006,East of England,5193,2014,True,2014_publishedoutput2014finaltcm774115982.xls
2014-02-01,E12000006,East of England,4441,2014,True,2014_publishedoutput2014finaltcm774115982.xls
2014-03-01,E12000006,East of England,4282,2014,True,2014_publishedoutput2014finaltcm774115982.xls
2014-04-01,E12000006,East of England,4393,2014,True,2014_publishedoutput2014finaltcm774115982.xls
2014-05-01,E12000006,East of England,4110,2014,True,2014_publishedoutput2014finaltcm774115982.xls
2014-06-01,E12000006,East of England,4173,2014,True,2014_publishedoutput2014finaltcm774115982.xls
2014-07-01,E12000006,East of England,4471,2014,True,2014_publishedoutput2014finaltcm774115982.xls
2014-08-01,E12000006,East of England,3768,2014,True,2014_publishedoutput2014finaltcm774115982.xls
2014-09-01,E12000006,East of England,4407,2014,True,2014_publishedoutput2014finaltcm774115982.xls
2014-10-01,E12000006,East of England,4555,2014,True,2014_publishedoutput2014finaltcm774115982.xls
2014-11-01,E12000006,East of England,4293,2014,True,2014_publishedoutput2014finaltcm774115982.xls
2014-12-01,E12000006,East of England,5150,2014,True,2014_publishedoutput2014finaltcm774115982.xls
2015-01-01,E12000006,East of England,6681,2015,True,2015_publishedoutput2015final.xls
2015-02-01,E12000006,East of England,5209,2015,True,2015_publishedoutput2015final.xls
2015-03-01,E12000006,East of England,5144,2015,True,2015_publishedoutput2015final.xls
2015-04-01,E12000006,East of England,4784,2015,True,2015_publishedoutput2015final.xls
2015-05-01,E12000006,East of England,4055,2015,True,2015_publishedoutput2015final.xls
2015-06-01,E12000006,East of England,4578,2015,True,2015_publishedoutput2015final.xls
2015-07-01,E12000006,East of England,4337,2015,True,2015_publishedoutput2015final.xls
2015-08-01,E12000006,East of England,3856,2015,True,2015_publishedoutput2015final.xls
2015-09-01,E12000006,East of England,4295,2015,True,2015_publishedoutput2015final.xls
2015-10-01,E12000006,East of England,4583,2015,True,2015_publishedoutput2015final.xls
2015-11-01,E12000006,East of England,4350,2015,True,2015_publishedoutput2015final.xls
2015-12-01,E12000006,East of England,4535,2015,True,2015_publishedoutput2015final.xls
2016-01-01,E12000006,East of England,5133,2016,True,2016_publishedoutput2016final.xls
2016-02-01,E12000006,East of England,4806,2016,True,2016_publishedoutput2016final.xls
2016-03-01,E12000006,East of England,5098,2016,True,2016_publishedoutput2016final.xls
2016-04-01,E12000006,East of England,4980,2016,True,2016_publishedoutput2016final.xls
2016-05-01,E12000006,East of England,4607,2016,True,2016_publishedoutput2016final.xls
2016-06-01,E12000006,East of England,4509,2016,True,2016_publishedoutput2016final.xls
2016-07-01,E12000006,East of England,4179,2016,True,2016_publishedoutput2016final.xls
2016-08-01,E12000006,East of England,4461,2016,True,2016_publishedoutput2016final.xls
2016-09-01,E12000006,East of England,4298,2016,True,2016_publishedoutput2016final.xls
2016-10-01,E12000006,East of England,4256,2016,True,2016_publishedoutput2016final.xls
2016-11-01,E12000006,East of England,5060,2016,True,2016_publishedoutput2016final.xls
2016-12-01,E12000006,East of England,4747,2016,True,2016_publishedoutput2016final.xls
2017-01-01,E12000006,East of England,6203,2017,True,2017_publishedoutputannual2017final.xls
2017-02-01,E12000006,East of England,5365,2017,True,2017_publishedoutputannual2017final.xls
2017-03-01,E12000006,East of England,5396,2017,True,2017_publishedoutputannual2017final.xls
2017-04-01,E12000006,East of England,4138,2017,True,2017_publishedoutputannual2017final.xls
2017-05-01,E12000006,East of England,4750,2017,True,2017_publishedoutputannual2017final.xls
2017-06-01,E12000006,East of England,4449,2017,True,2017_publishedoutputannual2017final.xls
2017-07-01,E12000006,East of England,4126,2017,True,2017_publishedoutputannual2017final.xls
2017-08-01,E12000006,East of England,4422,2017,True,2017_publishedoutputannual2017final.xls
2017-09-01,E12000006,East of England,4445,2017,True,2017_publishedoutputannual2017final.xls
2017-10-01,E12000006,East of England,4701,2017,True,2017_publishedoutputannual2017final.xls
2017-11-01,E12000006,East of England,4979,2017,True,2017_publishedoutputannual2017final.xls
2017-12-01,E12000006,East of England,4788,2017,True,2017_publishedoutputannual2017final.xls
2018-01-01,E12000006,East of England,7110,2018,True,2018_publishedannual2018.xls
2018-02-01,E12000006,East of England,5256,2018,True,2018_publishedannual2018.xls
2018-03-01,E12000006,East of England,5470,2018,True,2018_publishedannual2018.xls
2018-04-01,E12000006,East of England,5281,2018,True,2018_publishedannual2018.xls
2018-05-01,E12000006,East of England,4664,2018,True,2018_publishedannual2018.xls
2018-06-01,E12000006,East of England,4351,2018,True,2018_publishedannual2018.xls
2018-07-01,E12000006,East of England,4352,2018,True,2018_publishedannual2018.xls
2018-08-01,E12000006,East of England,4445,2018,True,2018_publishedannual2018.xls
2018-09-01,E12000006,East of England,3942,2018,True,2018_publishedannual2018.xls
2018-10-01,E12000006,East of England,4772,2018,True,2018_publishedannual2018.xls
2018-11-01,E12000006,East of England,4738,2018,True,2018_publishedannual2018.xls
2018-12-01,E12000006,East of England,4307,2018,True,2018_publishedannual2018.xls
2019-01-01,E12000006,East of England,5867,2019,True,2019_annual2019publishedoutputrefresh.xls
2019-02-01,E12000006,East of England,5078,2019,True,2019_annual2019publishedoutputrefresh.xls
2019-03-01,E12000006,East of England,4735,2019,True,2019_annual2019publishedoutputrefresh.xls
2019-04-01,E12000006,East of England,5010,2019,True,2019_annual2019publishedoutputrefresh.xls
2019-05-01,E12000006,East of England,4637,2019,True,2019_annual2019publishedoutputrefresh.xls
2019-06-01,E12000006,East of England,4032,2019,True,2019_annual2019publishedoutputrefresh.xls
2019-07-01,E12000006,East of England,4635,2019,True,2019_annual2019publishedoutputrefresh.xls
2019-08-01,E12000006,East of England,4111,2019,True,2019_annual2019publishedoutputrefresh.xls
2019-09-01,E12000006,East of England,4459,2019,True,2019_annual2019publishedoutputrefresh.xls
2019-10-01,E12000006,East of England,4988,2019,True,2019_annual2019publishedoutputrefresh.xls
2019-11-01,E12000006,East of England,4754,2019,True,2019_annual2019publishedoutputrefresh.xls
2019-12-01,E12000006,East of England,4893,2019,True,2019_annual2019publishedoutputrefresh.xls
2020-01-01,E12000006,East of England,6310,2020,True,2020_annual2020publishedoutputrefresh.xls
2020-02-01,E12000006,East of England,4720,2020,True,2020_annual2020publishedoutputrefresh.xls
2020-03-01,E12000006,East of England,5181,2020,True,2020_annual2020publishedoutputrefresh.xls
2020-04-01,E12000006,East of England,9514,2020,True,2020_annual2020publishedoutputrefresh.xls
2020-05-01,E12000006,East of England,5707,2020,True,2020_annual2020publishedoutputrefresh.xls
2020-06-01,E12000006,East of England,4301,2020,True,2020_annual2020publishedoutputrefresh.xls
2020-07-01,E12000006,East of England,4432,2020,True,2020_annual2020publishedoutputrefresh.xls
2020-08-01,E12000006,East of England,3947,2020,True,2020_annual2020publishedoutputrefresh.xls
2020-09-01,E12000006,East of England,4433,2020,True,2020_annual2020publishedoutputrefresh.xls
2020-10-01,E12000006,East of England,4800,2020,True,2020_annual2020publishedoutputrefresh.xls
2020-11-01,E12000006,East of England,4936,2020,True,2020_annual2020publishedoutputrefresh.xls
2020-12-01,E12000006,East of England,5692,2020,True,2020_annual2020publishedoutputrefresh.xls
2021-01-01,E12000006,East of England,9014,2021,True,2021_deathsregisteredmonthly2021finalised.xlsx
2021-02-01,E12000006,East of England,6985,2021,True,2021_deathsregisteredmonthly2021finalised.xlsx
2021-03-01,E12000006,East of England,5112,2021,True,2021_deathsregisteredmonthly2021finalised.xlsx
2021-04-01,E12000006,East of England,4453,2021,True,2021_deathsregisteredmonthly2021finalised.xlsx
2021-05-01,E12000006,East of England,3888,2021,True,2021_deathsregisteredmonthly2021finalised.xlsx
2021-06-01,E12000006,East of England,4291,2021,True,2021_deathsregisteredmonthly2021finalised.xlsx
2021-07-01,E12000006,East of England,4558,2021,True,2021_deathsregisteredmonthly2021finalised.xlsx
2021-08-01,E12000006,East of England,4428,2021,True,2021_deathsregisteredmonthly2021finalised.xlsx
2021-09-01,E12000006,East of England,4963,2021,True,2021_deathsregisteredmonthly2021finalised.xlsx
2021-10-01,E12000006,East of England,4755,2021,True,2021_deathsregisteredmonthly2021finalised.xlsx
2021-11-01,E12000006,East of England,5515,2021,True,2021_deathsregisteredmonthly2021finalised.xlsx
2021-12-01,E12000006,East of England,5636,2021,True,2021_deathsregisteredmonthly2021finalised.xlsx
2022-01-01,E12000006,East of England,5641,2022,True,2022_processorannualdeaths2022.xlsx
2022-02-01,E12000006,East of England,4842,2022,True,2022_processorannualdeaths2022.xlsx
2022-03-01,E12000006,East of England,5176,2022,True,2022_processorannualdeaths2022.xlsx
2022-04-01,E12000006,East of England,4898,2022,True,2022_processorannualdeaths2022.xlsx
2022-05-01,E12000006,East of England,5331,2022,True,2022_processorannualdeaths2022.xlsx
2022-06-01,E12000006,East of England,4863,2022,True,2022_processorannualdeaths2022.xlsx
2022-07-01,E12000006,East of England,4869,2022,True,2022_processorannualdeaths2022.xlsx
2022-08-01,E12000006,East of England,5171,2022,True,2022_processorannualdeaths2022.xlsx
2022-09-01,E12000006,East of England,4938,2022,True,2022_processorannualdeaths2022.xlsx
2022-10-01,E12000006,East of England,5114,2022,True,2022_processorannualdeaths2022.xlsx
2022-11-01,E12000006,East of England,5514,2022,True,2022_processorannualdeaths2022.xlsx
2022-12-01,E12000006,East of England,5492,2022,True,2022_processorannualdeaths2022.xlsx
2023-01-01,E12000006,East of England,7235,2023,True,2023_monthlydeathsfinalised2023.xlsx
2023-02-01,E12000006,East of England,5425,2023,True,2023_monthlydeathsfinalised2023.xlsx
2023-03-01,E12000006,East of England,5931,2023,True,2023_monthlydeathsfinalised2023.xlsx
2023-04-01,E12000006,East of England,4887,2023,True,2023_monthlydeathsfinalised2023.xlsx
2023-05-01,E12000006,East of England,5068,2023,True,2023_monthlydeathsfinalised2023.xlsx
2023-06-01,E12000006,East of England,5176,2023,True,2023_monthlydeathsfinalised2023.xlsx
2023-07-01,E12000006,East of England,4332,2023,True,2023_monthlydeathsfinalised2023.xlsx
2023-08-01,E12000006,East of England,4698,2023,True,2023_monthlydeathsfinalised2023.xlsx
2023-09-01,E12000006,East of England,4470,2023,True,2023_monthlydeathsfinalised2023.xlsx
2023-10-01,E12000006,East of England,4775,2023,True,2023_monthlydeathsfinalised2023.xlsx
2023-11-01,E12000006,East of England,5313,2023,True,2023_monthlydeathsfinalised2023.xlsx
2023-12-01,E12000006,East of England,4878,2023,True,2023_monthlydeathsfinalised2023.xlsx
2024-01-01,E12000006,East of England,6168,2024,True,2024_monthlydeaths2024final1.xlsx
2024-02-01,E12000006,East of England,5142,2024,True,2024_monthlydeaths2024final1.xlsx
2024-03-01,E12000006,East of England,4980,2024,True,2024_monthlydeaths2024final1.xlsx
2024-04-01,E12000006,East of England,5450,2024,True,2024_monthlydeaths2024final1.xlsx
2024-05-01,E12000006,East of England,5044,2024,True,2024_monthlydeaths2024final1.xlsx
2024-06-01,E12000006,East of England,4586,2024,True,2024_monthlydeaths2024final1.xlsx
2024-07-01,E12000006,East of England,5112,2024,True,2024_monthlydeaths2024final1.xlsx
2024-08-01,E12000006,East of England,4454,2024,True,2024_monthlydeaths2024final1.xlsx
2024-09-01,E12000006,East of England,4531,2024,True,2024_monthlydeaths2024final1.xlsx
2024-10-01,E12000006,East of England,5153,2024,True,2024_monthlydeaths2024final1.xlsx
2024-11-01,E12000006,East of England,4963,2024,True,2024_monthlydeaths2024final1.xlsx
2024-12-01,E12000006,East of England,5226,2024,True,2024_monthlydeaths2024final1.xlsx
2006-01-01,E12000007,London,4945,2006,True,2006_publishedoutput200tcm772274163.xls
2006-02-01,E12000007,London,4437,2006,True,2006_publishedoutput200tcm772274163.xls
2006-03-01,E12000007,London,5082,2006,True,2006_publishedoutput200tcm772274163.xls
2006-04-01,E12000007,London,3984,2006,True,2006_publishedoutput200tcm772274163.xls
2006-05-01,E12000007,London,4358,2006,True,2006_publishedoutput200tcm772274163.xls
2006-06-01,E12000007,London,4231,2006,True,2006_publishedoutput200tcm772274163.xls
2006-07-01,E12000007,London,4029,2006,True,2006_publishedoutput200tcm772274163.xls
2006-08-01,E12000007,London,4094,2006,True,2006_publishedoutput200tcm772274163.xls
2006-09-01,E12000007,London,3709,2006,True,2006_publishedoutput200tcm772274163.xls
2006-10-01,E12000007,London,4059,2006,True,2006_publishedoutput200tcm772274163.xls
2006-11-01,E12000007,London,4276,2006,True,2006_publishedoutput200tcm772274163.xls
2006-12-01,E12000007,London,4000,2006,True,2006_publishedoutput200tcm772274163.xls
2007-01-01,E12000007,London,5079,2007,True,2007_publishedoutput200tcm772274233.xls
2007-02-01,E12000007,London,4314,2007,True,2007_publishedoutput200tcm772274233.xls
2007-03-01,E12000007,London,4401,2007,True,2007_publishedoutput200tcm772274233.xls
2007-04-01,E12000007,London,4128,2007,True,2007_publishedoutput200tcm772274233.xls
2007-05-01,E12000007,London,4213,2007,True,2007_publishedoutput200tcm772274233.xls
2007-06-01,E12000007,London,3830,2007,True,2007_publishedoutput200tcm772274233.xls
2007-07-01,E12000007,London,4003,2007,True,2007_publishedoutput200tcm772274233.xls
2007-08-01,E12000007,London,3915,2007,True,2007_publishedoutput200tcm772274233.xls
2007-09-01,E12000007,London,3551,2007,True,2007_publishedoutput200tcm772274233.xls
2007-10-01,E12000007,London,4149,2007,True,2007_publishedoutput200tcm772274233.xls
2007-11-01,E12000007,London,4388,2007,True,2007_publishedoutput200tcm772274233.xls
2007-12-01,E12000007,London,4294,2007,True,2007_publishedoutput200tcm772274233.xls
2008-01-01,E12000007,London,5168,2008,True,2008_publishedoutput200tcm772274292.xls
2008-02-01,E12000007,London,4320,2008,True,2008_publishedoutput200tcm772274292.xls
2008-03-01,E12000007,London,4282,2008,True,2008_publishedoutput200tcm772274292.xls
2008-04-01,E12000007,London,4587,2008,True,2008_publishedoutput200tcm772274292.xls
2008-05-01,E12000007,London,3907,2008,True,2008_publishedoutput200tcm772274292.xls
2008-06-01,E12000007,London,3752,2008,True,2008_publishedoutput200tcm772274292.xls
2008-07-01,E12000007,London,3919,2008,True,2008_publishedoutput200tcm772274292.xls
2008-08-01,E12000007,London,3441,2008,True,2008_publishedoutput200tcm772274292.xls
2008-09-01,E12000007,London,3736,2008,True,2008_publishedoutput200tcm772274292.xls
2008-10-01,E12000007,London,4088,2008,True,2008_publishedoutput200tcm772274292.xls
2008-11-01,E12000007,London,4018,2008,True,2008_publishedoutput200tcm772274292.xls
2008-12-01,E12000007,London,5258,2008,True,2008_publishedoutput200tcm772274292.xls
2009-01-01,E12000007,London,5430,2009,True,2009_publishedoutput200tcm772274362.xls
2009-02-01,E12000007,London,4116,2009,True,2009_publishedoutput200tcm772274362.xls
2009-03-01,E12000007,London,4134,2009,True,2009_publishedoutput200tcm772274362.xls
2009-04-01,E12000007,London,4022,2009,True,2009_publishedoutput200tcm772274362.xls
2009-05-01,E12000007,London,3593,2009,True,2009_publishedoutput200tcm772274362.xls
2009-06-01,E12000007,London,3838,2009,True,2009_publishedoutput200tcm772274362.xls
2009-07-01,E12000007,London,3757,2009,True,2009_publishedoutput200tcm772274362.xls
2009-08-01,E12000007,London,3322,2009,True,2009_publishedoutput200tcm772274362.xls
2009-09-01,E12000007,London,3834,2009,True,2009_publishedoutput200tcm772274362.xls
2009-10-01,E12000007,London,4053,2009,True,2009_publishedoutput200tcm772274362.xls
2009-11-01,E12000007,London,3970,2009,True,2009_publishedoutput200tcm772274362.xls
2009-12-01,E12000007,London,4482,2009,True,2009_publishedoutput200tcm772274362.xls
2010-01-01,E12000007,London,4772,2010,True,2010_publishedoutputfeb021tcm772274383.xls
2010-02-01,E12000007,London,4111,2010,True,2010_publishedoutputfeb021tcm772274383.xls
2010-03-01,E12000007,London,4328,2010,True,2010_publishedoutputfeb021tcm772274383.xls
2010-04-01,E12000007,London,3951,2010,True,2010_publishedoutputfeb021tcm772274383.xls
2010-05-01,E12000007,London,3629,2010,True,2010_publishedoutputfeb021tcm772274383.xls
2010-06-01,E12000007,London,3932,2010,True,2010_publishedoutputfeb021tcm772274383.xls
2010-07-01,E12000007,London,3716,2010,True,2010_publishedoutputfeb021tcm772274383.xls
2010-08-01,E12000007,London,3529,2010,True,2010_publishedoutputfeb021tcm772274383.xls
2010-09-01,E12000007,London,3804,2010,True,2010_publishedoutputfeb021tcm772274383.xls
2010-10-01,E12000007,London,3848,2010,True,2010_publishedoutputfeb021tcm772274383.xls
2010-11-01,E12000007,London,4024,2010,True,2010_publishedoutputfeb021tcm772274383.xls
2010-12-01,E12000007,London,4653,2010,True,2010_publishedoutputfeb021tcm772274383.xls
2011-01-01,E12000007,London,4783,2011,True,2011_publishedoutput2011finaltcm772738151.xls
2011-02-01,E12000007,London,3733,2011,True,2011_publishedoutput2011finaltcm772738151.xls
2011-03-01,E12000007,London,4197,2011,True,2011_publishedoutput2011finaltcm772738151.xls
2011-04-01,E12000007,London,3593,2011,True,2011_publishedoutput2011finaltcm772738151.xls
2011-05-01,E12000007,London,3734,2011,True,2011_publishedoutput2011finaltcm772738151.xls
2011-06-01,E12000007,London,3839,2011,True,2011_publishedoutput2011finaltcm772738151.xls
2011-07-01,E12000007,London,3448,2011,True,2011_publishedoutput2011finaltcm772738151.xls
2011-08-01,E12000007,London,3891,2011,True,2011_publishedoutput2011finaltcm772738151.xls
2011-09-01,E12000007,London,3755,2011,True,2011_publishedoutput2011finaltcm772738151.xls
2011-10-01,E12000007,London,3593,2011,True,2011_publishedoutput2011finaltcm772738151.xls
2011-11-01,E12000007,London,3890,2011,True,2011_publishedoutput2011finaltcm772738151.xls
2011-12-01,E12000007,London,4229,2011,True,2011_publishedoutput2011finaltcm772738151.xls
2012-01-01,E12000007,London,4603,2012,True,2012_publishedoutput2012finaltcm773197501.xls
2012-02-01,E12000007,London,4626,2012,True,2012_publishedoutput2012finaltcm773197501.xls
2012-03-01,E12000007,London,4300,2012,True,2012_publishedoutput2012finaltcm773197501.xls
2012-04-01,E12000007,London,3908,2012,True,2012_publishedoutput2012finaltcm773197501.xls
2012-05-01,E12000007,London,4109,2012,True,2012_publishedoutput2012finaltcm773197501.xls
2012-06-01,E12000007,London,3454,2012,True,2012_publishedoutput2012finaltcm773197501.xls
2012-07-01,E12000007,London,3743,2012,True,2012_publishedoutput2012finaltcm773197501.xls
2012-08-01,E12000007,London,3630,2012,True,2012_publishedoutput2012finaltcm773197501.xls
2012-09-01,E12000007,London,3276,2012,True,2012_publishedoutput2012finaltcm773197501.xls
2012-10-01,E12000007,London,4128,2012,True,2012_publishedoutput2012finaltcm773197501.xls
2012-11-01,E12000007,London,4089,2012,True,2012_publishedoutput2012finaltcm773197501.xls
2012-12-01,E12000007,London,4032,2012,True,2012_publishedoutput2012finaltcm773197501.xls
2013-01-01,E12000007,London,4957,2013,True,2013_publishedoutput2013finaltcm773717241.xls
2013-02-01,E12000007,London,4239,2013,True,2013_publishedoutput2013finaltcm773717241.xls
2013-03-01,E12000007,London,4171,2013,True,2013_publishedoutput2013finaltcm773717241.xls
2013-04-01,E12000007,London,4619,2013,True,2013_publishedoutput2013finaltcm773717241.xls
2013-05-01,E12000007,London,3954,2013,True,2013_publishedoutput2013finaltcm773717241.xls
2013-06-01,E12000007,London,3421,2013,True,2013_publishedoutput2013finaltcm773717241.xls
2013-07-01,E12000007,London,3784,2013,True,2013_publishedoutput2013finaltcm773717241.xls
2013-08-01,E12000007,London,3275,2013,True,2013_publishedoutput2013finaltcm773717241.xls
2013-09-01,E12000007,London,3431,2013,True,2013_publishedoutput2013finaltcm773717241.xls
2013-10-01,E12000007,London,4011,2013,True,2013_publishedoutput2013finaltcm773717241.xls
2013-11-01,E12000007,London,3758,2013,True,2013_publishedoutput2013finaltcm773717241.xls
2013-12-01,E12000007,London,3960,2013,True,2013_publishedoutput2013finaltcm773717241.xls
2014-01-01,E12000007,London,4548,2014,True,2014_publishedoutput2014finaltcm774115982.xls
2014-02-01,E12000007,London,3839,2014,True,2014_publishedoutput2014finaltcm774115982.xls
2014-03-01,E12000007,London,4024,2014,True,2014_publishedoutput2014finaltcm774115982.xls
2014-04-01,E12000007,London,3889,2014,True,2014_publishedoutput2014finaltcm774115982.xls
2014-05-01,E12000007,London,3846,2014,True,2014_publishedoutput2014finaltcm774115982.xls
2014-06-01,E12000007,London,3607,2014,True,2014_publishedoutput2014finaltcm774115982.xls
2014-07-01,E12000007,London,3838,2014,True,2014_publishedoutput2014finaltcm774115982.xls
2014-08-01,E12000007,London,3408,2014,True,2014_publishedoutput2014finaltcm774115982.xls
2014-09-01,E12000007,London,3908,2014,True,2014_publishedoutput2014finaltcm774115982.xls
2014-10-01,E12000007,London,4063,2014,True,2014_publishedoutput2014finaltcm774115982.xls
2014-11-01,E12000007,London,3736,2014,True,2014_publishedoutput2014finaltcm774115982.xls
2014-12-01,E12000007,London,4877,2014,True,2014_publishedoutput2014finaltcm774115982.xls
2015-01-01,E12000007,London,5458,2015,True,2015_publishedoutput2015final.xls
2015-02-01,E12000007,London,4371,2015,True,2015_publishedoutput2015final.xls
2015-03-01,E12000007,London,4781,2015,True,2015_publishedoutput2015final.xls
2015-04-01,E12000007,London,4278,2015,True,2015_publishedoutput2015final.xls
2015-05-01,E12000007,London,3662,2015,True,2015_publishedoutput2015final.xls
2015-06-01,E12000007,London,4021,2015,True,2015_publishedoutput2015final.xls
2015-07-01,E12000007,London,3838,2015,True,2015_publishedoutput2015final.xls
2015-08-01,E12000007,London,3499,2015,True,2015_publishedoutput2015final.xls
2015-09-01,E12000007,London,4066,2015,True,2015_publishedoutput2015final.xls
2015-10-01,E12000007,London,4127,2015,True,2015_publishedoutput2015final.xls
2015-11-01,E12000007,London,4046,2015,True,2015_publishedoutput2015final.xls
2015-12-01,E12000007,London,4396,2015,True,2015_publishedoutput2015final.xls
2016-01-01,E12000007,London,4421,2016,True,2016_publishedoutput2016final.xls
2016-02-01,E12000007,London,4336,2016,True,2016_publishedoutput2016final.xls
2016-03-01,E12000007,London,4652,2016,True,2016_publishedoutput2016final.xls
2016-04-01,E12000007,London,4331,2016,True,2016_publishedoutput2016final.xls
2016-05-01,E12000007,London,3797,2016,True,2016_publishedoutput2016final.xls
2016-06-01,E12000007,London,3881,2016,True,2016_publishedoutput2016final.xls
2016-07-01,E12000007,London,3544,2016,True,2016_publishedoutput2016final.xls
2016-08-01,E12000007,London,3681,2016,True,2016_publishedoutput2016final.xls
2016-09-01,E12000007,London,3819,2016,True,2016_publishedoutput2016final.xls
2016-10-01,E12000007,London,3761,2016,True,2016_publishedoutput2016final.xls
2016-11-01,E12000007,London,4210,2016,True,2016_publishedoutput2016final.xls
2016-12-01,E12000007,London,4174,2016,True,2016_publishedoutput2016final.xls
2017-01-01,E12000007,London,5470,2017,True,2017_publishedoutputannual2017final.xls
2017-02-01,E12000007,London,4489,2017,True,2017_publishedoutputannual2017final.xls
2017-03-01,E12000007,London,4232,2017,True,2017_publishedoutputannual2017final.xls
2017-04-01,E12000007,London,3672,2017,True,2017_publishedoutputannual2017final.xls
2017-05-01,E12000007,London,4049,2017,True,2017_publishedoutputannual2017final.xls
2017-06-01,E12000007,London,3880,2017,True,2017_publishedoutputannual2017final.xls
2017-07-01,E12000007,London,3482,2017,True,2017_publishedoutputannual2017final.xls
2017-08-01,E12000007,London,3919,2017,True,2017_publishedoutputannual2017final.xls
2017-09-01,E12000007,London,3673,2017,True,2017_publishedoutputannual2017final.xls
2017-10-01,E12000007,London,4113,2017,True,2017_publishedoutputannual2017final.xls
2017-11-01,E12000007,London,4224,2017,True,2017_publishedoutputannual2017final.xls
2017-12-01,E12000007,London,4209,2017,True,2017_publishedoutputannual2017final.xls
2018-01-01,E12000007,London,5704,2018,True,2018_publishedannual2018.xls
2018-02-01,E12000007,London,4558,2018,True,2018_publishedannual2018.xls
2018-03-01,E12000007,London,4686,2018,True,2018_publishedannual2018.xls
2018-04-01,E12000007,London,4329,2018,True,2018_publishedannual2018.xls
2018-05-01,E12000007,London,4018,2018,True,2018_publishedannual2018.xls
2018-06-01,E12000007,London,3664,2018,True,2018_publishedannual2018.xls
2018-07-01,E12000007,London,4007,2018,True,2018_publishedannual2018.xls
2018-08-01,E12000007,London,3857,2018,True,2018_publishedannual2018.xls
2018-09-01,E12000007,London,3477,2018,True,2018_publishedannual2018.xls
2018-10-01,E12000007,London,4163,2018,True,2018_publishedannual2018.xls
2018-11-01,E12000007,London,4042,2018,True,2018_publishedannual2018.xls
2018-12-01,E12000007,London,3891,2018,True,2018_publishedannual2018.xls
2019-01-01,E12000007,London,4900,2019,True,2019_annual2019publishedoutputrefresh.xls
2019-02-01,E12000007,London,4183,2019,True,2019_annual2019publishedoutputrefresh.xls
2019-03-01,E12000007,London,4049,2019,True,2019_annual2019publishedoutputrefresh.xls
2019-04-01,E12000007,London,4102,2019,True,2019_annual2019publishedoutputrefresh.xls
2019-05-01,E12000007,London,4007,2019,True,2019_annual2019publishedoutputrefresh.xls
2019-06-01,E12000007,London,3618,2019,True,2019_annual2019publishedoutputrefresh.xls
2019-07-01,E12000007,London,3953,2019,True,2019_annual2019publishedoutputrefresh.xls
2019-08-01,E12000007,London,3720,2019,True,2019_annual2019publishedoutputrefresh.xls
2019-09-01,E12000007,London,3793,2019,True,2019_annual2019publishedoutputrefresh.xls
2019-10-01,E12000007,London,4135,2019,True,2019_annual2019publishedoutputrefresh.xls
2019-11-01,E12000007,London,4251,2019,True,2019_annual2019publishedoutputrefresh.xls
2019-12-01,E12000007,London,4296,2019,True,2019_annual2019publishedoutputrefresh.xls
2020-01-01,E12000007,London,4989,2020,True,2020_annual2020publishedoutputrefresh.xls
2020-02-01,E12000007,London,4080,2020,True,2020_annual2020publishedoutputrefresh.xls
2020-03-01,E12000007,London,5147,2020,True,2020_annual2020publishedoutputrefresh.xls
2020-04-01,E12000007,London,12168,2020,True,2020_annual2020publishedoutputrefresh.xls
2020-05-01,E12000007,London,4797,2020,True,2020_annual2020publishedoutputrefresh.xls
2020-06-01,E12000007,London,3784,2020,True,2020_annual2020publishedoutputrefresh.xls
2020-07-01,E12000007,London,3696,2020,True,2020_annual2020publishedoutputrefresh.xls
2020-08-01,E12000007,London,3510,2020,True,2020_annual2020publishedoutputrefresh.xls
2020-09-01,E12000007,London,3852,2020,True,2020_annual2020publishedoutputrefresh.xls
2020-10-01,E12000007,London,4015,2020,True,2020_annual2020publishedoutputrefresh.xls
2020-11-01,E12000007,London,4390,2020,True,2020_annual2020publishedoutputrefresh.xls
2020-12-01,E12000007,London,5260,2020,True,2020_annual2020publishedoutputrefresh.xls
2021-01-01,E12000007,London,9267,2021,True,2021_deathsregisteredmonthly2021finalised.xlsx
2021-02-01,E12000007,London,6071,2021,True,2021_deathsregisteredmonthly2021finalised.xlsx
2021-03-01,E12000007,London,4404,2021,True,2021_deathsregisteredmonthly2021finalised.xlsx
2021-04-01,E12000007,London,3885,2021,True,2021_deathsregisteredmonthly2021finalised.xlsx
2021-05-01,E12000007,London,3491,2021,True,2021_deathsregisteredmonthly2021finalised.xlsx
2021-06-01,E12000007,London,3800,2021,True,2021_deathsregisteredmonthly2021finalised.xlsx
2021-07-01,E12000007,London,4013,2021,True,2021_deathsregisteredmonthly2021finalised.xlsx
2021-08-01,E12000007,London,3858,2021,True,2021_deathsregisteredmonthly2021finalised.xlsx
2021-09-01,E12000007,London,4480,2021,True,2021_deathsregisteredmonthly2021finalised.xlsx
2021-10-01,E12000007,London,4264,2021,True,2021_deathsregisteredmonthly2021finalised.xlsx
2021-11-01,E12000007,London,4580,2021,True,2021_deathsregisteredmonthly2021finalised.xlsx
2021-12-01,E12000007,London,4831,2021,True,2021_deathsregisteredmonthly2021finalised.xlsx
2022-01-01,E12000007,London,5076,2022,True,2022_processorannualdeaths2022.xlsx
2022-02-01,E12000007,London,4125,2022,True,2022_processorannualdeaths2022.xlsx
2022-03-01,E12000007,London,4349,2022,True,2022_processorannualdeaths2022.xlsx
2022-04-01,E12000007,London,4052,2022,True,2022_processorannualdeaths2022.xlsx
2022-05-01,E12000007,London,4260,2022,True,2022_processorannualdeaths2022.xlsx
2022-06-01,E12000007,London,4062,2022,True,2022_processorannualdeaths2022.xlsx
2022-07-01,E12000007,London,4015,2022,True,2022_processorannualdeaths2022.xlsx
2022-08-01,E12000007,London,4170,2022,True,2022_processorannualdeaths2022.xlsx
2022-09-01,E12000007,London,4127,2022,True,2022_processorannualdeaths2022.xlsx
2022-10-01,E12000007,London,4328,2022,True,2022_processorannualdeaths2022.xlsx
2022-11-01,E12000007,London,4553,2022,True,2022_processorannualdeaths2022.xlsx
2022-12-01,E12000007,London,4885,2022,True,2022_processorannualdeaths2022.xlsx
2023-01-01,E12000007,London,5771,2023,True,2023_monthlydeathsfinalised2023.xlsx
2023-02-01,E12000007,London,4431,2023,True,2023_monthlydeathsfinalised2023.xlsx
2023-03-01,E12000007,London,4932,2023,True,2023_monthlydeathsfinalised2023.xlsx
2023-04-01,E12000007,London,3859,2023,True,2023_monthlydeathsfinalised2023.xlsx
2023-05-01,E12000007,London,4207,2023,True,2023_monthlydeathsfinalised2023.xlsx
2023-06-01,E12000007,London,4339,2023,True,2023_monthlydeathsfinalised2023.xlsx
2023-07-01,E12000007,London,3686,2023,True,2023_monthlydeathsfinalised2023.xlsx
2023-08-01,E12000007,London,3990,2023,True,2023_monthlydeathsfinalised2023.xlsx
2023-09-01,E12000007,London,3968,2023,True,2023_monthlydeathsfinalised2023.xlsx
2023-10-01,E12000007,London,4052,2023,True,2023_monthlydeathsfinalised2023.xlsx
2023-11-01,E12000007,London,4447,2023,True,2023_monthlydeathsfinalised2023.xlsx
2023-12-01,E12000007,London,4267,2023,True,2023_monthlydeathsfinalised2023.xlsx
2024-01-01,E12000007,London,5253,2024,True,2024_monthlydeaths2024final1.xlsx
2024-02-01,E12000007,London,4461,2024,True,2024_monthlydeaths2024final1.xlsx
2024-03-01,E12000007,London,4037,2024,True,2024_monthlydeaths2024final1.xlsx
2024-04-01,E12000007,London,4362,2024,True,2024_monthlydeaths2024final1.xlsx
2024-05-01,E12000007,London,4264,2024,True,2024_monthlydeaths2024final1.xlsx
2024-06-01,E12000007,London,3742,2024,True,2024_monthlydeaths2024final1.xlsx
2024-07-01,E12000007,London,4207,2024,True,2024_monthlydeaths2024final1.xlsx
2024-08-01,E12000007,London,3713,2024,True,2024_monthlydeaths2024final1.xlsx
2024-09-01,E12000007,London,3827,2024,True,2024_monthlydeaths2024final1.xlsx
2024-10-01,E12000007,London,4379,2024,True,2024_monthlydeaths2024final1.xlsx
2024-11-01,E12000007,London,4082,2024,True,2024_monthlydeaths2024final1.xlsx
2024-12-01,E12000007,London,4233,2024,True,2024_monthlydeaths2024final1.xlsx
2006-01-01,E12000008,South East,7624,2006,True,2006_publishedoutput200tcm772274163.xls
2006-02-01,E12000008,South East,6560,2006,True,2006_publishedoutput200tcm772274163.xls
2006-03-01,E12000008,South East,7709,2006,True,2006_publishedoutput200tcm772274163.xls
2006-04-01,E12000008,South East,6020,2006,True,2006_publishedoutput200tcm772274163.xls
2006-05-01,E12000008,South East,6244,2006,True,2006_publishedoutput200tcm772274163.xls
2006-06-01,E12000008,South East,6083,2006,True,2006_publishedoutput200tcm772274163.xls
2006-07-01,E12000008,South East,5798,2006,True,2006_publishedoutput200tcm772274163.xls
2006-08-01,E12000008,South East,5702,2006,True,2006_publishedoutput200tcm772274163.xls
2006-09-01,E12000008,South East,5421,2006,True,2006_publishedoutput200tcm772274163.xls
2006-10-01,E12000008,South East,6042,2006,True,2006_publishedoutput200tcm772274163.xls
2006-11-01,E12000008,South East,6345,2006,True,2006_publishedoutput200tcm772274163.xls
2006-12-01,E12000008,South East,5948,2006,True,2006_publishedoutput200tcm772274163.xls
2007-01-01,E12000008,South East,7470,2007,True,2007_publishedoutput200tcm772274233.xls
2007-02-01,E12000008,South East,6488,2007,True,2007_publishedoutput200tcm772274233.xls
2007-03-01,E12000008,South East,6508,2007,True,2007_publishedoutput200tcm772274233.xls
2007-04-01,E12000008,South East,6090,2007,True,2007_publishedoutput200tcm772274233.xls
2007-05-01,E12000008,South East,6241,2007,True,2007_publishedoutput200tcm772274233.xls
2007-06-01,E12000008,South East,5669,2007,True,2007_publishedoutput200tcm772274233.xls
2007-07-01,E12000008,South East,5920,2007,True,2007_publishedoutput200tcm772274233.xls
2007-08-01,E12000008,South East,5929,2007,True,2007_publishedoutput200tcm772274233.xls
2007-09-01,E12000008,South East,5236,2007,True,2007_publishedoutput200tcm772274233.xls
2007-10-01,E12000008,South East,6520,2007,True,2007_publishedoutput200tcm772274233.xls
2007-11-01,E12000008,South East,6483,2007,True,2007_publishedoutput200tcm772274233.xls
2007-12-01,E12000008,South East,6665,2007,True,2007_publishedoutput200tcm772274233.xls
2008-01-01,E12000008,South East,7832,2008,True,2008_publishedoutput200tcm772274292.xls
2008-02-01,E12000008,South East,6294,2008,True,2008_publishedoutput200tcm772274292.xls
2008-03-01,E12000008,South East,6173,2008,True,2008_publishedoutput200tcm772274292.xls
2008-04-01,E12000008,South East,6871,2008,True,2008_publishedoutput200tcm772274292.xls
2008-05-01,E12000008,South East,5897,2008,True,2008_publishedoutput200tcm772274292.xls
2008-06-01,E12000008,South East,5685,2008,True,2008_publishedoutput200tcm772274292.xls
2008-07-01,E12000008,South East,5864,2008,True,2008_publishedoutput200tcm772274292.xls
2008-08-01,E12000008,South East,5268,2008,True,2008_publishedoutput200tcm772274292.xls
2008-09-01,E12000008,South East,5903,2008,True,2008_publishedoutput200tcm772274292.xls
2008-10-01,E12000008,South East,6385,2008,True,2008_publishedoutput200tcm772274292.xls
2008-11-01,E12000008,South East,5847,2008,True,2008_publishedoutput200tcm772274292.xls
2008-12-01,E12000008,South East,7898,2008,True,2008_publishedoutput200tcm772274292.xls
2009-01-01,E12000008,South East,8835,2009,True,2009_publishedoutput200tcm772274362.xls
2009-02-01,E12000008,South East,6256,2009,True,2009_publishedoutput200tcm772274362.xls
2009-03-01,E12000008,South East,6328,2009,True,2009_publishedoutput200tcm772274362.xls
2009-04-01,E12000008,South East,5948,2009,True,2009_publishedoutput200tcm772274362.xls
2009-05-01,E12000008,South East,5417,2009,True,2009_publishedoutput200tcm772274362.xls
2009-06-01,E12000008,South East,5920,2009,True,2009_publishedoutput200tcm772274362.xls
2009-07-01,E12000008,South East,5662,2009,True,2009_publishedoutput200tcm772274362.xls
2009-08-01,E12000008,South East,4997,2009,True,2009_publishedoutput200tcm772274362.xls
2009-09-01,E12000008,South East,5922,2009,True,2009_publishedoutput200tcm772274362.xls
2009-10-01,E12000008,South East,5961,2009,True,2009_publishedoutput200tcm772274362.xls
2009-11-01,E12000008,South East,6107,2009,True,2009_publishedoutput200tcm772274362.xls
2009-12-01,E12000008,South East,6623,2009,True,2009_publishedoutput200tcm772274362.xls
2010-01-01,E12000008,South East,7619,2010,True,2010_publishedoutputfeb021tcm772274383.xls
2010-02-01,E12000008,South East,6293,2010,True,2010_publishedoutputfeb021tcm772274383.xls
2010-03-01,E12000008,South East,6900,2010,True,2010_publishedoutputfeb021tcm772274383.xls
2010-04-01,E12000008,South East,6106,2010,True,2010_publishedoutputfeb021tcm772274383.xls
2010-05-01,E12000008,South East,5531,2010,True,2010_publishedoutputfeb021tcm772274383.xls
2010-06-01,E12000008,South East,6098,2010,True,2010_publishedoutputfeb021tcm772274383.xls
2010-07-01,E12000008,South East,5472,2010,True,2010_publishedoutputfeb021tcm772274383.xls
2010-08-01,E12000008,South East,5501,2010,True,2010_publishedoutputfeb021tcm772274383.xls
2010-09-01,E12000008,South East,5977,2010,True,2010_publishedoutputfeb021tcm772274383.xls
2010-10-01,E12000008,South East,5917,2010,True,2010_publishedoutputfeb021tcm772274383.xls
2010-11-01,E12000008,South East,6460,2010,True,2010_publishedoutputfeb021tcm772274383.xls
2010-12-01,E12000008,South East,7283,2010,True,2010_publishedoutputfeb021tcm772274383.xls
2011-01-01,E12000008,South East,7879,2011,True,2011_publishedoutput2011finaltcm772738151.xls
2011-02-01,E12000008,South East,5966,2011,True,2011_publishedoutput2011finaltcm772738151.xls
2011-03-01,E12000008,South East,6869,2011,True,2011_publishedoutput2011finaltcm772738151.xls
2011-04-01,E12000008,South East,5545,2011,True,2011_publishedoutput2011finaltcm772738151.xls
2011-05-01,E12000008,South East,6310,2011,True,2011_publishedoutput2011finaltcm772738151.xls
2011-06-01,E12000008,South East,6141,2011,True,2011_publishedoutput2011finaltcm772738151.xls
2011-07-01,E12000008,South East,5271,2011,True,2011_publishedoutput2011finaltcm772738151.xls
2011-08-01,E12000008,South East,5804,2011,True,2011_publishedoutput2011finaltcm772738151.xls
2011-09-01,E12000008,South East,5926,2011,True,2011_publishedoutput2011finaltcm772738151.xls
2011-10-01,E12000008,South East,5748,2011,True,2011_publishedoutput2011finaltcm772738151.xls
2011-11-01,E12000008,South East,6161,2011,True,2011_publishedoutput2011finaltcm772738151.xls
2011-12-01,E12000008,South East,6515,2011,True,2011_publishedoutput2011finaltcm772738151.xls
2012-01-01,E12000008,South East,7279,2012,True,2012_publishedoutput2012finaltcm773197501.xls
2012-02-01,E12000008,South East,7021,2012,True,2012_publishedoutput2012finaltcm773197501.xls
2012-03-01,E12000008,South East,6991,2012,True,2012_publishedoutput2012finaltcm773197501.xls
2012-04-01,E12000008,South East,6399,2012,True,2012_publishedoutput2012finaltcm773197501.xls
2012-05-01,E12000008,South East,6718,2012,True,2012_publishedoutput2012finaltcm773197501.xls
2012-06-01,E12000008,South East,5468,2012,True,2012_publishedoutput2012finaltcm773197501.xls
2012-07-01,E12000008,South East,5845,2012,True,2012_publishedoutput2012finaltcm773197501.xls
2012-08-01,E12000008,South East,5881,2012,True,2012_publishedoutput2012finaltcm773197501.xls
2012-09-01,E12000008,South East,5274,2012,True,2012_publishedoutput2012finaltcm773197501.xls
2012-10-01,E12000008,South East,6705,2012,True,2012_publishedoutput2012finaltcm773197501.xls
2012-11-01,E12000008,South East,6472,2012,True,2012_publishedoutput2012finaltcm773197501.xls
2012-12-01,E12000008,South East,6526,2012,True,2012_publishedoutput2012finaltcm773197501.xls
2013-01-01,E12000008,South East,8083,2013,True,2013_publishedoutput2013finaltcm773717241.xls
2013-02-01,E12000008,South East,6611,2013,True,2013_publishedoutput2013finaltcm773717241.xls
2013-03-01,E12000008,South East,6819,2013,True,2013_publishedoutput2013finaltcm773717241.xls
2013-04-01,E12000008,South East,7652,2013,True,2013_publishedoutput2013finaltcm773717241.xls
2013-05-01,E12000008,South East,6534,2013,True,2013_publishedoutput2013finaltcm773717241.xls
2013-06-01,E12000008,South East,5539,2013,True,2013_publishedoutput2013finaltcm773717241.xls
2013-07-01,E12000008,South East,6168,2013,True,2013_publishedoutput2013finaltcm773717241.xls
2013-08-01,E12000008,South East,5620,2013,True,2013_publishedoutput2013finaltcm773717241.xls
2013-09-01,E12000008,South East,5651,2013,True,2013_publishedoutput2013finaltcm773717241.xls
2013-10-01,E12000008,South East,6419,2013,True,2013_publishedoutput2013finaltcm773717241.xls
2013-11-01,E12000008,South East,6104,2013,True,2013_publishedoutput2013finaltcm773717241.xls
2013-12-01,E12000008,South East,6578,2013,True,2013_publishedoutput2013finaltcm773717241.xls
2014-01-01,E12000008,South East,7683,2014,True,2014_publishedoutput2014finaltcm774115982.xls
2014-02-01,E12000008,South East,6266,2014,True,2014_publishedoutput2014finaltcm774115982.xls
2014-03-01,E12000008,South East,6326,2014,True,2014_publishedoutput2014finaltcm774115982.xls
2014-04-01,E12000008,South East,6359,2014,True,2014_publishedoutput2014finaltcm774115982.xls
2014-05-01,E12000008,South East,6148,2014,True,2014_publishedoutput2014finaltcm774115982.xls
2014-06-01,E12000008,South East,5981,2014,True,2014_publishedoutput2014finaltcm774115982.xls
2014-07-01,E12000008,South East,6389,2014,True,2014_publishedoutput2014finaltcm774115982.xls
2014-08-01,E12000008,South East,5432,2014,True,2014_publishedoutput2014finaltcm774115982.xls
2014-09-01,E12000008,South East,6283,2014,True,2014_publishedoutput2014finaltcm774115982.xls
2014-10-01,E12000008,South East,6540,2014,True,2014_publishedoutput2014finaltcm774115982.xls
2014-11-01,E12000008,South East,6240,2014,True,2014_publishedoutput2014finaltcm774115982.xls
2014-12-01,E12000008,South East,7324,2014,True,2014_publishedoutput2014finaltcm774115982.xls
2015-01-01,E12000008,South East,9606,2015,True,2015_publishedoutput2015final.xls
2015-02-01,E12000008,South East,7160,2015,True,2015_publishedoutput2015final.xls
2015-03-01,E12000008,South East,7140,2015,True,2015_publishedoutput2015final.xls
2015-04-01,E12000008,South East,7030,2015,True,2015_publishedoutput2015final.xls
2015-05-01,E12000008,South East,5978,2015,True,2015_publishedoutput2015final.xls
2015-06-01,E12000008,South East,6464,2015,True,2015_publishedoutput2015final.xls
2015-07-01,E12000008,South East,6117,2015,True,2015_publishedoutput2015final.xls
2015-08-01,E12000008,South East,5483,2015,True,2015_publishedoutput2015final.xls
2015-09-01,E12000008,South East,6494,2015,True,2015_publishedoutput2015final.xls
2015-10-01,E12000008,South East,6359,2015,True,2015_publishedoutput2015final.xls
2015-11-01,E12000008,South East,6319,2015,True,2015_publishedoutput2015final.xls
2015-12-01,E12000008,South East,6899,2015,True,2015_publishedoutput2015final.xls
2016-01-01,E12000008,South East,7172,2016,True,2016_publishedoutput2016final.xls
2016-02-01,E12000008,South East,6950,2016,True,2016_publishedoutput2016final.xls
2016-03-01,E12000008,South East,7464,2016,True,2016_publishedoutput2016final.xls
2016-04-01,E12000008,South East,7341,2016,True,2016_publishedoutput2016final.xls
2016-05-01,E12000008,South East,6349,2016,True,2016_publishedoutput2016final.xls
2016-06-01,E12000008,South East,6431,2016,True,2016_publishedoutput2016final.xls
2016-07-01,E12000008,South East,6010,2016,True,2016_publishedoutput2016final.xls
2016-08-01,E12000008,South East,6041,2016,True,2016_publishedoutput2016final.xls
2016-09-01,E12000008,South East,6167,2016,True,2016_publishedoutput2016final.xls
2016-10-01,E12000008,South East,6305,2016,True,2016_publishedoutput2016final.xls
2016-11-01,E12000008,South East,7262,2016,True,2016_publishedoutput2016final.xls
2016-12-01,E12000008,South East,6937,2016,True,2016_publishedoutput2016final.xls
2017-01-01,E12000008,South East,9045,2017,True,2017_publishedoutputannual2017final.xls
2017-02-01,E12000008,South East,7409,2017,True,2017_publishedoutputannual2017final.xls
2017-03-01,E12000008,South East,7406,2017,True,2017_publishedoutputannual2017final.xls
2017-04-01,E12000008,South East,5938,2017,True,2017_publishedoutputannual2017final.xls
2017-05-01,E12000008,South East,6825,2017,True,2017_publishedoutputannual2017final.xls
2017-06-01,E12000008,South East,6430,2017,True,2017_publishedoutputannual2017final.xls
2017-07-01,E12000008,South East,5836,2017,True,2017_publishedoutputannual2017final.xls
2017-08-01,E12000008,South East,6298,2017,True,2017_publishedoutputannual2017final.xls
2017-09-01,E12000008,South East,6128,2017,True,2017_publishedoutputannual2017final.xls
2017-10-01,E12000008,South East,6737,2017,True,2017_publishedoutputannual2017final.xls
2017-11-01,E12000008,South East,6866,2017,True,2017_publishedoutputannual2017final.xls
2017-12-01,E12000008,South East,6997,2017,True,2017_publishedoutputannual2017final.xls
2018-01-01,E12000008,South East,10007,2018,True,2018_publishedannual2018.xls
2018-02-01,E12000008,South East,7325,2018,True,2018_publishedannual2018.xls
2018-03-01,E12000008,South East,7796,2018,True,2018_publishedannual2018.xls
2018-04-01,E12000008,South East,7144,2018,True,2018_publishedannual2018.xls
2018-05-01,E12000008,South East,6505,2018,True,2018_publishedannual2018.xls
2018-06-01,E12000008,South East,6019,2018,True,2018_publishedannual2018.xls
2018-07-01,E12000008,South East,6158,2018,True,2018_publishedannual2018.xls
2018-08-01,E12000008,South East,6191,2018,True,2018_publishedannual2018.xls
2018-09-01,E12000008,South East,5787,2018,True,2018_publishedannual2018.xls
2018-10-01,E12000008,South East,6704,2018,True,2018_publishedannual2018.xls
2018-11-01,E12000008,South East,6691,2018,True,2018_publishedannual2018.xls
2018-12-01,E12000008,South East,6296,2018,True,2018_publishedannual2018.xls
2019-01-01,E12000008,South East,8351,2019,True,2019_annual2019publishedoutputrefresh.xls
2019-02-01,E12000008,South East,7010,2019,True,2019_annual2019publishedoutputrefresh.xls
2019-03-01,E12000008,South East,6828,2019,True,2019_annual2019publishedoutputrefresh.xls
2019-04-01,E12000008,South East,6764,2019,True,2019_annual2019publishedoutputrefresh.xls
2019-05-01,E12000008,South East,6965,2019,True,2019_annual2019publishedoutputrefresh.xls
2019-06-01,E12000008,South East,5963,2019,True,2019_annual2019publishedoutputrefresh.xls
2019-07-01,E12000008,South East,6386,2019,True,2019_annual2019publishedoutputrefresh.xls
2019-08-01,E12000008,South East,5862,2019,True,2019_annual2019publishedoutputrefresh.xls
2019-09-01,E12000008,South East,6000,2019,True,2019_annual2019publishedoutputrefresh.xls
2019-10-01,E12000008,South East,7118,2019,True,2019_annual2019publishedoutputrefresh.xls
2019-11-01,E12000008,South East,6968,2019,True,2019_annual2019publishedoutputrefresh.xls
2019-12-01,E12000008,South East,7019,2019,True,2019_annual2019publishedoutputrefresh.xls
2020-01-01,E12000008,South East,8777,2020,True,2020_annual2020publishedoutputrefresh.xls
2020-02-01,E12000008,South East,6682,2020,True,2020_annual2020publishedoutputrefresh.xls
2020-03-01,E12000008,South East,7843,2020,True,2020_annual2020publishedoutputrefresh.xls
2020-04-01,E12000008,South East,12822,2020,True,2020_annual2020publishedoutputrefresh.xls
2020-05-01,E12000008,South East,8049,2020,True,2020_annual2020publishedoutputrefresh.xls
2020-06-01,E12000008,South East,6431,2020,True,2020_annual2020publishedoutputrefresh.xls
2020-07-01,E12000008,South East,6242,2020,True,2020_annual2020publishedoutputrefresh.xls
2020-08-01,E12000008,South East,5897,2020,True,2020_annual2020publishedoutputrefresh.xls
2020-09-01,E12000008,South East,6800,2020,True,2020_annual2020publishedoutputrefresh.xls
2020-10-01,E12000008,South East,6633,2020,True,2020_annual2020publishedoutputrefresh.xls
2020-11-01,E12000008,South East,6914,2020,True,2020_annual2020publishedoutputrefresh.xls
2020-12-01,E12000008,South East,8320,2020,True,2020_annual2020publishedoutputrefresh.xls
2021-01-01,E12000008,South East,12720,2021,True,2021_deathsregisteredmonthly2021finalised.xlsx
2021-02-01,E12000008,South East,9408,2021,True,2021_deathsregisteredmonthly2021finalised.xlsx
2021-03-01,E12000008,South East,7367,2021,True,2021_deathsregisteredmonthly2021finalised.xlsx
2021-04-01,E12000008,South East,6390,2021,True,2021_deathsregisteredmonthly2021finalised.xlsx
2021-05-01,E12000008,South East,5727,2021,True,2021_deathsregisteredmonthly2021finalised.xlsx
2021-06-01,E12000008,South East,6309,2021,True,2021_deathsregisteredmonthly2021finalised.xlsx
2021-07-01,E12000008,South East,6288,2021,True,2021_deathsregisteredmonthly2021finalised.xlsx
2021-08-01,E12000008,South East,6397,2021,True,2021_deathsregisteredmonthly2021finalised.xlsx
2021-09-01,E12000008,South East,6916,2021,True,2021_deathsregisteredmonthly2021finalised.xlsx
2021-10-01,E12000008,South East,7036,2021,True,2021_deathsregisteredmonthly2021finalised.xlsx
2021-11-01,E12000008,South East,7755,2021,True,2021_deathsregisteredmonthly2021finalised.xlsx
2021-12-01,E12000008,South East,7881,2021,True,2021_deathsregisteredmonthly2021finalised.xlsx
2022-01-01,E12000008,South East,8043,2022,True,2022_processorannualdeaths2022.xlsx
2022-02-01,E12000008,South East,6952,2022,True,2022_processorannualdeaths2022.xlsx
2022-03-01,E12000008,South East,7777,2022,True,2022_processorannualdeaths2022.xlsx
2022-04-01,E12000008,South East,6738,2022,True,2022_processorannualdeaths2022.xlsx
2022-05-01,E12000008,South East,7604,2022,True,2022_processorannualdeaths2022.xlsx
2022-06-01,E12000008,South East,6894,2022,True,2022_processorannualdeaths2022.xlsx
2022-07-01,E12000008,South East,7007,2022,True,2022_processorannualdeaths2022.xlsx
2022-08-01,E12000008,South East,7409,2022,True,2022_processorannualdeaths2022.xlsx
2022-09-01,E12000008,South East,6882,2022,True,2022_processorannualdeaths2022.xlsx
2022-10-01,E12000008,South East,7682,2022,True,2022_processorannualdeaths2022.xlsx
2022-11-01,E12000008,South East,7618,2022,True,2022_processorannualdeaths2022.xlsx
2022-12-01,E12000008,South East,7631,2022,True,2022_processorannualdeaths2022.xlsx
2023-01-01,E12000008,South East,10307,2023,True,2023_monthlydeathsfinalised2023.xlsx
2023-02-01,E12000008,South East,7784,2023,True,2023_monthlydeathsfinalised2023.xlsx
2023-03-01,E12000008,South East,8265,2023,True,2023_monthlydeathsfinalised2023.xlsx
2023-04-01,E12000008,South East,6782,2023,True,2023_monthlydeathsfinalised2023.xlsx
2023-05-01,E12000008,South East,7557,2023,True,2023_monthlydeathsfinalised2023.xlsx
2023-06-01,E12000008,South East,7223,2023,True,2023_monthlydeathsfinalised2023.xlsx
2023-07-01,E12000008,South East,6360,2023,True,2023_monthlydeathsfinalised2023.xlsx
2023-08-01,E12000008,South East,6708,2023,True,2023_monthlydeathsfinalised2023.xlsx
2023-09-01,E12000008,South East,6720,2023,True,2023_monthlydeathsfinalised2023.xlsx
2023-10-01,E12000008,South East,7045,2023,True,2023_monthlydeathsfinalised2023.xlsx
2023-11-01,E12000008,South East,7506,2023,True,2023_monthlydeathsfinalised2023.xlsx
2023-12-01,E12000008,South East,7042,2023,True,2023_monthlydeathsfinalised2023.xlsx
2024-01-01,E12000008,South East,9275,2024,True,2024_monthlydeaths2024final1.xlsx
2024-02-01,E12000008,South East,8000,2024,True,2024_monthlydeaths2024final1.xlsx
2024-03-01,E12000008,South East,7047,2024,True,2024_monthlydeaths2024final1.xlsx
2024-04-01,E12000008,South East,7511,2024,True,2024_monthlydeaths2024final1.xlsx
2024-05-01,E12000008,South East,7156,2024,True,2024_monthlydeaths2024final1.xlsx
2024-06-01,E12000008,South East,6596,2024,True,2024_monthlydeaths2024final1.xlsx
2024-07-01,E12000008,South East,7148,2024,True,2024_monthlydeaths2024final1.xlsx
2024-08-01,E12000008,South East,6397,2024,True,2024_monthlydeaths2024final1.xlsx
2024-09-01,E12000008,South East,6356,2024,True,2024_monthlydeaths2024final1.xlsx
2024-10-01,E12000008,South East,7595,2024,True,2024_monthlydeaths2024final1.xlsx
2024-11-01,E12000008,South East,7176,2024,True,2024_monthlydeaths2024final1.xlsx
2024-12-01,E12000008,South East,7192,2024,True,2024_monthlydeaths2024final1.xlsx
2006-01-01,E12000009,South West,5057,2006,True,2006_publishedoutput200tcm772274163.xls
2006-02-01,E12000009,South West,4381,2006,True,2006_publishedoutput200tcm772274163.xls
2006-03-01,E12000009,South West,5195,2006,True,2006_publishedoutput200tcm772274163.xls
2006-04-01,E12000009,South West,4187,2006,True,2006_publishedoutput200tcm772274163.xls
2006-05-01,E12000009,South West,4236,2006,True,2006_publishedoutput200tcm772274163.xls
2006-06-01,E12000009,South West,4262,2006,True,2006_publishedoutput200tcm772274163.xls
2006-07-01,E12000009,South West,3878,2006,True,2006_publishedoutput200tcm772274163.xls
2006-08-01,E12000009,South West,4074,2006,True,2006_publishedoutput200tcm772274163.xls
2006-09-01,E12000009,South West,3761,2006,True,2006_publishedoutput200tcm772274163.xls
2006-10-01,E12000009,South West,4141,2006,True,2006_publishedoutput200tcm772274163.xls
2006-11-01,E12000009,South West,4418,2006,True,2006_publishedoutput200tcm772274163.xls
2006-12-01,E12000009,South West,4165,2006,True,2006_publishedoutput200tcm772274163.xls
2007-01-01,E12000009,South West,5186,2007,True,2007_publishedoutput200tcm772274233.xls
2007-02-01,E12000009,South West,4723,2007,True,2007_publishedoutput200tcm772274233.xls
2007-03-01,E12000009,South West,4771,2007,True,2007_publishedoutput200tcm772274233.xls
2007-04-01,E12000009,South West,4286,2007,True,2007_publishedoutput200tcm772274233.xls
2007-05-01,E12000009,South West,4233,2007,True,2007_publishedoutput200tcm772274233.xls
2007-06-01,E12000009,South West,4010,2007,True,2007_publishedoutput200tcm772274233.xls
2007-07-01,E12000009,South West,4130,2007,True,2007_publishedoutput200tcm772274233.xls
2007-08-01,E12000009,South West,4150,2007,True,2007_publishedoutput200tcm772274233.xls
2007-09-01,E12000009,South West,3649,2007,True,2007_publishedoutput200tcm772274233.xls
2007-10-01,E12000009,South West,4554,2007,True,2007_publishedoutput200tcm772274233.xls
2007-11-01,E12000009,South West,4492,2007,True,2007_publishedoutput200tcm772274233.xls
2007-12-01,E12000009,South West,4486,2007,True,2007_publishedoutput200tcm772274233.xls
2008-01-01,E12000009,South West,5603,2008,True,2008_publishedoutput200tcm772274292.xls
2008-02-01,E12000009,South West,4332,2008,True,2008_publishedoutput200tcm772274292.xls
2008-03-01,E12000009,South West,4209,2008,True,2008_publishedoutput200tcm772274292.xls
2008-04-01,E12000009,South West,4799,2008,True,2008_publishedoutput200tcm772274292.xls
2008-05-01,E12000009,South West,4131,2008,True,2008_publishedoutput200tcm772274292.xls
2008-06-01,E12000009,South West,3940,2008,True,2008_publishedoutput200tcm772274292.xls
2008-07-01,E12000009,South West,4229,2008,True,2008_publishedoutput200tcm772274292.xls
2008-08-01,E12000009,South West,3711,2008,True,2008_publishedoutput200tcm772274292.xls
2008-09-01,E12000009,South West,4325,2008,True,2008_publishedoutput200tcm772274292.xls
2008-10-01,E12000009,South West,4406,2008,True,2008_publishedoutput200tcm772274292.xls
2008-11-01,E12000009,South West,4198,2008,True,2008_publishedoutput200tcm772274292.xls
2008-12-01,E12000009,South West,5519,2008,True,2008_publishedoutput200tcm772274292.xls
2009-01-01,E12000009,South West,6019,2009,True,2009_publishedoutput200tcm772274362.xls
2009-02-01,E12000009,South West,4417,2009,True,2009_publishedoutput200tcm772274362.xls
2009-03-01,E12000009,South West,4455,2009,True,2009_publishedoutput200tcm772274362.xls
2009-04-01,E12000009,South West,4274,2009,True,2009_publishedoutput200tcm772274362.xls
2009-05-01,E12000009,South West,3840,2009,True,2009_publishedoutput200tcm772274362.xls
2009-06-01,E12000009,South West,4136,2009,True,2009_publishedoutput200tcm772274362.xls
2009-07-01,E12000009,South West,4081,2009,True,2009_publishedoutput200tcm772274362.xls
2009-08-01,E12000009,South West,3509,2009,True,2009_publishedoutput200tcm772274362.xls
2009-09-01,E12000009,South West,4232,2009,True,2009_publishedoutput200tcm772274362.xls
2009-10-01,E12000009,South West,4259,2009,True,2009_publishedoutput200tcm772274362.xls
2009-11-01,E12000009,South West,4172,2009,True,2009_publishedoutput200tcm772274362.xls
2009-12-01,E12000009,South West,4707,2009,True,2009_publishedoutput200tcm772274362.xls
2010-01-01,E12000009,South West,5195,2010,True,2010_publishedoutputfeb021tcm772274383.xls
2010-02-01,E12000009,South West,4384,2010,True,2010_publishedoutputfeb021tcm772274383.xls
2010-03-01,E12000009,South West,4838,2010,True,2010_publishedoutputfeb021tcm772274383.xls
2010-04-01,E12000009,South West,4319,2010,True,2010_publishedoutputfeb021tcm772274383.xls
2010-05-01,E12000009,South West,3872,2010,True,2010_publishedoutputfeb021tcm772274383.xls
2010-06-01,E12000009,South West,4160,2010,True,2010_publishedoutputfeb021tcm772274383.xls
2010-07-01,E12000009,South West,3933,2010,True,2010_publishedoutputfeb021tcm772274383.xls
2010-08-01,E12000009,South West,3862,2010,True,2010_publishedoutputfeb021tcm772274383.xls
2010-09-01,E12000009,South West,4269,2010,True,2010_publishedoutputfeb021tcm772274383.xls
2010-10-01,E12000009,South West,3967,2010,True,2010_publishedoutputfeb021tcm772274383.xls
2010-11-01,E12000009,South West,4383,2010,True,2010_publishedoutputfeb021tcm772274383.xls
2010-12-01,E12000009,South West,4967,2010,True,2010_publishedoutputfeb021tcm772274383.xls
2011-01-01,E12000009,South West,5371,2011,True,2011_publishedoutput2011finaltcm772738151.xls
2011-02-01,E12000009,South West,4107,2011,True,2011_publishedoutput2011finaltcm772738151.xls
2011-03-01,E12000009,South West,4718,2011,True,2011_publishedoutput2011finaltcm772738151.xls
2011-04-01,E12000009,South West,3871,2011,True,2011_publishedoutput2011finaltcm772738151.xls
2011-05-01,E12000009,South West,4273,2011,True,2011_publishedoutput2011finaltcm772738151.xls
2011-06-01,E12000009,South West,4323,2011,True,2011_publishedoutput2011finaltcm772738151.xls
2011-07-01,E12000009,South West,3793,2011,True,2011_publishedoutput2011finaltcm772738151.xls
2011-08-01,E12000009,South West,4088,2011,True,2011_publishedoutput2011finaltcm772738151.xls
2011-09-01,E12000009,South West,4076,2011,True,2011_publishedoutput2011finaltcm772738151.xls
2011-10-01,E12000009,South West,3889,2011,True,2011_publishedoutput2011finaltcm772738151.xls
2011-11-01,E12000009,South West,4339,2011,True,2011_publishedoutput2011finaltcm772738151.xls
2011-12-01,E12000009,South West,4534,2011,True,2011_publishedoutput2011finaltcm772738151.xls
2012-01-01,E12000009,South West,4937,2012,True,2012_publishedoutput2012finaltcm773197501.xls
2012-02-01,E12000009,South West,4705,2012,True,2012_publishedoutput2012finaltcm773197501.xls
2012-03-01,E12000009,South West,4700,2012,True,2012_publishedoutput2012finaltcm773197501.xls
2012-04-01,E12000009,South West,4377,2012,True,2012_publishedoutput2012finaltcm773197501.xls
2012-05-01,E12000009,South West,4680,2012,True,2012_publishedoutput2012finaltcm773197501.xls
2012-06-01,E12000009,South West,3965,2012,True,2012_publishedoutput2012finaltcm773197501.xls
2012-07-01,E12000009,South West,4213,2012,True,2012_publishedoutput2012finaltcm773197501.xls
2012-08-01,E12000009,South West,4210,2012,True,2012_publishedoutput2012finaltcm773197501.xls
2012-09-01,E12000009,South West,3812,2012,True,2012_publishedoutput2012finaltcm773197501.xls
2012-10-01,E12000009,South West,4612,2012,True,2012_publishedoutput2012finaltcm773197501.xls
2012-11-01,E12000009,South West,4512,2012,True,2012_publishedoutput2012finaltcm773197501.xls
2012-12-01,E12000009,South West,4357,2012,True,2012_publishedoutput2012finaltcm773197501.xls
2013-01-01,E12000009,South West,5571,2013,True,2013_publishedoutput2013finaltcm773717241.xls
2013-02-01,E12000009,South West,4654,2013,True,2013_publishedoutput2013finaltcm773717241.xls
2013-03-01,E12000009,South West,4915,2013,True,2013_publishedoutput2013finaltcm773717241.xls
2013-04-01,E12000009,South West,5423,2013,True,2013_publishedoutput2013finaltcm773717241.xls
2013-05-01,E12000009,South West,4534,2013,True,2013_publishedoutput2013finaltcm773717241.xls
2013-06-01,E12000009,South West,3789,2013,True,2013_publishedoutput2013finaltcm773717241.xls
2013-07-01,E12000009,South West,4238,2013,True,2013_publishedoutput2013finaltcm773717241.xls
2013-08-01,E12000009,South West,3867,2013,True,2013_publishedoutput2013finaltcm773717241.xls
2013-09-01,E12000009,South West,3971,2013,True,2013_publishedoutput2013finaltcm773717241.xls
2013-10-01,E12000009,South West,4561,2013,True,2013_publishedoutput2013finaltcm773717241.xls
2013-11-01,E12000009,South West,4367,2013,True,2013_publishedoutput2013finaltcm773717241.xls
2013-12-01,E12000009,South West,4646,2013,True,2013_publishedoutput2013finaltcm773717241.xls
2014-01-01,E12000009,South West,5183,2014,True,2014_publishedoutput2014finaltcm774115982.xls
2014-02-01,E12000009,South West,4351,2014,True,2014_publishedoutput2014finaltcm774115982.xls
2014-03-01,E12000009,South West,4278,2014,True,2014_publishedoutput2014finaltcm774115982.xls
2014-04-01,E12000009,South West,4404,2014,True,2014_publishedoutput2014finaltcm774115982.xls
2014-05-01,E12000009,South West,4231,2014,True,2014_publishedoutput2014finaltcm774115982.xls
2014-06-01,E12000009,South West,4085,2014,True,2014_publishedoutput2014finaltcm774115982.xls
2014-07-01,E12000009,South West,4281,2014,True,2014_publishedoutput2014finaltcm774115982.xls
2014-08-01,E12000009,South West,3820,2014,True,2014_publishedoutput2014finaltcm774115982.xls
2014-09-01,E12000009,South West,4337,2014,True,2014_publishedoutput2014finaltcm774115982.xls
2014-10-01,E12000009,South West,4627,2014,True,2014_publishedoutput2014finaltcm774115982.xls
2014-11-01,E12000009,South West,4098,2014,True,2014_publishedoutput2014finaltcm774115982.xls
2014-12-01,E12000009,South West,5273,2014,True,2014_publishedoutput2014finaltcm774115982.xls
2015-01-01,E12000009,South West,6427,2015,True,2015_publishedoutput2015final.xls
2015-02-01,E12000009,South West,5124,2015,True,2015_publishedoutput2015final.xls
2015-03-01,E12000009,South West,5304,2015,True,2015_publishedoutput2015final.xls
2015-04-01,E12000009,South West,4694,2015,True,2015_publishedoutput2015final.xls
2015-05-01,E12000009,South West,4186,2015,True,2015_publishedoutput2015final.xls
2015-06-01,E12000009,South West,4441,2015,True,2015_publishedoutput2015final.xls
2015-07-01,E12000009,South West,4383,2015,True,2015_publishedoutput2015final.xls
2015-08-01,E12000009,South West,3839,2015,True,2015_publishedoutput2015final.xls
2015-09-01,E12000009,South West,4527,2015,True,2015_publishedoutput2015final.xls
2015-10-01,E12000009,South West,4653,2015,True,2015_publishedoutput2015final.xls
2015-11-01,E12000009,South West,4326,2015,True,2015_publishedoutput2015final.xls
2015-12-01,E12000009,South West,4763,2015,True,2015_publishedoutput2015final.xls
2016-01-01,E12000009,South West,5116,2016,True,2016_publishedoutput2016final.xls
2016-02-01,E12000009,South West,5010,2016,True,2016_publishedoutput2016final.xls
2016-03-01,E12000009,South West,5412,2016,True,2016_publishedoutput2016final.xls
2016-04-01,E12000009,South West,5236,2016,True,2016_publishedoutput2016final.xls
2016-05-01,E12000009,South West,4533,2016,True,2016_publishedoutput2016final.xls
2016-06-01,E12000009,South West,4415,2016,True,2016_publishedoutput2016final.xls
2016-07-01,E12000009,South West,4323,2016,True,2016_publishedoutput2016final.xls
2016-08-01,E12000009,South West,4388,2016,True,2016_publishedoutput2016final.xls
2016-09-01,E12000009,South West,4366,2016,True,2016_publishedoutput2016final.xls
2016-10-01,E12000009,South West,4413,2016,True,2016_publishedoutput2016final.xls
2016-11-01,E12000009,South West,5039,2016,True,2016_publishedoutput2016final.xls
2016-12-01,E12000009,South West,4865,2016,True,2016_publishedoutput2016final.xls
2017-01-01,E12000009,South West,5833,2017,True,2017_publishedoutputannual2017final.xls
2017-02-01,E12000009,South West,5165,2017,True,2017_publishedoutputannual2017final.xls
2017-03-01,E12000009,South West,5134,2017,True,2017_publishedoutputannual2017final.xls
2017-04-01,E12000009,South West,4092,2017,True,2017_publishedoutputannual2017final.xls
2017-05-01,E12000009,South West,4865,2017,True,2017_publishedoutputannual2017final.xls
2017-06-01,E12000009,South West,4650,2017,True,2017_publishedoutputannual2017final.xls
2017-07-01,E12000009,South West,4149,2017,True,2017_publishedoutputannual2017final.xls
2017-08-01,E12000009,South West,4455,2017,True,2017_publishedoutputannual2017final.xls
2017-09-01,E12000009,South West,4379,2017,True,2017_publishedoutputannual2017final.xls
2017-10-01,E12000009,South West,4671,2017,True,2017_publishedoutputannual2017final.xls
2017-11-01,E12000009,South West,4942,2017,True,2017_publishedoutputannual2017final.xls
2017-12-01,E12000009,South West,4772,2017,True,2017_publishedoutputannual2017final.xls
2018-01-01,E12000009,South West,6779,2018,True,2018_publishedannual2018.xls
2018-02-01,E12000009,South West,5329,2018,True,2018_publishedannual2018.xls
2018-03-01,E12000009,South West,5552,2018,True,2018_publishedannual2018.xls
2018-04-01,E12000009,South West,5015,2018,True,2018_publishedannual2018.xls
2018-05-01,E12000009,South West,4499,2018,True,2018_publishedannual2018.xls
2018-06-01,E12000009,South West,4341,2018,True,2018_publishedannual2018.xls
2018-07-01,E12000009,South West,4310,2018,True,2018_publishedannual2018.xls
2018-08-01,E12000009,South West,4217,2018,True,2018_publishedannual2018.xls
2018-09-01,E12000009,South West,3949,2018,True,2018_publishedannual2018.xls
2018-10-01,E12000009,South West,4728,2018,True,2018_publishedannual2018.xls
2018-11-01,E12000009,South West,4691,2018,True,2018_publishedannual2018.xls
2018-12-01,E12000009,South West,4417,2018,True,2018_publishedannual2018.xls
2019-01-01,E12000009,South West,5760,2019,True,2019_annual2019publishedoutputrefresh.xls
2019-02-01,E12000009,South West,4816,2019,True,2019_annual2019publishedoutputrefresh.xls
2019-03-01,E12000009,South West,4714,2019,True,2019_annual2019publishedoutputrefresh.xls
2019-04-01,E12000009,South West,4553,2019,True,2019_annual2019publishedoutputrefresh.xls
2019-05-01,E12000009,South West,4769,2019,True,2019_annual2019publishedoutputrefresh.xls
2019-06-01,E12000009,South West,4205,2019,True,2019_annual2019publishedoutputrefresh.xls
2019-07-01,E12000009,South West,4516,2019,True,2019_annual2019publishedoutputrefresh.xls
2019-08-01,E12000009,South West,4080,2019,True,2019_annual2019publishedoutputrefresh.xls
2019-09-01,E12000009,South West,4231,2019,True,2019_annual2019publishedoutputrefresh.xls
2019-10-01,E12000009,South West,4897,2019,True,2019_annual2019publishedoutputrefresh.xls
2019-11-01,E12000009,South West,4814,2019,True,2019_annual2019publishedoutputrefresh.xls
2019-12-01,E12000009,South West,4946,2019,True,2019_annual2019publishedoutputrefresh.xls
2020-01-01,E12000009,South West,6055,2020,True,2020_annual2020publishedoutputrefresh.xls
2020-02-01,E12000009,South West,4586,2020,True,2020_annual2020publishedoutputrefresh.xls
2020-03-01,E12000009,South West,5129,2020,True,2020_annual2020publishedoutputrefresh.xls
2020-04-01,E12000009,South West,7596,2020,True,2020_annual2020publishedoutputrefresh.xls
2020-05-01,E12000009,South West,5130,2020,True,2020_annual2020publishedoutputrefresh.xls
2020-06-01,E12000009,South West,4500,2020,True,2020_annual2020publishedoutputrefresh.xls
2020-07-01,E12000009,South West,4369,2020,True,2020_annual2020publishedoutputrefresh.xls
2020-08-01,E12000009,South West,3945,2020,True,2020_annual2020publishedoutputrefresh.xls
2020-09-01,E12000009,South West,4555,2020,True,2020_annual2020publishedoutputrefresh.xls
2020-10-01,E12000009,South West,4761,2020,True,2020_annual2020publishedoutputrefresh.xls
2020-11-01,E12000009,South West,5000,2020,True,2020_annual2020publishedoutputrefresh.xls
2020-12-01,E12000009,South West,5539,2020,True,2020_annual2020publishedoutputrefresh.xls
2021-01-01,E12000009,South West,6634,2021,True,2021_deathsregisteredmonthly2021finalised.xlsx
2021-02-01,E12000009,South West,5780,2021,True,2021_deathsregisteredmonthly2021finalised.xlsx
2021-03-01,E12000009,South West,5138,2021,True,2021_deathsregisteredmonthly2021finalised.xlsx
2021-04-01,E12000009,South West,4451,2021,True,2021_deathsregisteredmonthly2021finalised.xlsx
2021-05-01,E12000009,South West,3980,2021,True,2021_deathsregisteredmonthly2021finalised.xlsx
2021-06-01,E12000009,South West,4453,2021,True,2021_deathsregisteredmonthly2021finalised.xlsx
2021-07-01,E12000009,South West,4770,2021,True,2021_deathsregisteredmonthly2021finalised.xlsx
2021-08-01,E12000009,South West,4714,2021,True,2021_deathsregisteredmonthly2021finalised.xlsx
2021-09-01,E12000009,South West,5227,2021,True,2021_deathsregisteredmonthly2021finalised.xlsx
2021-10-01,E12000009,South West,5021,2021,True,2021_deathsregisteredmonthly2021finalised.xlsx
2021-11-01,E12000009,South West,5386,2021,True,2021_deathsregisteredmonthly2021finalised.xlsx
2021-12-01,E12000009,South West,5695,2021,True,2021_deathsregisteredmonthly2021finalised.xlsx
2022-01-01,E12000009,South West,5472,2022,True,2022_processorannualdeaths2022.xlsx
2022-02-01,E12000009,South West,5032,2022,True,2022_processorannualdeaths2022.xlsx
2022-03-01,E12000009,South West,5421,2022,True,2022_processorannualdeaths2022.xlsx
2022-04-01,E12000009,South West,5134,2022,True,2022_processorannualdeaths2022.xlsx
2022-05-01,E12000009,South West,5413,2022,True,2022_processorannualdeaths2022.xlsx
2022-06-01,E12000009,South West,4735,2022,True,2022_processorannualdeaths2022.xlsx
2022-07-01,E12000009,South West,4868,2022,True,2022_processorannualdeaths2022.xlsx
2022-08-01,E12000009,South West,5221,2022,True,2022_processorannualdeaths2022.xlsx
2022-09-01,E12000009,South West,5013,2022,True,2022_processorannualdeaths2022.xlsx
2022-10-01,E12000009,South West,5223,2022,True,2022_processorannualdeaths2022.xlsx
2022-11-01,E12000009,South West,5504,2022,True,2022_processorannualdeaths2022.xlsx
2022-12-01,E12000009,South West,5510,2022,True,2022_processorannualdeaths2022.xlsx
2023-01-01,E12000009,South West,7276,2023,True,2023_monthlydeathsfinalised2023.xlsx
2023-02-01,E12000009,South West,5459,2023,True,2023_monthlydeathsfinalised2023.xlsx
2023-03-01,E12000009,South West,5864,2023,True,2023_monthlydeathsfinalised2023.xlsx
2023-04-01,E12000009,South West,4892,2023,True,2023_monthlydeathsfinalised2023.xlsx
2023-05-01,E12000009,South West,5308,2023,True,2023_monthlydeathsfinalised2023.xlsx
2023-06-01,E12000009,South West,4973,2023,True,2023_monthlydeathsfinalised2023.xlsx
2023-07-01,E12000009,South West,4410,2023,True,2023_monthlydeathsfinalised2023.xlsx
2023-08-01,E12000009,South West,4790,2023,True,2023_monthlydeathsfinalised2023.xlsx
2023-09-01,E12000009,South West,4685,2023,True,2023_monthlydeathsfinalised2023.xlsx
2023-10-01,E12000009,South West,5025,2023,True,2023_monthlydeathsfinalised2023.xlsx
2023-11-01,E12000009,South West,5360,2023,True,2023_monthlydeathsfinalised2023.xlsx
2023-12-01,E12000009,South West,4920,2023,True,2023_monthlydeathsfinalised2023.xlsx
2024-01-01,E12000009,South West,6374,2024,True,2024_monthlydeaths2024final1.xlsx
2024-02-01,E12000009,South West,5547,2024,True,2024_monthlydeaths2024final1.xlsx
2024-03-01,E12000009,South West,4894,2024,True,2024_monthlydeaths2024final1.xlsx
2024-04-01,E12000009,South West,5433,2024,True,2024_monthlydeaths2024final1.xlsx
2024-05-01,E12000009,South West,5040,2024,True,2024_monthlydeaths2024final1.xlsx
2024-06-01,E12000009,South West,4562,2024,True,2024_monthlydeaths2024final1.xlsx
2024-07-01,E12000009,South West,5057,2024,True,2024_monthlydeaths2024final1.xlsx
2024-08-01,E12000009,South West,4446,2024,True,2024_monthlydeaths2024final1.xlsx
2024-09-01,E12000009,South West,4431,2024,True,2024_monthlydeaths2024final1.xlsx
2024-10-01,E12000009,South West,5442,2024,True,2024_monthlydeaths2024final1.xlsx
2024-11-01,E12000009,South West,5013,2024,True,2024_monthlydeaths2024final1.xlsx
2024-12-01,E12000009,South West,5048,2024,True,2024_monthlydeaths2024final1.xlsx
2006-01-01,W92000004,Wales,2997,2006,True,2006_publishedoutput200tcm772274163.xls
2006-02-01,W92000004,Wales,2686,2006,True,2006_publishedoutput200tcm772274163.xls
2006-03-01,W92000004,Wales,3014,2006,True,2006_publishedoutput200tcm772274163.xls
2006-04-01,W92000004,Wales,2524,2006,True,2006_publishedoutput200tcm772274163.xls
2006-05-01,W92000004,Wales,2562,2006,True,2006_publishedoutput200tcm772274163.xls
2006-06-01,W92000004,Wales,2550,2006,True,2006_publishedoutput200tcm772274163.xls
2006-07-01,W92000004,Wales,2483,2006,True,2006_publishedoutput200tcm772274163.xls
2006-08-01,W92000004,Wales,2439,2006,True,2006_publishedoutput200tcm772274163.xls
2006-09-01,W92000004,Wales,2298,2006,True,2006_publishedoutput200tcm772274163.xls
2006-10-01,W92000004,Wales,2433,2006,True,2006_publishedoutput200tcm772274163.xls
2006-11-01,W92000004,Wales,2569,2006,True,2006_publishedoutput200tcm772274163.xls
2006-12-01,W92000004,Wales,2528,2006,True,2006_publishedoutput200tcm772274163.xls
2007-01-01,W92000004,Wales,3153,2007,True,2007_publishedoutput200tcm772274233.xls
2007-02-01,W92000004,Wales,2906,2007,True,2007_publishedoutput200tcm772274233.xls
2007-03-01,W92000004,Wales,2709,2007,True,2007_publishedoutput200tcm772274233.xls
2007-04-01,W92000004,Wales,2736,2007,True,2007_publishedoutput200tcm772274233.xls
2007-05-01,W92000004,Wales,2676,2007,True,2007_publishedoutput200tcm772274233.xls
2007-06-01,W92000004,Wales,2442,2007,True,2007_publishedoutput200tcm772274233.xls
2007-07-01,W92000004,Wales,2572,2007,True,2007_publishedoutput200tcm772274233.xls
2007-08-01,W92000004,Wales,2471,2007,True,2007_publishedoutput200tcm772274233.xls
2007-09-01,W92000004,Wales,2220,2007,True,2007_publishedoutput200tcm772274233.xls
2007-10-01,W92000004,Wales,2770,2007,True,2007_publishedoutput200tcm772274233.xls
2007-11-01,W92000004,Wales,2713,2007,True,2007_publishedoutput200tcm772274233.xls
2007-12-01,W92000004,Wales,2780,2007,True,2007_publishedoutput200tcm772274233.xls
2008-01-01,W92000004,Wales,3151,2008,True,2008_publishedoutput200tcm772274292.xls
2008-02-01,W92000004,Wales,2634,2008,True,2008_publishedoutput200tcm772274292.xls
2008-03-01,W92000004,Wales,2785,2008,True,2008_publishedoutput200tcm772274292.xls
2008-04-01,W92000004,Wales,2874,2008,True,2008_publishedoutput200tcm772274292.xls
2008-05-01,W92000004,Wales,2497,2008,True,2008_publishedoutput200tcm772274292.xls
2008-06-01,W92000004,Wales,2343,2008,True,2008_publishedoutput200tcm772274292.xls
2008-07-01,W92000004,Wales,2593,2008,True,2008_publishedoutput200tcm772274292.xls
2008-08-01,W92000004,Wales,2196,2008,True,2008_publishedoutput200tcm772274292.xls
2008-09-01,W92000004,Wales,2466,2008,True,2008_publishedoutput200tcm772274292.xls
2008-10-01,W92000004,Wales,2664,2008,True,2008_publishedoutput200tcm772274292.xls
2008-11-01,W92000004,Wales,2481,2008,True,2008_publishedoutput200tcm772274292.xls
2008-12-01,W92000004,Wales,3382,2008,True,2008_publishedoutput200tcm772274292.xls
2009-01-01,W92000004,Wales,3553,2009,True,2009_publishedoutput200tcm772274362.xls
2009-02-01,W92000004,Wales,2622,2009,True,2009_publishedoutput200tcm772274362.xls
2009-03-01,W92000004,Wales,2699,2009,True,2009_publishedoutput200tcm772274362.xls
2009-04-01,W92000004,Wales,2492,2009,True,2009_publishedoutput200tcm772274362.xls
2009-05-01,W92000004,Wales,2307,2009,True,2009_publishedoutput200tcm772274362.xls
2009-06-01,W92000004,Wales,2456,2009,True,2009_publishedoutput200tcm772274362.xls
2009-07-01,W92000004,Wales,2451,2009,True,2009_publishedoutput200tcm772274362.xls
2009-08-01,W92000004,Wales,2037,2009,True,2009_publishedoutput200tcm772274362.xls
2009-09-01,W92000004,Wales,2443,2009,True,2009_publishedoutput200tcm772274362.xls
2009-10-01,W92000004,Wales,2525,2009,True,2009_publishedoutput200tcm772274362.xls
2009-11-01,W92000004,Wales,2543,2009,True,2009_publishedoutput200tcm772274362.xls
2009-12-01,W92000004,Wales,2878,2009,True,2009_publishedoutput200tcm772274362.xls
2010-01-01,W92000004,Wales,3074,2010,True,2010_publishedoutputfeb021tcm772274383.xls
2010-02-01,W92000004,Wales,2618,2010,True,2010_publishedoutputfeb021tcm772274383.xls
2010-03-01,W92000004,Wales,2836,2010,True,2010_publishedoutputfeb021tcm772274383.xls
2010-04-01,W92000004,Wales,2532,2010,True,2010_publishedoutputfeb021tcm772274383.xls
2010-05-01,W92000004,Wales,2276,2010,True,2010_publishedoutputfeb021tcm772274383.xls
2010-06-01,W92000004,Wales,2550,2010,True,2010_publishedoutputfeb021tcm772274383.xls
2010-07-01,W92000004,Wales,2419,2010,True,2010_publishedoutputfeb021tcm772274383.xls
2010-08-01,W92000004,Wales,2204,2010,True,2010_publishedoutputfeb021tcm772274383.xls
2010-09-01,W92000004,Wales,2475,2010,True,2010_publishedoutputfeb021tcm772274383.xls
2010-10-01,W92000004,Wales,2381,2010,True,2010_publishedoutputfeb021tcm772274383.xls
2010-11-01,W92000004,Wales,2629,2010,True,2010_publishedoutputfeb021tcm772274383.xls
2010-12-01,W92000004,Wales,3203,2010,True,2010_publishedoutputfeb021tcm772274383.xls
2011-01-01,W92000004,Wales,3058,2011,True,2011_publishedoutput2011finaltcm772738151.xls
2011-02-01,W92000004,Wales,2545,2011,True,2011_publishedoutput2011finaltcm772738151.xls
2011-03-01,W92000004,Wales,2787,2011,True,2011_publishedoutput2011finaltcm772738151.xls
2011-04-01,W92000004,Wales,2347,2011,True,2011_publishedoutput2011finaltcm772738151.xls
2011-05-01,W92000004,Wales,2566,2011,True,2011_publishedoutput2011finaltcm772738151.xls
2011-06-01,W92000004,Wales,2506,2011,True,2011_publishedoutput2011finaltcm772738151.xls
2011-07-01,W92000004,Wales,2266,2011,True,2011_publishedoutput2011finaltcm772738151.xls
2011-08-01,W92000004,Wales,2359,2011,True,2011_publishedoutput2011finaltcm772738151.xls
2011-09-01,W92000004,Wales,2360,2011,True,2011_publishedoutput2011finaltcm772738151.xls
2011-10-01,W92000004,Wales,2379,2011,True,2011_publishedoutput2011finaltcm772738151.xls
2011-11-01,W92000004,Wales,2523,2011,True,2011_publishedoutput2011finaltcm772738151.xls
2011-12-01,W92000004,Wales,2730,2011,True,2011_publishedoutput2011finaltcm772738151.xls
2012-01-01,W92000004,Wales,2922,2012,True,2012_publishedoutput2012finaltcm773197501.xls
2012-02-01,W92000004,Wales,2611,2012,True,2012_publishedoutput2012finaltcm773197501.xls
2012-03-01,W92000004,Wales,2768,2012,True,2012_publishedoutput2012finaltcm773197501.xls
2012-04-01,W92000004,Wales,2668,2012,True,2012_publishedoutput2012finaltcm773197501.xls
2012-05-01,W92000004,Wales,2830,2012,True,2012_publishedoutput2012finaltcm773197501.xls
2012-06-01,W92000004,Wales,2291,2012,True,2012_publishedoutput2012finaltcm773197501.xls
2012-07-01,W92000004,Wales,2544,2012,True,2012_publishedoutput2012finaltcm773197501.xls
2012-08-01,W92000004,Wales,2489,2012,True,2012_publishedoutput2012finaltcm773197501.xls
2012-09-01,W92000004,Wales,2199,2012,True,2012_publishedoutput2012finaltcm773197501.xls
2012-10-01,W92000004,Wales,2689,2012,True,2012_publishedoutput2012finaltcm773197501.xls
2012-11-01,W92000004,Wales,2703,2012,True,2012_publishedoutput2012finaltcm773197501.xls
2012-12-01,W92000004,Wales,2788,2012,True,2012_publishedoutput2012finaltcm773197501.xls
2013-01-01,W92000004,Wales,3321,2013,True,2013_publishedoutput2013finaltcm773717241.xls
2013-02-01,W92000004,Wales,2710,2013,True,2013_publishedoutput2013finaltcm773717241.xls
2013-03-01,W92000004,Wales,2918,2013,True,2013_publishedoutput2013finaltcm773717241.xls
2013-04-01,W92000004,Wales,3278,2013,True,2013_publishedoutput2013finaltcm773717241.xls
2013-05-01,W92000004,Wales,2704,2013,True,2013_publishedoutput2013finaltcm773717241.xls
2013-06-01,W92000004,Wales,2276,2013,True,2013_publishedoutput2013finaltcm773717241.xls
2013-07-01,W92000004,Wales,2449,2013,True,2013_publishedoutput2013finaltcm773717241.xls
2013-08-01,W92000004,Wales,2263,2013,True,2013_publishedoutput2013finaltcm773717241.xls
2013-09-01,W92000004,Wales,2327,2013,True,2013_publishedoutput2013finaltcm773717241.xls
2013-10-01,W92000004,Wales,2629,2013,True,2013_publishedoutput2013finaltcm773717241.xls
2013-11-01,W92000004,Wales,2531,2013,True,2013_publishedoutput2013finaltcm773717241.xls
2013-12-01,W92000004,Wales,2732,2013,True,2013_publishedoutput2013finaltcm773717241.xls
2014-01-01,W92000004,Wales,2987,2014,True,2014_publishedoutput2014finaltcm774115982.xls
2014-02-01,W92000004,Wales,2548,2014,True,2014_publishedoutput2014finaltcm774115982.xls
2014-03-01,W92000004,Wales,2556,2014,True,2014_publishedoutput2014finaltcm774115982.xls
2014-04-01,W92000004,Wales,2690,2014,True,2014_publishedoutput2014finaltcm774115982.xls
2014-05-01,W92000004,Wales,2458,2014,True,2014_publishedoutput2014finaltcm774115982.xls
2014-06-01,W92000004,Wales,2376,2014,True,2014_publishedoutput2014finaltcm774115982.xls
2014-07-01,W92000004,Wales,2628,2014,True,2014_publishedoutput2014finaltcm774115982.xls
2014-08-01,W92000004,Wales,2221,2014,True,2014_publishedoutput2014finaltcm774115982.xls
2014-09-01,W92000004,Wales,2535,2014,True,2014_publishedoutput2014finaltcm774115982.xls
2014-10-01,W92000004,Wales,2851,2014,True,2014_publishedoutput2014finaltcm774115982.xls
2014-11-01,W92000004,Wales,2406,2014,True,2014_publishedoutput2014finaltcm774115982.xls
2014-12-01,W92000004,Wales,3183,2014,True,2014_publishedoutput2014finaltcm774115982.xls
2015-01-01,W92000004,Wales,3745,2015,True,2015_publishedoutput2015final.xls
2015-02-01,W92000004,Wales,2907,2015,True,2015_publishedoutput2015final.xls
2015-03-01,W92000004,Wales,3011,2015,True,2015_publishedoutput2015final.xls
2015-04-01,W92000004,Wales,2791,2015,True,2015_publishedoutput2015final.xls
2015-05-01,W92000004,Wales,2537,2015,True,2015_publishedoutput2015final.xls
2015-06-01,W92000004,Wales,2703,2015,True,2015_publishedoutput2015final.xls
2015-07-01,W92000004,Wales,2484,2015,True,2015_publishedoutput2015final.xls
2015-08-01,W92000004,Wales,2273,2015,True,2015_publishedoutput2015final.xls
2015-09-01,W92000004,Wales,2615,2015,True,2015_publishedoutput2015final.xls
2015-10-01,W92000004,Wales,2667,2015,True,2015_publishedoutput2015final.xls
2015-11-01,W92000004,Wales,2548,2015,True,2015_publishedoutput2015final.xls
2015-12-01,W92000004,Wales,2917,2015,True,2015_publishedoutput2015final.xls
2016-01-01,W92000004,Wales,2964,2016,True,2016_publishedoutput2016final.xls
2016-02-01,W92000004,Wales,2889,2016,True,2016_publishedoutput2016final.xls
2016-03-01,W92000004,Wales,3254,2016,True,2016_publishedoutput2016final.xls
2016-04-01,W92000004,Wales,3000,2016,True,2016_publishedoutput2016final.xls
2016-05-01,W92000004,Wales,2575,2016,True,2016_publishedoutput2016final.xls
2016-06-01,W92000004,Wales,2543,2016,True,2016_publishedoutput2016final.xls
2016-07-01,W92000004,Wales,2398,2016,True,2016_publishedoutput2016final.xls
2016-08-01,W92000004,Wales,2670,2016,True,2016_publishedoutput2016final.xls
2016-09-01,W92000004,Wales,2508,2016,True,2016_publishedoutput2016final.xls
2016-10-01,W92000004,Wales,2525,2016,True,2016_publishedoutput2016final.xls
2016-11-01,W92000004,Wales,2895,2016,True,2016_publishedoutput2016final.xls
2016-12-01,W92000004,Wales,2845,2016,True,2016_publishedoutput2016final.xls
2017-01-01,W92000004,Wales,3591,2017,True,2017_publishedoutputannual2017final.xls
2017-02-01,W92000004,Wales,2880,2017,True,2017_publishedoutputannual2017final.xls
2017-03-01,W92000004,Wales,2983,2017,True,2017_publishedoutputannual2017final.xls
2017-04-01,W92000004,Wales,2602,2017,True,2017_publishedoutputannual2017final.xls
2017-05-01,W92000004,Wales,2800,2017,True,2017_publishedoutputannual2017final.xls
2017-06-01,W92000004,Wales,2627,2017,True,2017_publishedoutputannual2017final.xls
2017-07-01,W92000004,Wales,2374,2017,True,2017_publishedoutputannual2017final.xls
2017-08-01,W92000004,Wales,2622,2017,True,2017_publishedoutputannual2017final.xls
2017-09-01,W92000004,Wales,2467,2017,True,2017_publishedoutputannual2017final.xls
2017-10-01,W92000004,Wales,2759,2017,True,2017_publishedoutputannual2017final.xls
2017-11-01,W92000004,Wales,2786,2017,True,2017_publishedoutputannual2017final.xls
2017-12-01,W92000004,Wales,2757,2017,True,2017_publishedoutputannual2017final.xls
2018-01-01,W92000004,Wales,3945,2018,True,2018_publishedannual2018.xls
2018-02-01,W92000004,Wales,3169,2018,True,2018_publishedannual2018.xls
2018-03-01,W92000004,Wales,3405,2018,True,2018_publishedannual2018.xls
2018-04-01,W92000004,Wales,2905,2018,True,2018_publishedannual2018.xls
2018-05-01,W92000004,Wales,2734,2018,True,2018_publishedannual2018.xls
2018-06-01,W92000004,Wales,2466,2018,True,2018_publishedannual2018.xls
2018-07-01,W92000004,Wales,2562,2018,True,2018_publishedannual2018.xls
2018-08-01,W92000004,Wales,2461,2018,True,2018_publishedannual2018.xls
2018-09-01,W92000004,Wales,2331,2018,True,2018_publishedannual2018.xls
2018-10-01,W92000004,Wales,2845,2018,True,2018_publishedannual2018.xls
2018-11-01,W92000004,Wales,2863,2018,True,2018_publishedannual2018.xls
2018-12-01,W92000004,Wales,2720,2018,True,2018_publishedannual2018.xls
2019-01-01,W92000004,Wales,3389,2019,True,2019_annual2019publishedoutputrefresh.xls
2019-02-01,W92000004,Wales,2848,2019,True,2019_annual2019publishedoutputrefresh.xls
2019-03-01,W92000004,Wales,2700,2019,True,2019_annual2019publishedoutputrefresh.xls
2019-04-01,W92000004,Wales,2838,2019,True,2019_annual2019publishedoutputrefresh.xls
2019-05-01,W92000004,Wales,2788,2019,True,2019_annual2019publishedoutputrefresh.xls
2019-06-01,W92000004,Wales,2331,2019,True,2019_annual2019publishedoutputrefresh.xls
2019-07-01,W92000004,Wales,2578,2019,True,2019_annual2019publishedoutputrefresh.xls
2019-08-01,W92000004,Wales,2450,2019,True,2019_annual2019publishedoutputrefresh.xls
2019-09-01,W92000004,Wales,2453,2019,True,2019_annual2019publishedoutputrefresh.xls
2019-10-01,W92000004,Wales,2874,2019,True,2019_annual2019publishedoutputrefresh.xls
2019-11-01,W92000004,Wales,2844,2019,True,2019_annual2019publishedoutputrefresh.xls
2019-12-01,W92000004,Wales,3090,2019,True,2019_annual2019publishedoutputrefresh.xls
2020-01-01,W92000004,Wales,3552,2020,True,2020_annual2020publishedoutputrefresh.xls
2020-02-01,W92000004,Wales,2749,2020,True,2020_annual2020publishedoutputrefresh.xls
2020-03-01,W92000004,Wales,3133,2020,True,2020_annual2020publishedoutputrefresh.xls
2020-04-01,W92000004,Wales,4544,2020,True,2020_annual2020publishedoutputrefresh.xls
2020-05-01,W92000004,Wales,2900,2020,True,2020_annual2020publishedoutputrefresh.xls
2020-06-01,W92000004,Wales,2692,2020,True,2020_annual2020publishedoutputrefresh.xls
2020-07-01,W92000004,Wales,2547,2020,True,2020_annual2020publishedoutputrefresh.xls
2020-08-01,W92000004,Wales,2378,2020,True,2020_annual2020publishedoutputrefresh.xls
2020-09-01,W92000004,Wales,2610,2020,True,2020_annual2020publishedoutputrefresh.xls
2020-10-01,W92000004,Wales,2992,2020,True,2020_annual2020publishedoutputrefresh.xls
2020-11-01,W92000004,Wales,3361,2020,True,2020_annual2020publishedoutputrefresh.xls
2020-12-01,W92000004,Wales,3941,2020,True,2020_annual2020publishedoutputrefresh.xls
2021-01-01,W92000004,Wales,4429,2021,True,2021_deathsregisteredmonthly2021finalised.xlsx
2021-02-01,W92000004,Wales,3197,2021,True,2021_deathsregisteredmonthly2021finalised.xlsx
2021-03-01,W92000004,Wales,2984,2021,True,2021_deathsregisteredmonthly2021finalised.xlsx
2021-04-01,W92000004,Wales,2562,2021,True,2021_deathsregisteredmonthly2021finalised.xlsx
2021-05-01,W92000004,Wales,2417,2021,True,2021_deathsregisteredmonthly2021finalised.xlsx
2021-06-01,W92000004,Wales,2560,2021,True,2021_deathsregisteredmonthly2021finalised.xlsx
2021-07-01,W92000004,Wales,2739,2021,True,2021_deathsregisteredmonthly2021finalised.xlsx
2021-08-01,W92000004,Wales,2613,2021,True,2021_deathsregisteredmonthly2021finalised.xlsx
2021-09-01,W92000004,Wales,2964,2021,True,2021_deathsregisteredmonthly2021finalised.xlsx
2021-10-01,W92000004,Wales,2992,2021,True,2021_deathsregisteredmonthly2021finalised.xlsx
2021-11-01,W92000004,Wales,3342,2021,True,2021_deathsregisteredmonthly2021finalised.xlsx
2021-12-01,W92000004,Wales,3336,2021,True,2021_deathsregisteredmonthly2021finalised.xlsx
2022-01-01,W92000004,Wales,3264,2022,True,2022_processorannualdeaths2022.xlsx
2022-02-01,W92000004,Wales,2730,2022,True,2022_processorannualdeaths2022.xlsx
2022-03-01,W92000004,Wales,3204,2022,True,2022_processorannualdeaths2022.xlsx
2022-04-01,W92000004,Wales,2895,2022,True,2022_processorannualdeaths2022.xlsx
2022-05-01,W92000004,Wales,2992,2022,True,2022_processorannualdeaths2022.xlsx
2022-06-01,W92000004,Wales,2740,2022,True,2022_processorannualdeaths2022.xlsx
2022-07-01,W92000004,Wales,2639,2022,True,2022_processorannualdeaths2022.xlsx
2022-08-01,W92000004,Wales,2931,2022,True,2022_processorannualdeaths2022.xlsx
2022-09-01,W92000004,Wales,2779,2022,True,2022_processorannualdeaths2022.xlsx
2022-10-01,W92000004,Wales,2978,2022,True,2022_processorannualdeaths2022.xlsx
2022-11-01,W92000004,Wales,3112,2022,True,2022_processorannualdeaths2022.xlsx
2022-12-01,W92000004,Wales,3430,2022,True,2022_processorannualdeaths2022.xlsx
2023-01-01,W92000004,Wales,4231,2023,True,2023_monthlydeathsfinalised2023.xlsx
2023-02-01,W92000004,Wales,2968,2023,True,2023_monthlydeathsfinalised2023.xlsx
2023-03-01,W92000004,Wales,3389,2023,True,2023_monthlydeathsfinalised2023.xlsx
2023-04-01,W92000004,Wales,2753,2023,True,2023_monthlydeathsfinalised2023.xlsx
2023-05-01,W92000004,Wales,2908,2023,True,2023_monthlydeathsfinalised2023.xlsx
2023-06-01,W92000004,Wales,2882,2023,True,2023_monthlydeathsfinalised2023.xlsx
2023-07-01,W92000004,Wales,2676,2023,True,2023_monthlydeathsfinalised2023.xlsx
2023-08-01,W92000004,Wales,2820,2023,True,2023_monthlydeathsfinalised2023.xlsx
2023-09-01,W92000004,Wales,2707,2023,True,2023_monthlydeathsfinalised2023.xlsx
2023-10-01,W92000004,Wales,2789,2023,True,2023_monthlydeathsfinalised2023.xlsx
2023-11-01,W92000004,Wales,3054,2023,True,2023_monthlydeathsfinalised2023.xlsx
2023-12-01,W92000004,Wales,2877,2023,True,2023_monthlydeathsfinalised2023.xlsx
2024-01-01,W92000004,Wales,3457,2024,True,2024_monthlydeaths2024final1.xlsx
2024-02-01,W92000004,Wales,3186,2024,True,2024_monthlydeaths2024final1.xlsx
2024-03-01,W92000004,Wales,3029,2024,True,2024_monthlydeaths2024final1.xlsx
2024-04-01,W92000004,Wales,3127,2024,True,2024_monthlydeaths2024final1.xlsx
2024-05-01,W92000004,Wales,2948,2024,True,2024_monthlydeaths2024final1.xlsx
2024-06-01,W92000004,Wales,2720,2024,True,2024_monthlydeaths2024final1.xlsx
2024-07-01,W92000004,Wales,3016,2024,True,2024_monthlydeaths2024final1.xlsx
2024-08-01,W92000004,Wales,2670,2024,True,2024_monthlydeaths2024final1.xlsx
2024-09-01,W92000004,Wales,2482,2024,True,2024_monthlydeaths2024final1.xlsx
2024-10-01,W92000004,Wales,3052,2024,True,2024_monthlydeaths2024final1.xlsx
2024-11-01,W92000004,Wales,2796,2024,True,2024_monthlydeaths2024final1.xlsx
2024-12-01,W92000004,Wales,2921,2024,True,2024_monthlydeaths2024final1.xlsx
